Date,Review,sentiment,Sentiment2,맛,서비스,양
2023-10,편안하게 술 마시기 좋아요,긍정적,긍정적,알 수 없음,긍정적,알 수 없음
2023-04,또또또간집 ㅠㅠ 너무 맛있는데 평점이 낮아서 리뷰 계속 올려보겠읍니다...! 교촌보다 더 맛있어서 기절ㅎㅎ 그래서 치킨 맨날 품절... 사장님들도 최고 친절해용! 갈때마다 감동 이빠이ㅠㅠ 알라뷰입니다!!💕,긍정적,긍정적,긍정적,긍정적,알 수 없음
2023-06,가성비 굿,긍정적,긍정적,긍정적,알 수 없음,알 수 없음
2022-12,가성비 좋아요 음식 맛있어요,긍정적,긍정적,긍정적,알 수 없음,알 수 없음
2023-03,맛나요,긍정적,긍정적,긍정적,알 수 없음,알 수 없음
2022-12,긋,부정적,긍정적,알 수 없음,알 수 없음,알 수 없음
2022-12,굳,긍정적,긍정적,긍정적,알 수 없음,알 수 없음
2022-12,치킨이 맛있어요^^,긍정적,긍정적,긍정적,알 수 없음,알 수 없음
2022-01,"음식이 맛나요.
가성비가 좋아요.",긍정적,긍정적,긍정적,알 수 없음,알 수 없음
2021-11,좋아요,긍정적,긍정적,알 수 없음,알 수 없음,알 수 없음
2021-05,굿,긍정적,긍정적,긍정적,알 수 없음,알 수 없음
2020-08,노가리 맛있어요~~,긍정적,긍정적,긍정적,알 수 없음,알 수 없음
