Date,Review,sentiment,Sentiment2,맛,서비스,양
2024-09,"비가 오고 날씨가 흐린 날엔 무조건 순대국인데, 양재역 주변에 이미 직장인 맛집들은 가봤지만, 뱅뱅사거리쪽에 위치한 집으로 가봄

저녁 시간대에 가니깐 은근 주민들이 순대국에 막걸리 마시러 오심 매장은 꽤나 커서 낮에는 직장인으로 붐빌것 같음

토종순대국에는 찹쌀순대랑 곱창이 무지막지하게 들어있어서 받았을때 비주얼보고 잠시 흠짓했지만 먹어보니깐 잡내 1도 없어서 물에 빠진 곱창은 다먹은적 처음이었음

순대도 아주 큰 크기로 네개 정도 들어있어서 꽤나 푸짐했음 간은 이미 맞춰서 나와있어서 들깨랑 다대기만 추가 해서 먹었는데 적당했음 그리고 안에 부속고기는 야들야들하니 여기서 파는 족발도 맛있겠는걸 하는 생각이 들었음

그리고 가게가 뭔가 힙하고 밀키트 팔고있는 자체가 신기했음",긍정적,긍정적,긍정적,긍정적,긍정적
2024-09,"맛있네요 순대국. 일반 순대국과 토종 순대국이 있는데, 토종순대국 막었습니다. 일반 순대국은 그냥 당면 순대가 들어있다고 합니다. 일단 국물의 감칠맛이 어마합니다. 새우젓 조금 넣고 먹으니 너무 맛있어요. 그리고 건더기가 엄청 많이 들어있어요. 특히 순대가 참 통통하니 맛있는데 야채가 많이 들어가있어요. 특히 김치 들어가 있는 순대가 있었는데 이건 진짜 맛있어요. 뭔사 김치의 시원한 맛과 특유의 감칠맛이 입에 착 달라붙네요. 고기 양도 꽤 많고 고기 질도 좋은 것 같아요. 두툼하고 큼직하게 썰려있어서 입에 가득 채우고 와구와구 먹었습니다. 진짜 맛있게 잘 먹었습니다.",긍정적,긍정적,긍정적,알 수 없음,긍정적
2024-10,"밥때를 놓쳐 혼밥하게 된 오늘. 남순남순대국 왔어요. 혼밥도 가능하고, 무엇보다 순대국 맛이 일품. 옆테이블 손님들이 토종순대국 맛있다며 계속 얘기해서 다음엔 저도 일반말구 토종으로 시켜봐야징.",긍정적,긍정적,긍정적,긍정적,알 수 없음
2024-09,최근에 자주 오는 남순남 순대국집입니다. 말이 길게 필요없는.. 여사장님께서 계속 건강하시길 빕니다. 그래야 저도 남순남 순대국을 맛볼 수 있을테니까요.,긍정적,긍정적,긍정적,긍정적,알 수 없음
2024-04,"💜 남순남순대국 본점
뱅뱅사거리 순대국 맛집
오랜만에 찾아간 곳.
예전에는 서초순대국으로 이름을 날렸던 곳인데.. 오랜만에 갔더니 자리도 맞은편으로 이전했네요.✅️
맛은 변함이 없고 예전처럼 살짝 꼬릿한 맛과 양은 비슷했습니다. 🙋‍♂️ 토종순대국 주문했는데 큼지막한 순대가 여러개 있어서 깜짝 놀랬습니다.👍",긍정적,긍정적,긍정적,알 수 없음,긍정적
2024-08,뜨뜻한 국물이 생각 날때 아주 좋죠... 미니족은 첨 시켜봤는데...제 취향은 아니네요...,긍정적,긍정적,긍정적,알 수 없음,부정적
2024-10,직원분들 너무 친절하시고 순대국 맛도 1등 반찬 맛도 1등 넘 좋아용>_<❣️🍚,긍정적,긍정적,긍정적,긍정적,알 수 없음
2024-04,동네 국밥장인으로서 백암순대가 굳건했는데 그 아성을 깰만한 맛집이네요 토종순대국 건더기도 실하고 맛도 아주 진했어요~ 수육 소자리 시켰는데 오소리감투도 나오고 꼬들꼬들하니 맛있었습니다:) 재방문의사 무조건이에요!!!,긍정적,긍정적,긍정적,긍정적,긍정적
2024-07,"순대국의 진수
과거 명성은 아니지만
여전히 최고수준의 맛",긍정적,긍정적,긍정적,알 수 없음,알 수 없음
2024-06,"내장이 많이 들어간 순대국
저는 불호였지만 평소 약간 꼬릿한거 좋아하고 내장 좋아하면 추천 김치 깍두기 맛있음",긍정적,긍정적,긍정적,알 수 없음,긍정적
2024-11,맞아요,긍정적,긍정적,알 수 없음,알 수 없음,알 수 없음
2024-08,감칠맛이나고 양이 많아요~~,긍정적,긍정적,긍정적,알 수 없음,긍정적
2024-10,좋아요,긍정적,긍정적,알 수 없음,알 수 없음,알 수 없음
2024-06,갈때마다 박수치고 오는곳.,긍정적,긍정적,긍정적,긍정적,알 수 없음
2024-08,언제먹어도 남순남 최고,긍정적,긍정적,긍정적,알 수 없음,알 수 없음
2024-06,"양도 많고 많있어요
혼자 먹는 자리도 있어서 다음에 혼자 와보고 싶어요",긍정적,긍정적,알 수 없음,긍정적,긍정적
2024-08,최고에요😭😭👍👍,긍정적,긍정적,긍정적,알 수 없음,알 수 없음
2024-10,굿,긍정적,긍정적,긍정적,알 수 없음,알 수 없음
2024-05,순댓국 너무 좋아하는데 맛있게 먹었습니다~,긍정적,긍정적,긍정적,알 수 없음,알 수 없음
2024-05,국물맛이 너무 좋아요~ 순대도 쫄깃하고 맛있어요!,긍정적,긍정적,긍정적,알 수 없음,알 수 없음
2024-08,맛있습니다,긍정적,긍정적,긍정적,알 수 없음,알 수 없음
2024-05,90년대 후반부터 다니는 집이예요. 국물 진하고 내용물 많고.. 다른 곳은 특을 시키면 더 비싸지만... 여기는...ㅋㅋ,긍정적,긍정적,긍정적,알 수 없음,긍정적
2024-05,뱅뱅사거리 방면에 일보러 본 후엔 언제나 남순남순대가 첫번째 식당으로 생각납니다. 토종순대는 분명 더 맛있을텐데 저는 지금까지 일반순대국만 먹어봐서. 오늘도 맛있게 한 그릇 뚝딱 비우고 갑니다.,긍정적,긍정적,긍정적,알 수 없음,긍정적
2024-08,갓순남 최고,긍정적,긍정적,긍정적,알 수 없음,알 수 없음
2024-05,뱅뱅사거리 순대국 맛집 순대국 양도 많고 잡내없이 깔끔ㅋㅋ 재방문 의사 있어요😄,긍정적,긍정적,긍정적,알 수 없음,긍정적
2024-02,"아.. 엄청 유명한 순대국집이래서 기대했는데 너무 맛없어서 깜짝놀랐어요
순대국이 아니라 그냥 설렁탕느낌이고 들깨, 소금, 새우젓, 후추 셀프로 넣는건데 넣어도 노맛그자체
돼지노린내도 너무 심해요
역대급 먹은 순대국집 순위에서 꼽아보면 0순위로 핵노맛 ㅇㅇ 그리고 할아버지사장님 밥먹는데 직원들한테 이래라저래라 1818 너무 시끄러워요 많이 불쾌했어요.",부정적,부정적,부정적,부정적,알 수 없음
2024-03,"순댓국에 순대는 5개에
머릿고기도 많이 들어있어서 정말 배불러요!",긍정적,긍정적,긍정적,알 수 없음,긍정적
2024-07,오~~ 맛나요,긍정적,긍정적,긍정적,알 수 없음,알 수 없음
2024-10,맛,긍정적,긍정적,알 수 없음,알 수 없음,알 수 없음
2024-03,"순대국 하면 남순남이죠. 제가 농민백암, 박서방순대국 등 많이 먹어봤는데 각자 특색이 다 있는거 같음.",긍정적,긍정적,긍정적,알 수 없음,알 수 없음
2024-04,굳,긍정적,긍정적,알 수 없음,알 수 없음,알 수 없음
2024-02,최고의 순대국,긍정적,긍정적,긍정적,알 수 없음,알 수 없음
2023-10,너무 맛있고 친절해요!!!추천!!!!,긍정적,긍정적,긍정적,긍정적,알 수 없음
2024-02,좋아요,긍정적,긍정적,알 수 없음,알 수 없음,알 수 없음
2024-05,친절해요,긍정적,긍정적,알 수 없음,긍정적,알 수 없음
2024-02,맛있어요🥰,긍정적,긍정적,긍정적,알 수 없음,알 수 없음
2023-11,"안에 들은 고기도 많고 맛있어요 !!!
토종순대국이랑 수육 맛집이예용",긍정적,긍정적,긍정적,알 수 없음,긍정적
2023-05,"넘 맛있는 순대국 이었습니당 🥹💛
잡내도 하나도 안나구 배추김치가 특히 왕 맛있었어용 .. 😋🎀
순대국이 막 짠 맛이 아니어서 밥 야무지게 말아서 배추김치 올려먹으니 ,, 진짜 왕 잘어울리구 맛있었어용 .. 🥰
그리구 순대가 특히 탱글탱글하니 넘 맛있었어용 😋🩵
다음에 또 먹으러 갈게용 ☺️🩷",긍정적,긍정적,긍정적,알 수 없음,알 수 없음
2023-11,항상 최고예요,긍정적,긍정적,긍정적,긍정적,알 수 없음
2024-01,굳,긍정적,긍정적,알 수 없음,알 수 없음,알 수 없음
2024-03,친절해요,긍정적,긍정적,알 수 없음,긍정적,알 수 없음
2023-07,"고기도 많이 들어있고 담백하니 정말 맛있어요! 오랜만에 먹었는데 만족했습니다❤️
김치가 정말 맛있네요!",긍정적,긍정적,긍정적,알 수 없음,알 수 없음
2023-12,새우젓이 맛있고 양이 진짜 많음 국물에 돼지 잡내도 나지않음,긍정적,긍정적,긍정적,알 수 없음,긍정적
2024-01,굳,긍정적,긍정적,알 수 없음,알 수 없음,알 수 없음
2023-08,가격 대비 가성비는 안좋아요.,부정적,부정적,알 수 없음,알 수 없음,부정적
2023-11,"내 인생 순대국 1,2위를 다투는 집",긍정적,긍정적,긍정적,알 수 없음,알 수 없음
2023-11,순대국 맛집,긍정적,긍정적,알 수 없음,알 수 없음,알 수 없음
2024-03,굿,긍정적,긍정적,긍정적,알 수 없음,알 수 없음
2023-11,굿,긍정적,긍정적,긍정적,알 수 없음,알 수 없음
2023-09,순댓국 손가락에 꼽을 맛집,긍정적,긍정적,긍정적,알 수 없음,알 수 없음
2023-11,좋아용,긍정적,긍정적,알 수 없음,알 수 없음,알 수 없음
2023-07,너무 맛있어요 !!! 일주일에 한번은 꼭 먹네요 ㅎㅎ ❤️❤️짱🫶🏻,긍정적,긍정적,긍정적,알 수 없음,알 수 없음
2023-06,오래된 찐맛집! 뱅뱅사거리 직장인이면 꼭 한번쯤은 가야할 순대국집입니다. 순대빼고도 주문 가능해요.,긍정적,긍정적,긍정적,알 수 없음,알 수 없음
2023-06,든든한 한끼로 먹기 좋고 토종순대국에 들어가는 피순대 맛있어요!! 머릿고기도 많고 국물 시원해서 좋아요ㅎㅎ,긍정적,긍정적,긍정적,알 수 없음,긍정적
2024-01,점심시간에 사람이 많은만큼 맛있어요^^,긍정적,긍정적,긍정적,알 수 없음,알 수 없음
2023-11,조좋아요,긍정적,긍정적,알 수 없음,알 수 없음,알 수 없음
2024-01,굿,긍정적,긍정적,긍정적,알 수 없음,알 수 없음
2023-09,🤔,부정적,긍정적,알 수 없음,알 수 없음,알 수 없음
2023-08,진한 순대국 육수~,긍정적,긍정적,긍정적,알 수 없음,알 수 없음
2023-09,좋아요,긍정적,긍정적,알 수 없음,알 수 없음,알 수 없음
2023-06,양이 많고 토종순대가 맛있습니다!,긍정적,긍정적,긍정적,알 수 없음,긍정적
2023-09,굳,긍정적,긍정적,알 수 없음,알 수 없음,알 수 없음
2023-07,맛있고 3색 순대가 진리죠,긍정적,긍정적,긍정적,알 수 없음,알 수 없음
2023-09,맛있어요.,긍정적,긍정적,긍정적,알 수 없음,알 수 없음
2023-11,점심시간에 일주일에 한 번은 가는거 같아요^^,긍정적,긍정적,알 수 없음,긍정적,알 수 없음
2023-08,남순남순 대국,긍정적,긍정적,알 수 없음,알 수 없음,알 수 없음
2023-06,변함없이 맛있어요,긍정적,긍정적,긍정적,알 수 없음,알 수 없음
2023-04,18년째 이용하고 있습니다만 국물맛이 완전히 변했습니다. 다른 분들 어떻게 느끼시는지 궁금합니다만 자주다니던 제 친구도 저와 똑같은 생각으로 요즘 안다닌다고 합니다. 작년 10월에 갔을 때도 똑같은 생각이었고 설마 이번 방문에는 아니겠지 하고 갔습니다만 역시나 작년 10월 방문했을 때의 그 국물맛으로 예전의 국물 맛을 완전히 잃었습니다. 지금 국물 색깔은 왜 그런지 모르겠습니다만 누렿습니다. 무슨 가루를 풀어둔 것 처럼 옛 국물 색깔도 아니고 맛은 더욱더 아닙니다. 서초순대국일 때부터 자주 갔던 곳인데 이제는 못 다닐 것 같습니다. 현재 국물맛으로 처음 입문한 사람들은 어떨지 모르겠지만 옛날맛은 진짜 아니네요. 사장님이 이걸 모른다면 그게 더 희한합니다. 그동안 잘 먹었습니다. 감사합니다.,부정적,부정적,부정적,알 수 없음,알 수 없음
2023-03,"노포에 어울리는 맛.
토종순대국!
굿 앤 굿",긍정적,긍정적,긍정적,알 수 없음,알 수 없음
2023-02,"뱅뱅사거리 순대국 맛집이죠
토종순대국이 더 맛난 매장입니다.",긍정적,긍정적,긍정적,알 수 없음,알 수 없음
2023-05,맛은 나뿌지 않네요,부정적,긍정적,부정적,알 수 없음,알 수 없음
2023-06,맛있게잘먹었습니다.,긍정적,긍정적,긍정적,알 수 없음,알 수 없음
2023-05,미슐랭받은곳이라니,긍정적,긍정적,긍정적,알 수 없음,알 수 없음
2023-05,순대가 넘 질기고 국물은 맛나요,부정적,부정적,부정적,알 수 없음,알 수 없음
2023-08,오랫만에 먹으러 왔습니다 짱!,긍정적,긍정적,긍정적,알 수 없음,알 수 없음
2023-04,유명한 순대국집이에요. 잡내없이 맛있어요. 주차는 거의 불가.,긍정적,긍정적,긍정적,부정적,알 수 없음
2023-08,점심에 자주 가는 순대국집,긍정적,긍정적,긍정적,알 수 없음,긍정적
2023-06,맛있어요.,긍정적,긍정적,긍정적,알 수 없음,알 수 없음
2022-10,하얀 국물로 나와서 담백하게 먹을 수도 있고 다대기를 풀어서 얼큰하게 먹을 수도 있어요. 국물은 기본적으로 간이 약해서 삼삼하고 텁텁함 없이 깔끔해요. 내장도 잡냄새가 전혀 없습니다,긍정적,긍정적,긍정적,알 수 없음,긍정적
2023-05,맛은 별로 고기는 많아서 내기고 왔어요,부정적,부정적,부정적,알 수 없음,긍정적
2023-03,맛없어서 깜짝놀랬어요 포장해왔는데 양념 너무 조금 줘서 싱겁고 머릿고기는 기름이 왜이렇게 많은지... 여기 맛집인게 신기,부정적,부정적,부정적,부정적,부정적
2022-12,토종순대국에는 아바이순대가 들어간다고 한다. 일반으로 시켰다. 순대국 내용물을 보면 족발 썰고 남은 다리살 잡고기로 보여진다. 고기에 지방이 많아서 국물은 진해져 맛있지만 내용물을 떠먹기에는 그닥이다.,부정적,부정적,부정적,알 수 없음,긍정적
2022-12,"순대국밥 10,000원 시대는 슬프지만
내 월급 빼고 다 오르는 요즘이니까.
양이 꽤 많고, 다대기가 미리 들어있지 않은 흰국물로 나오는 점에 가산점.
순대는 맛있진 않다. 내장과 부속고기가 상당히 들어있는데 잡내가 좀 있는 편이지만
국밥 좀 먹는다면 충분히 문제 없을정도로 미미하다.
국물은 깔끔하다.
아쉬운 점은 새우젓. 양념 맛 많은 빨간 새우젓보다 흰 새우젓이 잘 어울릴 국물이다.
김치 맛은 좀 아쉽다.
일산시장 쪽 있다 없어진 남순남과 같은 곳인가 했는데 맛이 꽤 다르다.
전반적으로 평범한 편.",부정적,부정적,부정적,긍정적,긍정적
2022-11,"뱅뱅사거리 주변 직장인들의 맛집
방송출연도한 노포의 진한 순대국 맛을 느낄수 있습니다",긍정적,긍정적,긍정적,알 수 없음,알 수 없음
2022-11,"마음이 따뜻해지는 순대국입니다. 전반적으로 간이 약한 편이라 제 입맛에 딱 맞았어요. 재료는 푸짐하게 들어가있는데 살코기가 조금 부족했던게 살짝은 아쉬웠습니다.

수육은 다른 부위가 아닌 순대국 재료가 거의 그대로 접시에 나오는 느낌이었고, 미니족은 족발껍질 좋아하시는 분들이 좋아하실 것 같아요. 뜯어먹을 수 있게 장갑을 제공해 주십니다.

배추김치 깍두기는 평범했어요~",긍정적,긍정적,긍정적,긍정적,부정적
2023-05,맛있어요.,긍정적,긍정적,긍정적,알 수 없음,알 수 없음
2023-01,전보다 맛이 살짝 덜해진 것 같아요ㅎ 깍두기 맛있음,부정적,부정적,부정적,알 수 없음,알 수 없음
2022-10,삼색순대도 맛나고 순대국도 맛납니다.,긍정적,긍정적,긍정적,알 수 없음,알 수 없음
2023-05,오래된 가게로 맛있게 먹었어요,긍정적,긍정적,긍정적,알 수 없음,알 수 없음
2023-01,아버지가 여기순대국 진짜 좋아하시구 3색순대 맛있어요~,긍정적,긍정적,긍정적,알 수 없음,알 수 없음
2022-11,"토종순대국 먹었어요
벽에 붙어 있는 슌대국 맛있게 먹는법 을 따라서 하니까 더 풍성한 맛이 되었네요~
완뚝!

👍🏻맛있게 먹는법👍🏻
다대기 한스푼
새우젓 2/3스푼
들깨가루 한스푼
후주 약간",긍정적,긍정적,긍정적,알 수 없음,알 수 없음
2022-11,맛있어요~ 깍두기도 맛있네요,긍정적,긍정적,긍정적,알 수 없음,알 수 없음
2022-11,"일반 순대국 주문했고요
국에 들어있는 고기도 실하고 국물도 맛있네요
다음에는 다른 메뉴도 먹으러 갈게요",긍정적,긍정적,긍정적,알 수 없음,알 수 없음
2022-12,"순대국을 별로 좋아하지 않는데 손님이 먹고 싶다 해서 ㅠ.ㅠ
비린내 나지 않고 아빠가 좋아하시던 맛 같아서 급... 아빠 보고 싶은 음식!!(^_^)",긍정적,긍정적,긍정적,알 수 없음,알 수 없음
2023-01,순대가 너무 맛있어요,긍정적,긍정적,긍정적,알 수 없음,알 수 없음
2022-11,순대국 알아주는 맛집이죠,긍정적,긍정적,긍정적,알 수 없음,알 수 없음
2023-04,맛나요,긍정적,긍정적,긍정적,알 수 없음,알 수 없음
2023-01,근처 순대국중에선 최고입니다.,긍정적,긍정적,긍정적,알 수 없음,알 수 없음
2022-11,"국물이 진합니다!
깍두기가 달달해요~",긍정적,긍정적,긍정적,알 수 없음,알 수 없음
2022-12,"순대국밥은 맛있으나, 주인아저씨가 불친절해서
다시는 혼자선 안갈듯 싶네요~",부정적,부정적,긍정적,부정적,알 수 없음
2022-10,국물이 깔끔하고 아바위순대는 깊은맛이 나네요!! 좋아용!!,긍정적,긍정적,긍정적,알 수 없음,알 수 없음
2023-03,굿,긍정적,긍정적,긍정적,알 수 없음,알 수 없음
2023-02,맛있어요,긍정적,긍정적,긍정적,알 수 없음,알 수 없음
2022-11,"일단 고기가 많아서 너무 좋았어요. 사실 서울에서 먹는 순대국은 고기 정말 조금줘서 아쉬웠는데, 머릿고기가 많고 순대도 맛있어서 잘 먹었습니다.",긍정적,긍정적,긍정적,알 수 없음,긍정적
2022-12,정신없고지저분하고맛없어요.재료들이질기고냄새나요.곰팡날것같은마늘이랑고추..지저분해서젓가락이안가네요.그러면서만원이나받네요.몇숟갈뜨고나왔구요.간판만무슨맛집마냥..,부정적,부정적,부정적,부정적,부정적
2022-10,가격이 1만원이라 가성비를 생각할 순 없지만 강남이란 걸 고려하면 나쁘지만은 않은,부정적,부정적,알 수 없음,알 수 없음,부정적
2023-03,굳,긍정적,긍정적,알 수 없음,알 수 없음,알 수 없음
2023-03,굿,긍정적,긍정적,알 수 없음,알 수 없음,알 수 없음
2023-01,맛있어요!!,긍정적,긍정적,긍정적,알 수 없음,알 수 없음
2023-02,굿,긍정적,긍정적,긍정적,알 수 없음,알 수 없음
2022-10,저희 가족은 이집 순대국집 자주 먹습니다. 아버지께서 포장해오세요 👍,긍정적,긍정적,긍정적,긍정적,알 수 없음
2022-08,토종순대국 먹었어요 국물이 끝내주고 건더기도 많았어요 먹는 방법이 다양해서 좋네요 추가반찬은 셀프래요,긍정적,긍정적,긍정적,긍정적,긍정적
2022-10,토종순대국밥이 정말 맛있습니다 ㅎㅎ!!,긍정적,긍정적,긍정적,알 수 없음,알 수 없음
2022-09,토종순대국 맛있고 양도 넉넉해서 좋습니다 ㅎㅎ,긍정적,긍정적,긍정적,알 수 없음,긍정적
2023-03,친절,긍정적,긍정적,알 수 없음,긍정적,알 수 없음
2022-10,순대국 맛있습니다:),긍정적,긍정적,긍정적,알 수 없음,알 수 없음
2022-10,친절하고 맛있어요,긍정적,긍정적,긍정적,긍정적,알 수 없음
2022-11,굿,긍정적,긍정적,긍정적,알 수 없음,알 수 없음
2022-07,"여기는 저희 아버지가 자주 다닙니다.
저는 좀 비싸다고 생각하는데요. 그래서 내돈으로 잘 사먹지는 못하지만, 아버지가 가끔 포장받아서 가져오시면 맛있어요. 양은 만족스럽습니다. 😁",긍정적,긍정적,긍정적,알 수 없음,긍정적
2022-12,굿,긍정적,긍정적,긍정적,알 수 없음,알 수 없음
2022-08,순대국맛집~^^ 멀어도 자꾸오게되는집이네요,긍정적,긍정적,긍정적,긍정적,알 수 없음
2022-10,굳,긍정적,긍정적,알 수 없음,알 수 없음,알 수 없음
2022-11,맛있엉ᆢ,긍정적,긍정적,긍정적,알 수 없음,알 수 없음
2022-11,굳,긍정적,긍정적,알 수 없음,알 수 없음,알 수 없음
2022-11,굳,긍정적,긍정적,알 수 없음,알 수 없음,알 수 없음
2022-11,아주 아주 맛있습니다,긍정적,긍정적,긍정적,알 수 없음,알 수 없음
2022-11,맛있습니다 추천,긍정적,긍정적,긍정적,알 수 없음,알 수 없음
2022-11,👍,긍정적,긍정적,알 수 없음,알 수 없음,알 수 없음
2022-07,친절하시고 맛있어요. 손가락에 꼽는 순대국맛집,긍정적,긍정적,긍정적,긍정적,알 수 없음
2022-12,역시 순대국은 남순남입니다~~^^,긍정적,긍정적,긍정적,알 수 없음,알 수 없음
2022-11,굿,긍정적,긍정적,긍정적,알 수 없음,알 수 없음
2022-07,"굿
인플레때문에 가격은 오른 듯...",부정적,부정적,긍정적,부정적,알 수 없음
2022-11,좋아요,긍정적,긍정적,알 수 없음,알 수 없음,알 수 없음
2022-10,good,긍정적,긍정적,알 수 없음,알 수 없음,알 수 없음
2022-10,굿,긍정적,긍정적,긍정적,알 수 없음,알 수 없음
2022-10,좋아요,긍정적,긍정적,알 수 없음,알 수 없음,알 수 없음
2022-06,평범하게 맛있는 순댓국입니다,긍정적,긍정적,긍정적,알 수 없음,알 수 없음
2022-10,맛있어요,긍정적,긍정적,긍정적,알 수 없음,알 수 없음
2022-06,토종순대국 맛있고 양도 푸짐해요! 든든하게 먹고싶을때 추천합니다 ㅎㅎ,긍정적,긍정적,긍정적,알 수 없음,긍정적
2023-05,좋아요,긍정적,긍정적,알 수 없음,알 수 없음,알 수 없음
2022-09,굿,긍정적,긍정적,긍정적,알 수 없음,알 수 없음
2022-09,굿,긍정적,긍정적,긍정적,알 수 없음,알 수 없음
2022-05,양도 많고 맛있어요.,긍정적,긍정적,긍정적,알 수 없음,긍정적
2022-09,굿,긍정적,긍정적,긍정적,알 수 없음,알 수 없음
2022-08,굿,긍정적,긍정적,긍정적,알 수 없음,알 수 없음
2022-05,"맛있습니다 ㅎ 진짜 가성비도좋고 양도많고

홀에서 서빙하시는분 불친절해요",긍정적,긍정적,긍정적,부정적,긍정적
2022-08,맛있어요,긍정적,긍정적,긍정적,알 수 없음,알 수 없음
2022-08,좋아요,긍정적,긍정적,알 수 없음,알 수 없음,알 수 없음
2022-04,토종순대국 맛있어요. 비리지도 않고요.,긍정적,긍정적,긍정적,알 수 없음,알 수 없음
2022-11,맛있어요,긍정적,긍정적,긍정적,알 수 없음,알 수 없음
2022-05,숙대국밥은 맛있어요. 가격이 조금은 비싼편,긍정적,긍정적,긍정적,알 수 없음,알 수 없음
2022-08,좋아요,긍정적,긍정적,알 수 없음,알 수 없음,알 수 없음
2022-08,친절해요,긍정적,긍정적,알 수 없음,긍정적,알 수 없음
2022-06,좋아..요..,긍정적,긍정적,긍정적,알 수 없음,알 수 없음
2022-04,그냥 그렇더라구요,부정적,부정적,알 수 없음,알 수 없음,부정적
2022-07,굿,긍정적,긍정적,긍정적,알 수 없음,알 수 없음
2022-09,굿,긍정적,긍정적,긍정적,알 수 없음,알 수 없음
2022-10,굿,긍정적,긍정적,긍정적,알 수 없음,알 수 없음
2022-07,뜨끈해요,긍정적,긍정적,긍정적,알 수 없음,알 수 없음
2022-08,든든히 먹고 갑니다,긍정적,긍정적,긍정적,알 수 없음,알 수 없음
2022-02,맛잇어요..... 새우젓이 핵심이구먼요 토종순대국으로 추천!,긍정적,긍정적,긍정적,알 수 없음,알 수 없음
2022-07,굿,긍정적,긍정적,긍정적,알 수 없음,알 수 없음
2022-06,좋아용,긍정적,긍정적,알 수 없음,알 수 없음,알 수 없음
2022-09,맛나요,긍정적,긍정적,긍정적,알 수 없음,알 수 없음
2022-09,굿여,긍정적,긍정적,긍정적,알 수 없음,알 수 없음
2022-06,맛있어요!,긍정적,긍정적,긍정적,알 수 없음,알 수 없음
2022-10,굿,긍정적,긍정적,긍정적,알 수 없음,알 수 없음
2022-05,굿,긍정적,긍정적,긍정적,알 수 없음,알 수 없음
2022-06,친절해요,긍정적,긍정적,알 수 없음,긍정적,알 수 없음
2022-02,너무 맛있어요 딱제취향♡♡♡,긍정적,긍정적,긍정적,알 수 없음,알 수 없음
2022-03,순대가 피순대가 아니라 실망...,부정적,부정적,부정적,알 수 없음,알 수 없음
2022-06,굿,긍정적,긍정적,긍정적,알 수 없음,알 수 없음
2022-06,굿,긍정적,긍정적,긍정적,알 수 없음,알 수 없음
2022-05,굿,긍정적,긍정적,긍정적,알 수 없음,알 수 없음
2022-02,"토종순대국 순대 맛있었어요 제가 들깨를 많이넣는바람에 국물이 너무 텁텁해져서 다음에 다시가보려구여
맛 괜찮아요",긍정적,긍정적,긍정적,부정적,알 수 없음
2022-05,굿,긍정적,긍정적,긍정적,알 수 없음,알 수 없음
2022-08,국물맛짱,긍정적,긍정적,긍정적,알 수 없음,알 수 없음
2022-05,굿,긍정적,긍정적,긍정적,알 수 없음,알 수 없음
2022-09,맛나요,긍정적,긍정적,긍정적,알 수 없음,알 수 없음
2022-03,넘 맛있어요!!,긍정적,긍정적,긍정적,알 수 없음,알 수 없음
2021-11,맛있어요! 순대국보단 돼지국밥 같은 깔끔함이에요! 꿉꿉하지않아서 좋아요 순대가 진짜맛있어요,긍정적,긍정적,긍정적,알 수 없음,알 수 없음
2022-02,맛있어요,긍정적,긍정적,긍정적,알 수 없음,알 수 없음
2022-03,좋아요,긍정적,긍정적,알 수 없음,알 수 없음,알 수 없음
2022-01,순대국 맛있음,긍정적,긍정적,긍정적,알 수 없음,알 수 없음
2021-11,짱짱~!!! 순대국 맛집입니다👍,긍정적,긍정적,긍정적,알 수 없음,알 수 없음
2022-06,굿,긍정적,긍정적,긍정적,알 수 없음,알 수 없음
2022-02,점심,긍정적,긍정적,알 수 없음,알 수 없음,알 수 없음
2022-03,굿,긍정적,긍정적,긍정적,알 수 없음,알 수 없음
2021-12,그냥 회사 앞 순대국집,부정적,부정적,알 수 없음,알 수 없음,알 수 없음
2022-05,전 그냥 먹을 만 햇어요,부정적,긍정적,알 수 없음,알 수 없음,긍정적
2022-03,굿,긍정적,긍정적,긍정적,알 수 없음,알 수 없음
2022-02,맛집발견!,긍정적,긍정적,긍정적,알 수 없음,알 수 없음
2022-01,굿굿,긍정적,긍정적,긍정적,알 수 없음,알 수 없음
2021-10,매장이 넓고 토종순대국이 너무 맛있습니다!,긍정적,긍정적,긍정적,알 수 없음,알 수 없음
2022-01,아주 맛있게 잘 먹었습니다.,긍정적,긍정적,긍정적,알 수 없음,알 수 없음
2021-12,맛잇어용💛,긍정적,긍정적,긍정적,알 수 없음,알 수 없음
2022-04,맛있어요,긍정적,긍정적,긍정적,알 수 없음,알 수 없음
2021-09,"맛을 떠나서 사장님이 인격이 덜 되어있군요.
대뜸 전화하셔서 다짜고짜 ""어디에요? 차빼요"" 이렇게 언성을 높이는게 무슨 경우입니까?
그 집 앞 주차라인에 주차했고, 식사하고 12시 6분에 결제하고 나와서 건너편 커피숍에서 커피포장 주문결제한게 12시10분입니다.
식사하고 나왔고 바로 앞에 커피주문해놓고 갈테니 기다려 달라고 했더니 사람 잡을것처럼 막말하시는데 오늘 무슨 기분 안좋은일이 있으셨나요?
그래도 사람이 기본적인 예의가 있어야죠. 나이도 어린놈이 말대꾸하냐고 한주먹거리도 안된다고 그러셨는데요. 제가 40후반입니다.
장사가 잘 되고 돈 벌기 편하신가봐요. 나이도 드실만큼 드셨고 세상사람을 다 본인 아래로 보시는군요. 언젠간 대가를 치르시길 바랍니다.
아주 맛있는 집도 아니고, 테이블 끈적합니다.",부정적,부정적,부정적,부정적,알 수 없음
2021-10,순대국 맛있어요 양도 많아요,긍정적,긍정적,긍정적,알 수 없음,긍정적
2021-10,예전에 비해 밍밍해진 기분은 왜일까요ㅜㅜ,부정적,부정적,부정적,알 수 없음,알 수 없음
2022-01,맛나요,긍정적,긍정적,긍정적,알 수 없음,알 수 없음
2021-11,족발은 드시지 마세요,부정적,부정적,부정적,알 수 없음,알 수 없음
2022-01,맛남,긍정적,긍정적,알 수 없음,알 수 없음,알 수 없음
2022-07,굿,긍정적,긍정적,긍정적,알 수 없음,알 수 없음
2022-08,조아용,긍정적,긍정적,알 수 없음,알 수 없음,알 수 없음
2022-01,좋아요,긍정적,긍정적,알 수 없음,알 수 없음,알 수 없음
2022-05,굿,긍정적,긍정적,긍정적,알 수 없음,알 수 없음
2021-10,음식이 맛있어요,긍정적,긍정적,긍정적,알 수 없음,알 수 없음
2021-07,진짜 맛있네요 양도 엄청많아요 만원의행복 ㅋㅋ,긍정적,긍정적,긍정적,알 수 없음,긍정적
2021-11,맛있어요,긍정적,긍정적,긍정적,알 수 없음,알 수 없음
2021-11,맛있었어요,긍정적,긍정적,긍정적,알 수 없음,알 수 없음
2021-12,굿,긍정적,긍정적,긍정적,알 수 없음,알 수 없음
2021-12,굿,긍정적,긍정적,긍정적,알 수 없음,알 수 없음
2022-02,좋아요,긍정적,긍정적,알 수 없음,알 수 없음,알 수 없음
2022-03,좋아요,긍정적,긍정적,알 수 없음,알 수 없음,알 수 없음
2021-11,D,알 수 없음,알 수 없음,알 수 없음,알 수 없음,알 수 없음
2021-10,굿,긍정적,긍정적,긍정적,알 수 없음,알 수 없음
2021-11,맛있어요,긍정적,긍정적,긍정적,알 수 없음,알 수 없음
2022-02,좋아요,긍정적,긍정적,알 수 없음,알 수 없음,알 수 없음
2021-08,"맹물에 고기만 넣었어요. 깜짝놀람.
같이 간 사람하고 서로 놀라서 뭐 하나 빠트린 거 나니냐고 욕함
순대를 물에 끓이면 순대국???
이런 거 첨 먹어보네..
뜨거운 맹물 + 순대. 고기",부정적,부정적,긍정적,부정적,알 수 없음
2021-09,순대국 최고에요,긍정적,긍정적,긍정적,알 수 없음,알 수 없음
2021-07,혼자먹기 편한 곳은 아니었지만 음식도 빨리 나오고 순대가 찰지고 맛있었습니다,긍정적,긍정적,긍정적,긍정적,알 수 없음
2021-11,좋아요,긍정적,긍정적,알 수 없음,알 수 없음,알 수 없음
2021-11,굿,긍정적,긍정적,긍정적,알 수 없음,알 수 없음
2021-10,굿,긍정적,긍정적,긍정적,알 수 없음,알 수 없음
2021-09,굳,긍정적,긍정적,알 수 없음,알 수 없음,알 수 없음
2021-09,굿,긍정적,긍정적,긍정적,알 수 없음,알 수 없음
2021-10,굿,긍정적,긍정적,긍정적,알 수 없음,알 수 없음
2021-06,별하나도 아까웠던 맛없었던 순대국,부정적,부정적,부정적,알 수 없음,알 수 없음
2021-11,굿,긍정적,긍정적,긍정적,알 수 없음,알 수 없음
2021-09,굿,긍정적,긍정적,긍정적,알 수 없음,알 수 없음
2021-09,굿,긍정적,긍정적,긍정적,알 수 없음,알 수 없음
2021-06,어릴때부터 좋아하던 곳이에요!,긍정적,긍정적,긍정적,알 수 없음,알 수 없음
2021-08,맛있네요,긍정적,긍정적,긍정적,알 수 없음,알 수 없음
2021-10,순대국이 맛있어요,긍정적,긍정적,긍정적,알 수 없음,알 수 없음
2021-07,맛나요~,긍정적,긍정적,긍정적,알 수 없음,알 수 없음
2021-06,손님이 많아도 이모님들 친절하시구요~ 반찬도 떨어지기 전에 알아서 리필해주시고 진짜 좋아요. 맛은 당연맛있었어요. 자주갈듯요,긍정적,긍정적,긍정적,긍정적,알 수 없음
2021-06,맛있어요.,긍정적,긍정적,긍정적,알 수 없음,알 수 없음
2021-07,맛있어요,긍정적,긍정적,긍정적,알 수 없음,알 수 없음
2021-06,맛있어요,긍정적,긍정적,긍정적,알 수 없음,알 수 없음
2021-03,맛은 괜찮은데 가격이 비싸요,부정적,부정적,긍정적,알 수 없음,알 수 없음
2021-05,맛있어요^^,긍정적,긍정적,긍정적,알 수 없음,알 수 없음
2021-02,맛도 있고 정말 해장하기 좋아요.,긍정적,긍정적,긍정적,알 수 없음,알 수 없음
2021-05,좋아요,긍정적,긍정적,알 수 없음,알 수 없음,알 수 없음
2021-08,굿,긍정적,긍정적,긍정적,알 수 없음,알 수 없음
2021-07,맛있어요.,긍정적,긍정적,긍정적,알 수 없음,알 수 없음
2021-03,친절하고 맛있었어요,긍정적,긍정적,긍정적,긍정적,알 수 없음
2021-05,좋아요,긍정적,긍정적,알 수 없음,알 수 없음,알 수 없음
2021-06,맛있어요,긍정적,긍정적,긍정적,알 수 없음,알 수 없음
2021-04,친절해요,긍정적,긍정적,알 수 없음,긍정적,알 수 없음
2021-03,맛있어요,긍정적,긍정적,긍정적,알 수 없음,알 수 없음
2021-01,점심먹으러 자주가요 먹어도 속이 불편하지 않고 맛있어요,긍정적,긍정적,긍정적,알 수 없음,알 수 없음
2021-03,맛있어요,긍정적,긍정적,긍정적,알 수 없음,알 수 없음
2021-04,맛있어요,긍정적,긍정적,긍정적,알 수 없음,알 수 없음
2021-03,맛남,긍정적,긍정적,알 수 없음,알 수 없음,알 수 없음
2020-12,맛있어요. 온라인에서 주문해먹다 본점엔 첨 와봤네요,긍정적,긍정적,긍정적,알 수 없음,알 수 없음
2021-06,굿,긍정적,긍정적,긍정적,알 수 없음,알 수 없음
2020-12,"맛있긴한데요.. 처음왔을때는 정말 맛있었는데
예전에 비해 맛이 약간 다른건 같은 기분 ?",부정적,긍정적,알 수 없음,알 수 없음,알 수 없음
2021-03,친절해요,긍정적,긍정적,알 수 없음,긍정적,알 수 없음
2021-02,맛있어요!!!,긍정적,긍정적,긍정적,알 수 없음,알 수 없음
2020-12,20년째 단골입니다. 서울 강남권에선 순대국 최고 맛집입니다.,긍정적,긍정적,긍정적,알 수 없음,알 수 없음
2021-03,맛있어요~,긍정적,긍정적,긍정적,알 수 없음,알 수 없음
2020-12,"주인 아저씨 불친절!
예전만 못함.",부정적,부정적,알 수 없음,부정적,알 수 없음
2020-11,맛있는 순대집,긍정적,긍정적,알 수 없음,알 수 없음,알 수 없음
2021-02,항상 맛있어요,긍정적,긍정적,긍정적,알 수 없음,알 수 없음
2021-01,오 맛있어요 ㅎㅎ,긍정적,긍정적,긍정적,알 수 없음,알 수 없음
2021-04,맛있어요,긍정적,긍정적,긍정적,알 수 없음,알 수 없음
2021-02,좋아요,긍정적,긍정적,알 수 없음,알 수 없음,알 수 없음
2020-11,포장해서 먹었는데 나쁘지 않았어요. 김치는 별로..,긍정적,긍정적,긍정적,알 수 없음,알 수 없음
2021-03,항상 좋아요,긍정적,긍정적,긍정적,긍정적,알 수 없음
2021-01,맛있어요,긍정적,긍정적,긍정적,알 수 없음,알 수 없음
2021-01,맛있어요,긍정적,긍정적,긍정적,알 수 없음,알 수 없음
2020-12,"자주가는 30년 정도 ??단골입니다
동네에 있어 자주갑니다
맛있어요",긍정적,긍정적,긍정적,알 수 없음,알 수 없음
2021-01,정말 맛있어요.,긍정적,긍정적,긍정적,알 수 없음,알 수 없음
2021-04,맛있어요,긍정적,긍정적,긍정적,알 수 없음,알 수 없음
2020-11,음 맛있어요,긍정적,긍정적,긍정적,알 수 없음,알 수 없음
2020-09,"식당 앞에 주차도 할 수 있고요
시장 순댓국 느낌이에요
새우젓 맛있어요",긍정적,긍정적,긍정적,알 수 없음,알 수 없음
2020-11,괜찮네요,긍정적,긍정적,알 수 없음,알 수 없음,알 수 없음
2020-11,소소,긍정적,긍정적,알 수 없음,알 수 없음,알 수 없음
2020-10,맛있어요,긍정적,긍정적,긍정적,알 수 없음,알 수 없음
2020-08,양도 많고 맛있어요,긍정적,긍정적,긍정적,알 수 없음,긍정적
2021-01,좋아요,긍정적,긍정적,알 수 없음,알 수 없음,알 수 없음
2020-11,맛있어요~,긍정적,긍정적,긍정적,알 수 없음,알 수 없음
2020-05,"기존 순대국이랑 좀 다른맛? 맑은 순대국
엄청 양 많고 맛있어요 추천합니다",긍정적,긍정적,긍정적,알 수 없음,긍정적
2020-07,양 많고 맛있어요,긍정적,긍정적,긍정적,알 수 없음,긍정적
2020-08,진정 맛집인정이요 ㅎ,긍정적,긍정적,긍정적,알 수 없음,알 수 없음
2020-10,항상 좋아요~~^^,긍정적,긍정적,긍정적,긍정적,알 수 없음
2020-05,순대국+ 돼지국밥이고 돼지국밥마니아들이 좋아할만한 순대국입니다.,긍정적,긍정적,긍정적,알 수 없음,알 수 없음
2020-12,준맛탱,긍정적,긍정적,긍정적,알 수 없음,알 수 없음
2020-05,"깍뚜기가 너무맛있어요
자주먹는순대국집 국물최고~",긍정적,긍정적,긍정적,알 수 없음,알 수 없음
2020-06,"깍두기가 너무 무르고, 밥이 오래되었는지 냄새가 좀 났어요. 순대국밥은 맛있었어요",부정적,부정적,부정적,알 수 없음,알 수 없음
2021-01,감사합니다,긍정적,긍정적,알 수 없음,긍정적,알 수 없음
2020-07,순대국 맛집입니다요,긍정적,긍정적,긍정적,알 수 없음,알 수 없음
2020-12,맛은있는데 순대국치고 가격이 너무 비싸요.,부정적,부정적,긍정적,알 수 없음,부정적
2020-07,예전과 달라졌음,부정적,부정적,알 수 없음,부정적,알 수 없음
2020-08,"토종순대국 10,000원",긍정적,긍정적,긍정적,알 수 없음,긍정적
2020-09,굿,긍정적,긍정적,긍정적,알 수 없음,알 수 없음
2020-04,이전과는 맛이 달라요.....,부정적,부정적,부정적,알 수 없음,알 수 없음
2020-09,👍,긍정적,긍정적,알 수 없음,알 수 없음,알 수 없음
2020-07,맛있어요,긍정적,긍정적,긍정적,알 수 없음,알 수 없음
2020-05,깨끗하고 좋아요,긍정적,긍정적,알 수 없음,긍정적,알 수 없음
2020-01,굿,긍정적,긍정적,긍정적,알 수 없음,알 수 없음
2019-05,어릴때 부터 가던 진짜 맛있는 순대국밥집입니다. 다른 체인점들과는 국물 깊이가 달라요ㅠㅠ 본점이 역시 최고맛나네여!!!!,긍정적,긍정적,긍정적,알 수 없음,알 수 없음
2019-08,맛집,긍정적,긍정적,알 수 없음,알 수 없음,알 수 없음
2019-05,순대국의 명가 일요일도 하는 진정한 맛집 언제가든 누구랑 가든 똑같은 맛,긍정적,긍정적,긍정적,알 수 없음,알 수 없음
2019-02,순대국이 양도 푸짐하고 단백해서 좋아요,긍정적,긍정적,긍정적,알 수 없음,긍정적
2019-03,맛있음,긍정적,긍정적,긍정적,알 수 없음,알 수 없음
