Date,Review,sentiment,Sentiment2,맛,서비스,양
2024-07,"뱅뱅사거리 골목쪽에 위티해있어요.
가격도 높지 않고 메뉴가 금방 나오는데도 맛나요~
바에서 3분이서 뚝딱!
조용한 분위기라서 대화하기에도 좋습니당",긍정적,긍정적,긍정적,긍정적,알 수 없음
2024-09,"커피맛으로는 이곳 넘버원입니다,",긍정적,긍정적,긍정적,알 수 없음,알 수 없음
2024-10,좋은 찻집 커피집,긍정적,긍정적,알 수 없음,알 수 없음,알 수 없음
2024-07,친절하고 커피맛은 이 쪽 지역에서 원탑입니다 ~~~,긍정적,긍정적,긍정적,긍정적,알 수 없음
2024-08,커피맛이 좋아요,긍정적,긍정적,긍정적,알 수 없음,알 수 없음
2024-07,굿초이스,긍정적,긍정적,긍정적,긍정적,알 수 없음
2023-12,"드립 카페인데, 저도 카페 시장에 뛰어 들 수 있을정도의 자신감을 북돋아주는 그런 카페였어요 최고에요",긍정적,긍정적,긍정적,긍정적,알 수 없음
2024-06,"Take Out 20%할인이라니~~
Good!!",긍정적,긍정적,알 수 없음,긍정적,알 수 없음
2024-02,여기 커피맛은 인근 까페에서 맛보지 못한 스폐셜한 맛입니다. 원두도 직접 볶고 로스팅도 하시는 거 같아서 더 맛있어요-,긍정적,긍정적,긍정적,긍정적,알 수 없음
2024-06,가까워서 좋아요,긍정적,긍정적,알 수 없음,긍정적,알 수 없음
2024-02,커피 맛집인거 같아요. 매장이 조금 어수선했어요,긍정적,긍정적,긍정적,부정적,알 수 없음
2023-11,"테이크아웃은 할인도 해줘요.
커피 맛있어요",긍정적,긍정적,긍정적,긍정적,알 수 없음
2023-12,커피향과 맛이 좋아요~,긍정적,긍정적,긍정적,알 수 없음,알 수 없음
2023-10,지금까지 이런 카페는 없었다.착한카페인정 (테이크아웃 20%할인)좁은 공간에 사람들이 미어터진다.맛도 가격도 환상이다.바리스타인 나도 커피맛 인정👍👍👍👍👍👍👍,긍정적,긍정적,긍정적,긍정적,알 수 없음
2023-12,커피 맛있어요,긍정적,긍정적,긍정적,알 수 없음,알 수 없음
2023-10,커피향이 참 좋아해요~,긍정적,긍정적,긍정적,알 수 없음,알 수 없음
2023-08,"아인슈페너 너무 맛나요. 크림도 엄청 부드러워요.
일행은 산미를 좋아하는 편으로 에티오피아 드립커피 주문했고 산미 맛이 많이 나더라구요. 아인슈페너 너무 맛나서 또 마시고 싶습니다.",긍정적,긍정적,긍정적,긍정적,알 수 없음
2023-09,산미있는 에디오피아,긍정적,긍정적,알 수 없음,알 수 없음,알 수 없음
2023-07,저는 밀크티 마셨어요 나쁘지 않아요 ☺️,긍정적,긍정적,긍정적,알 수 없음,알 수 없음
2023-09,먹을만함.드립커피치곤 착한 가격인듯 싶네요,긍정적,긍정적,긍정적,알 수 없음,알 수 없음
2023-10,"우리 동네 커피집.
아담한 규모, 조용히 대화하기 좋다. ^^",긍정적,긍정적,알 수 없음,긍정적,알 수 없음
2023-11,맛있어요!,긍정적,긍정적,긍정적,알 수 없음,알 수 없음
2023-08,테이크아웃 할인이 되고 아이스아메리카노가 괜찮아요~,긍정적,긍정적,긍정적,알 수 없음,알 수 없음
2023-05,"회사근처 카페라서 간건데 개인적으로 개인카페는 맛이 보장되지않아서 잘 안가게되는데 커피맛이 찐해용 !
다음에는 드립커피도 마셔보고싶네요",긍정적,긍정적,긍정적,부정적,알 수 없음
2023-03,다양한 원두를 고를 수 있는 드립커피가 맛있어요! 드립커피치고 가격도 엄청 저렴한 편입니다,긍정적,긍정적,긍정적,알 수 없음,알 수 없음
2023-06,커피 정말 맛있어요!!!!! 요 인근 골목에서 최고.,긍정적,긍정적,긍정적,알 수 없음,알 수 없음
2023-04,카푸치노 맛집!,긍정적,긍정적,긍정적,알 수 없음,알 수 없음
2023-04,커피는 비싼편이지만 다른 음료들이 정말 저렴한 편이예요 맛도 좋고 친절하셔서 자주 가게되네요~,긍정적,긍정적,긍정적,긍정적,알 수 없음
2023-01,분위기 좋고 사장님 너무 친절해요 ㅂ^-^,긍정적,긍정적,알 수 없음,긍정적,알 수 없음
2023-06,좋습니다.,긍정적,긍정적,알 수 없음,알 수 없음,알 수 없음
2023-05,굿,긍정적,긍정적,긍정적,알 수 없음,알 수 없음
2023-01,딸기요거트 스무디 맛잇어오,긍정적,긍정적,긍정적,알 수 없음,알 수 없음
2023-04,회사 앞이라 자주 가요,긍정적,긍정적,알 수 없음,긍정적,알 수 없음
2023-03,토마토주스 아침에 좋아여,긍정적,긍정적,긍정적,알 수 없음,알 수 없음
2023-02,커피가 이 근방에서 손에 꼽힐 정도로 맛있는 곳이에요.,긍정적,긍정적,긍정적,알 수 없음,알 수 없음
2023-05,구,부정적,긍정적,알 수 없음,알 수 없음,알 수 없음
2023-06,굿,긍정적,긍정적,긍정적,알 수 없음,알 수 없음
2023-01,아인슈페너 맛집💖,긍정적,긍정적,긍정적,알 수 없음,알 수 없음
2023-02,커피 맛있어요,긍정적,긍정적,긍정적,알 수 없음,알 수 없음
2022-09,일요일 오후. 한적한 골목길. 커피향에 이끌려 들어온 카페. 무뚝뚝해보이지만 너무 친절한 사장님덕에 넓은 자리에서 담소를 나눌수 있었답니다. 커피에 진심이 느껴지네요. 핸드드립 탄자니아와 달지않게 해달라는 바닐라라떼도 쵝오!,긍정적,긍정적,긍정적,긍정적,알 수 없음
2022-08,"도곡동 A.LIM 커피숖ㅡ
로스팅 직접한 커피라 커피 정말 맛좋아요.
매장가득 그윽한 커피향 좋당~
더치커피도 판매해요.
*쿠폰 10잔 찍어 1잔 무료.",긍정적,긍정적,긍정적,긍정적,알 수 없음
2022-11,커피가 부드러우며 맛있어요,긍정적,긍정적,긍정적,알 수 없음,알 수 없음
2023-01,커피 맛있어요,긍정적,긍정적,긍정적,알 수 없음,알 수 없음
2023-03,굳,긍정적,긍정적,알 수 없음,알 수 없음,알 수 없음
2022-11,남순남순대극 먹고 맞은편 커피집,긍정적,긍정적,긍정적,알 수 없음,알 수 없음
2022-11,"핸드드립 맛있어요. 커피직접 볶아서 더 전문성있고, 대화하기 좋습니다.아늑합니다",긍정적,긍정적,긍정적,긍정적,알 수 없음
2022-12,커피맛있어서 자주가요,긍정적,긍정적,긍정적,알 수 없음,알 수 없음
2022-12,편안하고 맛있는 커피 잘먹었습니다.,긍정적,긍정적,긍정적,알 수 없음,알 수 없음
2022-12,ㅈㅁㅌ,부정적,부정적,알 수 없음,알 수 없음,알 수 없음
2023-01,맛나용,긍정적,긍정적,긍정적,알 수 없음,알 수 없음
2022-12,커피가 맛있어요,긍정적,긍정적,긍정적,알 수 없음,알 수 없음
2022-10,아인슈페너가 너무 맛있어요❤️,긍정적,긍정적,긍정적,알 수 없음,알 수 없음
2022-11,친절하고 좋은데 너무 비쌈,긍정적,긍정적,알 수 없음,긍정적,부정적
2022-11,굿,긍정적,긍정적,긍정적,알 수 없음,알 수 없음
2023-05,맛있어용!,긍정적,긍정적,긍정적,알 수 없음,알 수 없음
2022-09,달달한게 땡길 땐 스무디 종류 강력추천-☆,긍정적,긍정적,긍정적,알 수 없음,알 수 없음
2022-11,맛있어요,긍정적,긍정적,긍정적,알 수 없음,알 수 없음
2022-09,커피 맛있고 친절해요.,긍정적,긍정적,긍정적,긍정적,알 수 없음
2022-09,굿,긍정적,긍정적,긍정적,알 수 없음,알 수 없음
2022-09,맛있어요,긍정적,긍정적,긍정적,알 수 없음,알 수 없음
2022-09,ㅈ,부정적,부정적,알 수 없음,알 수 없음,알 수 없음
2022-10,좋아요,긍정적,긍정적,알 수 없음,알 수 없음,알 수 없음
2023-03,드립커피,긍정적,긍정적,알 수 없음,알 수 없음,알 수 없음
2022-09,굿,긍정적,긍정적,긍정적,알 수 없음,알 수 없음
2022-09,좋아요,긍정적,긍정적,알 수 없음,알 수 없음,알 수 없음
2022-06,"맘에듭니다
감사합니다",긍정적,긍정적,알 수 없음,긍정적,알 수 없음
2022-09,좋아요,긍정적,긍정적,알 수 없음,알 수 없음,알 수 없음
2022-09,좋아요,긍정적,긍정적,알 수 없음,알 수 없음,알 수 없음
2022-11,맛있어요,긍정적,긍정적,긍정적,알 수 없음,알 수 없음
2022-11,커피 굿,긍정적,긍정적,긍정적,알 수 없음,알 수 없음
2022-05,커피가 맛있습니다,긍정적,긍정적,긍정적,알 수 없음,알 수 없음
2022-10,극,부정적,긍정적,알 수 없음,알 수 없음,알 수 없음
2022-07,굳,긍정적,긍정적,알 수 없음,알 수 없음,알 수 없음
2022-01,"이 근방에서 꽤 훌륭한 한잔을 마실수 있는 곳!

항상 한가한 시간에 방문했었어서 여유로웠는데
해당일은 딱 점심시간이라 바쁘고 정신없었네요.
마스크 쓰고 서로 의사소통이 잘 안 될 수 있는 상황에서 정신없이 바쁘다고 인상쓰는 응대가 아쉬웠네요.

애정하는 곳이라 기분좋게 갔다가
조금 불편한 마음을 가지고 나오면서
바쁜시간 피해서 방문해야겠단 생각이 들었습니다.",부정적,긍정적,알 수 없음,부정적,부정적
2021-12,바닐라 시나몬 크로플 시켰는데 너무 맛있어요 바삭바삭! 커피 맛도 다 좋고 분위기도 좋아서 재방문 의사 100% 아! 커피 다 마시고 아메리카노로 리필도 돼요!!최고!!,긍정적,긍정적,긍정적,긍정적,알 수 없음
2022-06,좋아요,긍정적,긍정적,알 수 없음,알 수 없음,알 수 없음
2022-04,라떼도 맛있어요~~,긍정적,긍정적,긍정적,알 수 없음,알 수 없음
2022-04,커피 맛있어요~~,긍정적,긍정적,긍정적,알 수 없음,알 수 없음
2022-04,커피맛있어요!,긍정적,긍정적,긍정적,알 수 없음,알 수 없음
2022-01,커피가 맛 있음 ^^,긍정적,긍정적,긍정적,알 수 없음,알 수 없음
2021-12,"커피맛 좋고 남자사장님이 무뚝뚝해보이실 수 있는데 그거랑 다르게 친절하셔요
테이크아웃하면 할인 되는 것도 좋습니다~",긍정적,긍정적,긍정적,긍정적,알 수 없음
2022-04,좋아요,긍정적,긍정적,알 수 없음,알 수 없음,알 수 없음
2022-05,굿굿,긍정적,긍정적,긍정적,알 수 없음,알 수 없음
2022-05,굿,긍정적,긍정적,긍정적,알 수 없음,알 수 없음
2022-05,맛있어요,긍정적,긍정적,긍정적,알 수 없음,알 수 없음
2022-02,커피가 맛있어요,긍정적,긍정적,긍정적,알 수 없음,알 수 없음
2021-11,커피 퀄리티가 너무 좋고 선택지가 다양하다,긍정적,긍정적,긍정적,알 수 없음,알 수 없음
2021-12,원두 종류도 다양해보이네용 자주 가서 먹어볼께요!,긍정적,긍정적,알 수 없음,긍정적,알 수 없음
2021-12,커피 맛있어요~사장님도 친절하십니다.,긍정적,긍정적,긍정적,긍정적,알 수 없음
2022-05,맛있음,긍정적,긍정적,긍정적,알 수 없음,알 수 없음
2022-01,메뉴도 많고 맛있습니다~,긍정적,긍정적,긍정적,알 수 없음,알 수 없음
2022-01,굿,긍정적,긍정적,긍정적,알 수 없음,알 수 없음
2021-12,커피맛은 평범,부정적,부정적,부정적,알 수 없음,알 수 없음
2021-11,커피가 맛있는 집,긍정적,긍정적,긍정적,알 수 없음,알 수 없음
2022-02,핸드드립커피가 있어요 생두가 배달오는걸 보니 로스팅을 직접 하시는 듯,긍정적,긍정적,긍정적,긍정적,알 수 없음
2022-02,굿,긍정적,긍정적,긍정적,알 수 없음,알 수 없음
2022-01,굿,긍정적,긍정적,긍정적,알 수 없음,알 수 없음
2022-01,"커피가 예술적~
사장님과 직원분들도 친절하세요",긍정적,긍정적,긍정적,긍정적,알 수 없음
2022-02,추천,긍정적,긍정적,알 수 없음,긍정적,알 수 없음
2021-08,ㅋ,긍정적,긍정적,알 수 없음,알 수 없음,알 수 없음
2021-10,좋습니다,긍정적,긍정적,알 수 없음,알 수 없음,알 수 없음
2021-11,좋아요,긍정적,긍정적,알 수 없음,알 수 없음,알 수 없음
2021-12,커피맛남,긍정적,긍정적,긍정적,알 수 없음,알 수 없음
2021-08,굿,긍정적,긍정적,긍정적,알 수 없음,알 수 없음
2020-12,"로스팅하는 커피맛집 카페에이림.

근처에 빠른 커피집은 많아도
맛있는 커피집은 많이 없어서 아쉬웠는데
에이림 알고 난 뒤부터는 고민없이 고고씽하는 곳^^
4년째 찾고있는 커피맛집이네요.

진한 아메리카노는 직원언니가 잘 내려주시고
남직원분이 내려주신 플랫화이트는 정말 예술이랍니다^^
원두도 가끔 사먹는데
기본원두가 좋으니까 에스프레소음료는 다 좋은 듯 해요👍

오래오래 그자리에 있었으면..
자주 찾을 수 있는 곳이길🙏
코로나에도 번창하시길 바래요❤

#강남커피맛집#뱅뱅사거리카페#로스팅카페",긍정적,긍정적,긍정적,긍정적,알 수 없음
2021-04,넘친절하고 커피도 굿,긍정적,긍정적,긍정적,긍정적,알 수 없음
2021-03,바닐라 카페라떼가 예술!!!,긍정적,긍정적,긍정적,알 수 없음,알 수 없음
2021-03,샷추가도 추가요금 없고 항상 맛있어요,긍정적,긍정적,긍정적,긍정적,알 수 없음
2021-03,커피 찐맛집 인정,긍정적,긍정적,긍정적,알 수 없음,알 수 없음
2021-07,서비스로 콜드브루 미니 주셨는데 커피본제품도 맛있어요 향긋,긍정적,긍정적,긍정적,긍정적,알 수 없음
2021-02,완전 진짜,긍정적,긍정적,알 수 없음,알 수 없음,알 수 없음
2021-02,커피 좋아요~~~!,긍정적,긍정적,긍정적,알 수 없음,알 수 없음
2020-11,"강남구 도곡동,에이림커피.
감사해요.",긍정적,긍정적,알 수 없음,긍정적,알 수 없음
2021-01,좋아요,긍정적,긍정적,알 수 없음,알 수 없음,알 수 없음
2021-05,아인슈페너 너무 맛있었어요 맛집입다!!,긍정적,긍정적,긍정적,알 수 없음,알 수 없음
2020-10,맛있어요 ^^,긍정적,긍정적,긍정적,알 수 없음,알 수 없음
2020-09,매우 만족스러운 장소입니다.,긍정적,긍정적,알 수 없음,긍정적,알 수 없음
2020-09,좋은 장소입니다.,긍정적,긍정적,알 수 없음,긍정적,알 수 없음
2020-09,매우 만족스러운 공간입니다.,긍정적,긍정적,알 수 없음,긍정적,알 수 없음
2021-03,좋아요,긍정적,긍정적,알 수 없음,알 수 없음,알 수 없음
2020-10,고래똥 항상 맛있어요.,긍정적,긍정적,긍정적,알 수 없음,알 수 없음
2020-09,매우 만족 합니다.,긍정적,긍정적,긍정적,알 수 없음,알 수 없음
2020-11,좋아요,긍정적,긍정적,알 수 없음,알 수 없음,알 수 없음
2020-08,"커피는 역시 에이림이 맛있어요
라떼가 특히 고소해요",긍정적,긍정적,긍정적,알 수 없음,알 수 없음
2020-10,커피맛집,긍정적,긍정적,알 수 없음,알 수 없음,알 수 없음
2020-09,굿~,긍정적,긍정적,긍정적,알 수 없음,알 수 없음
2020-06,수준 높은 커피! 커피를 잘 몰라도 맛을 보면 차이를 알 수 있습니다.,긍정적,긍정적,긍정적,알 수 없음,알 수 없음
2020-10,굿굿,긍정적,긍정적,긍정적,알 수 없음,알 수 없음
2020-07,친절하네요,긍정적,긍정적,알 수 없음,긍정적,알 수 없음
2020-05,커피가 맛있어요^^,긍정적,긍정적,긍정적,알 수 없음,알 수 없음
2020-03,진짜 아인슈페너 맛집...ㅎㅎ 너무 고소하고 부드럽고 맛있어요....,긍정적,긍정적,긍정적,알 수 없음,알 수 없음
2020-06,굿,긍정적,긍정적,긍정적,알 수 없음,알 수 없음
2020-03,맛있어용 핫한,긍정적,긍정적,긍정적,알 수 없음,알 수 없음
2020-06,굿,긍정적,긍정적,긍정적,알 수 없음,알 수 없음
2020-07,좋아요,긍정적,긍정적,알 수 없음,알 수 없음,알 수 없음
2020-04,맛있어요,긍정적,긍정적,긍정적,알 수 없음,알 수 없음
2020-02,커피가 너무 맛나용,긍정적,긍정적,긍정적,알 수 없음,알 수 없음
2020-03,굳,긍정적,긍정적,알 수 없음,알 수 없음,알 수 없음
2020-01,맛있어요,긍정적,긍정적,긍정적,알 수 없음,알 수 없음
2019-12,맛있어요!,긍정적,긍정적,긍정적,알 수 없음,알 수 없음
2019-02,좋아요ᆢㅎㅎ,긍정적,긍정적,알 수 없음,긍정적,알 수 없음
2018-08,굿,긍정적,긍정적,긍정적,알 수 없음,알 수 없음
