Date,Review,sentiment,Sentiment2,맛,서비스,양
2024-11,"저번에 김치수제비 먹고 맛있어서 이번엔 만두전골 먹으러 다녀왔어요 :) 만두전골인데 약간 샤브샤브 느낌이에요. 한우가 들어가서 그런지 1인분에 2만원이라 가격은 조금 있는데 수제비, 칼국수, 만두 들어가서 맛있고 든든합니다 👍 그리고 사장님이 친절하세용~~! 요즘같이 추운 날 먹기 좋은 것 같아용",긍정적,긍정적,긍정적,긍정적,긍정적
2024-06,내년이면 30년이 되는 굉장한 업력의 식당이에요ㅎㅎ 이 동네 사람들은 거의 모르는 분은 없더라구요!!수제손만두는 못 참잖아요 그래서 주문한 만두전골!!! 그냥 몸이 싸악 풀리면서 자연스럽게 소주를 주문했네요… 진짜 국물을 들고 설거지해버린 맛집이였어요! 반찬도 직접 만드시고 같이 간 일행은 김치전골도 굉장히 맛있대요ㅋㅋㅋ 그리고 콩국수는 직접 멧돌에 갈아서 하신다니 다음 방문은 콩국수를 먹으러!!!,긍정적,긍정적,긍정적,긍정적,긍정적
2024-08,"맛있어요
음식도 깔끔하고",긍정적,긍정적,긍정적,알 수 없음,알 수 없음
2024-10,굿,긍정적,긍정적,알 수 없음,알 수 없음,알 수 없음
2024-02,"삼겹살도 맛있고 수제비도 맛나구 ,, 손만두전골도 맛나요 !! 점심에 자주먹는 해물칼제비 최고에요
사장님도 직원분도 친절하신 식당입니다 : )",긍정적,긍정적,긍정적,긍정적,알 수 없음
2024-09,굿,긍정적,긍정적,긍정적,알 수 없음,알 수 없음
2024-09,굿,긍정적,긍정적,긍정적,알 수 없음,알 수 없음
2024-05,밑반찬도 고기도 된장찌개도 맛있어요,긍정적,긍정적,긍정적,알 수 없음,알 수 없음
2024-08,"칼국수, 수제비 맛집입니다. 깔끔하고 맛있어요.",긍정적,긍정적,긍정적,알 수 없음,알 수 없음
2024-05,맛있게 잘 먹었어요^^,긍정적,긍정적,긍정적,알 수 없음,알 수 없음
2024-04,"집밥처럼 맛있어요.
사자인미 반찬도 넉넉하게 주세요.",긍정적,긍정적,긍정적,긍정적,긍정적
2024-06,굿,긍정적,긍정적,긍정적,알 수 없음,알 수 없음
2024-01,"칼국수나 수제비도 괜찮아요
이 날은 만두전골 먹었는데 수제비사리랑 칼국수도 들어있고 밥도 따로 조금 주십니당 ㅎㅎ
감자전은 주문 즉시 갈아서 주시고요..
사장님이 친절하세요",긍정적,긍정적,긍정적,긍정적,긍정적
2024-04,음식이 깔금하고 맛있어요~^^,긍정적,긍정적,긍정적,알 수 없음,알 수 없음
2024-07,굿,긍정적,긍정적,긍정적,알 수 없음,알 수 없음
2024-06,굿,긍정적,긍정적,긍정적,알 수 없음,알 수 없음
2024-02,수제비 깔끔하고 시원해요. 사장님도 친절하시구요. 기회가 되면 재방문 하고 싶은 곳이예요.,긍정적,긍정적,긍정적,긍정적,알 수 없음
2024-02,"직접 담그는 김치와
시원한 육수 국물
수제비 칼국수 전골 등 음식 맛있어요
최근에 많이 올라서 약간 부담되지만
사장님 친절하고 음식 맛있어요",긍정적,긍정적,긍정적,긍정적,알 수 없음
2024-01,"오랜만에 만두 전골 맛있게 잘 먹었습니다
추운 날엔 역시 국물이 맛나요~~",긍정적,긍정적,긍정적,알 수 없음,알 수 없음
2023-05,여기서 늘 김치수제비만 먹다가 오늘은 다른 걸 먹어보고싶어서 해물 주문했다가 사장님이 더운날씨엔 해물이 위험하대서 김치생고기전골을 주문했는데... 세상에....너무 맛있어요 고기도 두껍고 수제비가 안 들어가서 그런가 국물이 김치수제비보다 더 시원함.. 앞으로 이것만 시킬 예정입니다 강추메뉴예요. 제발 드세요,긍정적,긍정적,긍정적,긍정적,알 수 없음
2024-03,아빠가 좋아하는 음식점,긍정적,긍정적,알 수 없음,알 수 없음,알 수 없음
2024-02,굳,긍정적,긍정적,알 수 없음,알 수 없음,알 수 없음
2024-03,굿,긍정적,긍정적,긍정적,알 수 없음,알 수 없음
2023-09,"여기별로에요. 가격대가12,000 인것도 별로고 맛도 별로입니다.
앞에 돈가스가 사람 많고 여기는 없어요.
전 가지 않을 거에요",부정적,부정적,부정적,알 수 없음,알 수 없음
2023-10,음식을 각자 다르게 시키면 같은거 시키라고 싫어하심,부정적,부정적,알 수 없음,부정적,알 수 없음
2023-12,수제비가 맛있는 집입니다.,긍정적,긍정적,긍정적,알 수 없음,알 수 없음
2023-05,쿠키가 딱딱하고 커피가 막 맛있진 않았지만 직원분이 친절하시고 인테리어가 좋아서 다시 와보고싶은 곳은 처음이에요. 멜로망스 팬이신지 멜망노래 계속 나오는 것도 마음에 들었어요. 밤되니까 바깥이 불 들어오는 것도 너무 예쁘고 분위기 좋아요.,긍정적,긍정적,부정적,긍정적,알 수 없음
2023-08,맛있어요 주인아주머니 정감있고 귀여우심 :),긍정적,긍정적,긍정적,긍정적,알 수 없음
2023-05,수제비 국물이 진하고 맛있어요,긍정적,긍정적,긍정적,알 수 없음,알 수 없음
2023-03,"수제비 먹고 싶을 때 가는 곳이에요!
사장님들 친절하시고 음식 맛있어요 ㅎㅎ
단체로 오신 분들은 고기 구워먹던데 저도 다음에 친구들이랑 와서 꼭 먹고 싶네요 냄새가 장난 아니엇거등요..",긍정적,긍정적,긍정적,긍정적,부정적
2023-07,"만두전골 음.. 1인분에 만오천은 너무 비싼 느낌이에요
반찬으로 나오는 김치는 맛이 없는데 만두전골 국물은 맛있었어요 손만두도 맛있었어요",부정적,긍정적,긍정적,부정적,부정적
2023-06,주인사장할머니 어디 공사장 한밭집하시면 잘 되실듯 딱어울리심. 메뉴 통일 강요하시고 반찬 더 달라하면 다 먹고 달라하라며 손바닥으로 툭툭 치시는데 꽤 손이 매우심ㅋㅋㅋ,부정적,부정적,알 수 없음,부정적,부정적
2023-04,늦게 방문했는데도 친절하게 대해주시고 음식도 반찬도 많이 주셨어요. 음식도 반찬도 맛있어요.,긍정적,긍정적,긍정적,긍정적,긍정적
2023-03,가격이 또 올랐네요... 만두전골로는 두말할 필요없죠 맛있습니다. 반찬(특히깻잎)도 맛있어요,부정적,긍정적,긍정적,알 수 없음,알 수 없음
2023-06,맛있어요,긍정적,긍정적,긍정적,알 수 없음,알 수 없음
2023-07,굳,긍정적,긍정적,알 수 없음,알 수 없음,알 수 없음
2023-06,굳,긍정적,긍정적,알 수 없음,알 수 없음,알 수 없음
2023-06,굳,긍정적,긍정적,알 수 없음,알 수 없음,알 수 없음
2023-06,굳,긍정적,긍정적,알 수 없음,알 수 없음,알 수 없음
2022-11,반찬도 잘 나오고 메인메뉴인 전골 칼칼한 맛 최고ㅠㅠ 짱맛있음,긍정적,긍정적,긍정적,알 수 없음,알 수 없음
2022-11,수제비 맛집..👍 음식도 빨리나옴,긍정적,긍정적,긍정적,긍정적,알 수 없음
2023-01,"사장님도 친절 하시고 음식도 맛있고 좋아요^^
만두전골이랑 파전 추천 드립니다.",긍정적,긍정적,긍정적,긍정적,알 수 없음
2023-01,해장은 예당,긍정적,긍정적,알 수 없음,알 수 없음,알 수 없음
2023-04,좋아요,긍정적,긍정적,알 수 없음,알 수 없음,알 수 없음
2022-09,"너무 실망입니다.
블로그 후긴 거르는게 맞는거 같아요
음식 늦게 나오고 김치수제비 옹기 나르다 손가락 담궈서 주고
이야기 하니 알았다고 하고 그냥 감
김치수제빈 밀가루랑 김치 미역이 전부
김치도 무가 없는거 봐선 중국산 같은데 원산지 표시도 없습니다.
12천원이나 주고 먹을 음식이 아닙니다.
6천원도 비싸다고 할만함
소화도 안되고 짜증ㅜㅜ",부정적,부정적,부정적,부정적,부정적
2023-02,좋아요,긍정적,긍정적,알 수 없음,알 수 없음,알 수 없음
2023-02,친절해요,긍정적,긍정적,알 수 없음,긍정적,알 수 없음
2022-09,"팀원들 끌고 찾아간 집인데 음식도 늦게나오고 늦게나오는거 뿐만아니라 음식 줄때 손가락 담궈서 주시네요. 손가락 말씀 드렸더니 듣는채 만채.. 그렇다고 다시해드릴까요 라는 말도 안하시고.
네이버 메뉴판도 믿지 마세요 실제는 2천원 더 비쌈. 호객행위는 왜이렇게 하시는지;; 감당 안되시면 받지 말으셔야죠;; 무엇보다 위생이 의심되는 집입니다..",부정적,부정적,부정적,부정적,알 수 없음
2022-06,"만두전골이 칼칼하니 맛있네요
밥도 주시는데 국물에 말아 먹었어요
반찬도 정갈하게ㅡ나와서 남기지 않고 다 먹었어요",긍정적,긍정적,긍정적,긍정적,긍정적
2022-10,사장닌 친절하세요,긍정적,긍정적,알 수 없음,긍정적,알 수 없음
2022-10,친절하고맛있어요,긍정적,긍정적,긍정적,긍정적,알 수 없음
2022-09,실체를 알고난 누가 사준다해도 안갈듯;,부정적,부정적,알 수 없음,부정적,알 수 없음
2022-10,좋아요,긍정적,긍정적,알 수 없음,알 수 없음,알 수 없음
2022-06,반찬을 미리 다 세팅해두고 그 위에 비닐로 덮어놨던데 다 말라비틀어져서 별루. 반찬은 손도 안 댐. 맛도 그냥저냥 평범. 밥은 반공기 정도 줌. 이게 맞는 거임?,부정적,부정적,부정적,부정적,부정적
2022-09,좋아요,긍정적,긍정적,알 수 없음,알 수 없음,알 수 없음
2022-09,좋아요,긍정적,긍정적,알 수 없음,알 수 없음,알 수 없음
2022-09,좋아요,긍정적,긍정적,알 수 없음,알 수 없음,알 수 없음
2022-08,.,알 수 없음,알 수 없음,알 수 없음,알 수 없음,알 수 없음
2022-06,만두가 맛있습니다,긍정적,긍정적,긍정적,알 수 없음,알 수 없음
2022-06,굿,긍정적,긍정적,긍정적,알 수 없음,알 수 없음
2022-02,"김치손만두전골 맛있어요.
수제비도, 칼국수도 들어있어서 좋아요.",긍정적,긍정적,긍정적,알 수 없음,알 수 없음
2022-07,좋아요,긍정적,긍정적,알 수 없음,알 수 없음,알 수 없음
2022-07,굿,긍정적,긍정적,긍정적,알 수 없음,알 수 없음
2022-05,좋아요,긍정적,긍정적,알 수 없음,알 수 없음,알 수 없음
2022-09,굿~,긍정적,긍정적,긍정적,알 수 없음,알 수 없음
2022-03,^^,긍정적,긍정적,알 수 없음,알 수 없음,알 수 없음
2022-04,ㅇㅇ,부정적,긍정적,알 수 없음,알 수 없음,알 수 없음
2022-04,굿,긍정적,긍정적,긍정적,알 수 없음,알 수 없음
2022-02,만둦전골 굿,긍정적,긍정적,긍정적,알 수 없음,알 수 없음
2021-09,"김치손만두전골 맛난곳.
차가운 바람 불면 생각나는곳.",긍정적,긍정적,긍정적,알 수 없음,알 수 없음
2022-01,조아요,긍정적,긍정적,알 수 없음,알 수 없음,알 수 없음
2021-12,좋아요,긍정적,긍정적,알 수 없음,알 수 없음,알 수 없음
2022-05,좋아요,긍정적,긍정적,알 수 없음,알 수 없음,알 수 없음
2021-12,ㅇ,부정적,긍정적,알 수 없음,알 수 없음,알 수 없음
2021-12,ㅇ,부정적,긍정적,알 수 없음,알 수 없음,알 수 없음
2021-10,귯,부정적,긍정적,알 수 없음,알 수 없음,알 수 없음
2021-08,수제비 맛이 조금 변했어요. 이날만 그럴수도,부정적,부정적,부정적,알 수 없음,알 수 없음
2021-10,ㅎㅎㅎ,긍정적,긍정적,알 수 없음,알 수 없음,알 수 없음
2022-07,맛있습니다,긍정적,긍정적,긍정적,알 수 없음,알 수 없음
2021-06,수제비에 감자전! 최고의 조합!! 점심 때 전이 되는 집은 이곳이 유일한 것 같아요!!,긍정적,긍정적,긍정적,알 수 없음,알 수 없음
2021-06,매번 가는 곳입니다. 맛있어요.,긍정적,긍정적,긍정적,알 수 없음,알 수 없음
2021-09,좋아요,긍정적,긍정적,알 수 없음,알 수 없음,알 수 없음
2021-08,좋아요,긍정적,긍정적,알 수 없음,알 수 없음,알 수 없음
2021-03,김치만두전골 맛있어요 서비스는 보통,긍정적,긍정적,긍정적,알 수 없음,알 수 없음
2021-10,굿,긍정적,긍정적,긍정적,알 수 없음,알 수 없음
2021-09,좋아요,긍정적,긍정적,알 수 없음,알 수 없음,알 수 없음
2021-02,정신없이 분주한 식당,부정적,부정적,알 수 없음,부정적,부정적
2021-01,맛있고 친절하세요,긍정적,긍정적,긍정적,긍정적,알 수 없음
2021-03,그럭저럭,부정적,부정적,알 수 없음,알 수 없음,알 수 없음
2021-08,좋아요,긍정적,긍정적,알 수 없음,알 수 없음,알 수 없음
2021-01,만두맛집,긍정적,긍정적,알 수 없음,알 수 없음,알 수 없음
2020-11,"만두전골 맛있어요
김치도 맛있네요",긍정적,긍정적,긍정적,알 수 없음,알 수 없음
2021-01,굿,긍정적,긍정적,긍정적,알 수 없음,알 수 없음
2021-04,맛나요,긍정적,긍정적,긍정적,알 수 없음,알 수 없음
2021-01,맛있어요!,긍정적,긍정적,긍정적,알 수 없음,알 수 없음
2021-03,맛있어요,긍정적,긍정적,긍정적,알 수 없음,알 수 없음
2021-03,맛있어요,긍정적,긍정적,긍정적,알 수 없음,알 수 없음
2020-07,맛았었는데 조금 매웠어요. (제가 매운 것을 못 먹어서 주관적입니다. 좋아하는 분들은 아마 적당할 듯요),부정적,긍정적,긍정적,알 수 없음,알 수 없음
2020-05,소고기만두전골... 국물이 얼큰하지만 많이 맵거나 텁텁하지 않고 담백해요. 수제비 칼국수 소고기에 큼지막한 만두까지~ 건더기도 알차고 맛있어요. 밥말아 먹어도 굿! 해장에도 아주 좋을듯~~~,긍정적,긍정적,긍정적,알 수 없음,긍정적
2021-01,"칼국수 양이 너무 적었어요ㅠㅠ 콩나물보다 더 적음
해물 푸짐하고 맛도 있는데 칼제비가 메인인데 칼제비는 진짜 적음.. 놀랄 정도로 적음",부정적,긍정적,긍정적,부정적,부정적
2020-08,만두전골 맛있어요,긍정적,긍정적,긍정적,알 수 없음,알 수 없음
2020-05,이 집 만두 진짜 맛있어요,긍정적,긍정적,긍정적,알 수 없음,알 수 없음
2020-05,김치 손만두 전골 맛있어요!,긍정적,긍정적,긍정적,알 수 없음,알 수 없음
2020-07,만두전골 맛있어요,긍정적,긍정적,긍정적,알 수 없음,알 수 없음
2020-07,맛은 있는데 자리가 좁아요,부정적,부정적,긍정적,부정적,알 수 없음
2020-07,맛있어요~,긍정적,긍정적,긍정적,알 수 없음,알 수 없음
2020-06,.,알 수 없음,알 수 없음,알 수 없음,알 수 없음,알 수 없음
2020-05,손만두 좋아요,긍정적,긍정적,긍정적,알 수 없음,알 수 없음
2020-08,맛있어요,긍정적,긍정적,긍정적,알 수 없음,알 수 없음
2020-08,굿,긍정적,긍정적,긍정적,알 수 없음,알 수 없음
2020-05,친절해요,긍정적,긍정적,알 수 없음,긍정적,알 수 없음
2020-03,굿,긍정적,긍정적,긍정적,알 수 없음,알 수 없음
2020-02,괜찮아요,긍정적,긍정적,알 수 없음,알 수 없음,알 수 없음
2019-10,"손만두로 만든 만두전골 맛집!
각종 전골류가 맛있습니다.",긍정적,긍정적,긍정적,알 수 없음,알 수 없음
2019-04,깍두기가 많이 짠거 빼곤 가성비 굿,긍정적,긍정적,부정적,알 수 없음,긍정적
