Date,Review,sentiment,Sentiment2,맛,서비스,양
2024-10,"사실 다른 곳 가려다가 웨이팅이 너무 심해서 다른곳 찾아보려고 걸어가던 중에 우연히 간판이 눈에띄고 인테리어도 좋아서 한번 먹어볼까 방문했는데

원래 가려던곳보다 더 맛있어서 깜짝놀랬어요

기대이상으로 맛있어서 재방문 의사 1000%입니다.",긍정적,긍정적,긍정적,알 수 없음,알 수 없음
2024-10,영이네 회사 점심시간에 떡볶이 땡길때마다 와요~ 음식도 빨리 빨리 나오고 무엇보다 맛있고 양많아용~ 사장님도 친절하시구.. 마무리로 볶음밥 꼭 볶아드세요!!,긍정적,긍정적,긍정적,긍정적,긍정적
2024-10,푸짐하고 맛있어요😋❤️❤️ 언제와도 존맛! 감사합니다 응원할게요👍👍👍,긍정적,긍정적,긍정적,긍정적,긍정적
2024-11,"다시 방문한 영이네!!
음식 하나하나가 다 맛있습니다~~
맛있었던 김밥이 없어진건 좀 아쉽네요~~
다시 또 올께요~",긍정적,긍정적,긍정적,알 수 없음,부정적
2024-10,냉삼 맛집이예요 짱짱짱 맛있어요,긍정적,긍정적,긍정적,알 수 없음,알 수 없음
2024-10,"맛있어요..

또 올 거에요...",긍정적,긍정적,긍정적,알 수 없음,알 수 없음
2024-10,예전에 작게 가게 운영 할때부터 자주 이용해서 먹었는데 매장 크게 이전해서 더 좋아요!!! 떡볶이 러버로써 넘 맛있어요!!,긍정적,긍정적,긍정적,알 수 없음,알 수 없음
2024-09,너무 맛있어요! 특히 순대가 진짜 맛있어요~!!,긍정적,긍정적,긍정적,알 수 없음,알 수 없음
2024-10,떡볶이 썩 좋아하지 않는데도 이 근방 떡볶이 중에 제일 맛있게 먹었습니다!! 왕 추천!!!,긍정적,긍정적,긍정적,알 수 없음,알 수 없음
2024-10,아이와 함께 편하게 이용했습니다! 떡볶이 많이 맵지도 않고 맛있어요!,긍정적,긍정적,긍정적,긍정적,알 수 없음
2024-07,"오, 제가 찾던 점심식사 삼겹살 맛집. 점심에 저렴한가격에 삼겹살, 상추쌈, 김치찌개, 밥 까지 일타 4피. 고기양이 적당하고 다른 반찬들도 모두 적당함. 담에는 고기 추가해 먹고 싶어요. 냄새도 거의 안나고, 전체적으로 점심 삼겹살정식 먹기에 진짜 최적의 공간입니다. 아들과 함께 두번, 세번 오고 싶네요.",긍정적,긍정적,긍정적,긍정적,긍정적
2024-09,"앙재에 이런 맛집이 있었다니 대박이에요~👍🏻
정말맛있고 배부르게먹고갑니다 ㅎ
직원분들이 친절합니당
대박나세요❤",긍정적,긍정적,긍정적,긍정적,긍정적
2024-09,매장 넓고 국물떡볶이랑 분식이 맛있어요🙂,긍정적,긍정적,긍정적,알 수 없음,알 수 없음
2024-10,"매콤한 고춧가루 맛이 일품입니다!
달지도 않고 제가 찾던 떡볶이예요:-)",긍정적,긍정적,긍정적,알 수 없음,알 수 없음
2024-09,가성비도 좋고 맛도있어요!!!! 사장님도 친절하셔서 강추🤍,긍정적,긍정적,긍정적,긍정적,알 수 없음
2024-10,매장도 넓고 양도 많고 좋아요!!,긍정적,긍정적,알 수 없음,알 수 없음,긍정적
2024-08,동네 즉떡 맛집을 발견했네요 ㅎㅎ 대패 즉석 떡볶이 양도 많고 양념도 맛있어요 친절하셔서 자주 올 듯하네요 :)),긍정적,긍정적,긍정적,긍정적,긍정적
2024-08,"즉석떡볶이가 먹고싶을때마다 찾아오는 곳이에요~~
음식도 풍부하고 맛있어요~~
다음에는 저녁에 고기 먹으러 와 봐야겠어요~~",긍정적,긍정적,긍정적,알 수 없음,알 수 없음
2024-10,너무 맛있어요😋😋,긍정적,긍정적,긍정적,알 수 없음,알 수 없음
2024-07,매콤한짜장 즉석이랑 계란찜 먹었어요! 계란찜도 풍실하고 좋네요ㅋㅋ 회사랑 가까워서 종종 올듯요. 직원들은 2번째래요,긍정적,긍정적,긍정적,알 수 없음,알 수 없음
2024-06,"즉석떡볶이가 땡겨서 방문했는데 매콤달콤한 떡볶이 맛이 일품이에요~ 저녁시간대에 방문해서 손님들이 있었지만 매장이 넓고 쾌적해서 바로 착석했습니다.
밀떡이라 쫄깃하고 부속고기들도 너무 맛있다보니 저도 모르게 소주를 시켰네요..ㅎㅎ",긍정적,긍정적,긍정적,긍정적,긍정적
2024-08,자주 오는 곳입니다! 맛있어요!!!,긍정적,긍정적,긍정적,알 수 없음,알 수 없음
2024-08,동네 지인 추천으로 왔는데 양도 푸짐하고 깔끔하고~ 추억의 떡볶이 맛이네요 넘넘 맛나요!!! 아이들도 완전 잘 먹었습니다~~,긍정적,긍정적,긍정적,알 수 없음,긍정적
2024-08,즉떡 먹으려면 영이네로! 회사 근처라 자주오는데 넘 맛있어요😋😍 계속 단골 맛집!,긍정적,긍정적,긍정적,긍정적,알 수 없음
2024-10,"주차도 편하고 양도 푸짐하고 무엇보다 너무러무 맛있어요
사장님도 아주 많이 친절하세요^^",긍정적,긍정적,긍정적,긍정적,긍정적
2024-10,배달시켜먹다 즉석떡볶이 먹으러 방문했어요~즉석떡볶이도 맛있어요,긍정적,긍정적,긍정적,알 수 없음,알 수 없음
2024-09,아이랑 같이 밥먹으러 왔어요. 겉에서볼때 안주집 같았는데 들어오니 가족단위도. 있어 좋네요. 맛있어요.,긍정적,긍정적,긍정적,긍정적,알 수 없음
2024-08,즉석 떡볶이랑 순대 오뎅 전부 맛있어요. 아이들도 잘 먹어요. 종종 와서 먹고 싶어요!,긍정적,긍정적,긍정적,알 수 없음,알 수 없음
2024-09,메뉴가 다양하고 커스텀도 되고 맛있게 잘 먹었습니다!,긍정적,긍정적,긍정적,알 수 없음,알 수 없음
2024-07,"즉석떡볶이 먹기 딱좋은 공간이에요
남편이랑 인테리어땜에 들어왔다가 맛도있어서 즐거운 식사였습니다😊",긍정적,긍정적,긍정적,긍정적,알 수 없음
2024-08,양도 많고 맛있어요 !! 매장도 쾌적하게 넓어서 여럿이서 오기 좋아요 ㅎㅎ,긍정적,긍정적,긍정적,알 수 없음,긍정적
2024-09,회사 점심시간에 먹으러 왔어요! 양도 많고 맛은 역시 맛있습니당~~😋,긍정적,긍정적,긍정적,알 수 없음,긍정적
2024-07,주차가능하면서 즉석떡볶이를 먹을 수 있는곳이 잘없는데... 가능한 곳을 찾았어요ㅜㅜ심지어 짜장떡볶쓰 ㅠ 알고보니 역사도 깊은 곳이엇다니ㅠ 단골 등록이에요>_< 맛은 말해모해 ㅠㅠ 너무 맛있어요 ㅠ 특히 김밥도 ㅠㅠ 담에는 일반 떡볶쓰를 먹으러 올거에요!,긍정적,긍정적,긍정적,긍정적,알 수 없음
2024-10,맛있는 즉석떡볶이 감사합니다,긍정적,긍정적,긍정적,알 수 없음,알 수 없음
2024-06,"너무 맛있어요~ 가끔 한번씩 오는네
오늘 새로운 메뉴도전했는데 역시나 맛있어요!
여기는 김밥맛집입니다,,",긍정적,긍정적,긍정적,알 수 없음,알 수 없음
2024-08,"라볶이랑 김밥 시켰는데 바로 만들어서 그런지 맛있네요👍

다음엔 지인과 즉석 떡볶이를 먹으러 올게요~!",긍정적,긍정적,긍정적,긍정적,알 수 없음
2024-07,양재에서 먹어본 떡볶이 중에 최고였습니다!!,긍정적,긍정적,긍정적,알 수 없음,알 수 없음
2024-06,맛있어요!!! 더워도 먹으러 옵니다 매장 완전 시원함!,긍정적,긍정적,긍정적,긍정적,알 수 없음
2024-05,"매콤하면서 진한 육수맛이 일품인 즉석떡볶이!
양도 푸짐하고 너무 맛있어요
복고 컨셉의 인테리어 구경하며 재미있게 식사하고 왔습니다~",긍정적,긍정적,긍정적,알 수 없음,긍정적
2024-09,신선한 야채이고 깨끗하네요. 맛있습니다^^,긍정적,긍정적,긍정적,알 수 없음,알 수 없음
2024-04,"오래된 맛집이니만큼 넘 맛있있어요
매장분들이 손도 엄청 빠르고 친절하시구
오신분들의 말도 바로바로 캐치하시구
센스있고 손빠른 곳이라 단골이 많더라구요
매장도 넓고 분위기도 좋아서 자주 갈 것 같습니다.",긍정적,긍정적,긍정적,긍정적,알 수 없음
2024-05,"영이네는 강남가볼만한곳 입니다
외부 익스테리어와 내부 인테리어 가
꼭 한번 경험해 볼 가치가 있어요
그리고 즉석떡볶이는 텁텁함이 없이
깔끔한 매움과 감질맛이 너무 잘 어우러져요",긍정적,긍정적,긍정적,알 수 없음,알 수 없음
2024-07,음식이 매우 빨리 나오고 푸짐하고 맛있습니다 :) 장소도 근처에 공원이 있고 공간이 넓어 양재에서 단체로 느긋하게 먹기 좋아요!,긍정적,긍정적,긍정적,긍정적,긍정적
2024-05,"강남 분식집 찾다가 들렀는데 즉떡 너무 맛있고 양도 많아요 굿 특히 떡이 미쳤읍니다,, 말랑탱탱 밀떡 좋아하시면 추천 👍",긍정적,긍정적,긍정적,알 수 없음,긍정적
2024-07,떡볶이 맛있어요!,긍정적,긍정적,긍정적,알 수 없음,알 수 없음
2024-06,집앞이라 종종 오는 맛집이에요 기본 시켜서 사리에 다양한 메뉴 시키면 배가 불러요~ 양재동 즉떡 맛집 추천드려요~,긍정적,긍정적,긍정적,긍정적,긍정적
2024-03,"고등학교친구랑 오랜만에 영이네에서 봤는데
옛날에 떡볶이 먹었을때 생각나고 그러네요 ㅎㅎ
너무 맛있게 잘 먹었어요
1인 배달 포장 주문도 엄청난 곳이네요
영이네 즉석떡볶이 짱 👍
매장 분위기도 레트로로 멋져요 남녀노소 좋아할듯",긍정적,긍정적,긍정적,긍정적,알 수 없음
2024-07,떡볶이도 맛있고 친절하시고 진짜 맛집이네요^^,긍정적,긍정적,긍정적,긍정적,알 수 없음
2024-02,"오랜만에 오리지널 찐 국물떡볶이 먹은 느낌이에요! 그리고 특히 라면사리가 존맛탱..
맵찔이기준 살짝 매워서 김밥이랑 같이 먹어서 배불러가지구 남긴게 한이에요ㅠ_ㅠ
매장도 완전 넓고 되게 잘 꾸며져있어서 보는 재미가 있었어요ㅋㅋㅋ
손님들 나이대도 다양하고, 점심메뉴도 있어서 점심엔 근처 직장인들이 많이 방문할것같아요.
다음엔 점심때 와서 점심 메뉴도 먹어볼려구욥~~!",긍정적,긍정적,긍정적,긍정적,긍정적
2024-06,라면과 김밥 맛집입니다ㅠㅠ 다른것도 먹어보고싶어요👍,긍정적,긍정적,긍정적,알 수 없음,알 수 없음
2024-03,"20년 이상 2대째 이어온 추억의 떡볶이 맛집 영이네
특히 즉석떡볶이가 맛있다고 해서 즉떡 시켰는데 완전 양 많아요 이렇게 양 많을 줄 모르고 순대랑 계란튀김이랑 야채튀김도 시켰는데 너무 배부르더라구요
그래도 순대 맛있어서 다시 가도 또 시킬 거 같아요
배불러도 볶음밥 빠질 수 없으니까 볶음밥도 먹었어요 역시 볶음밥 배는 따로 있습니다
강남 양재 즉석떡볶이 맛집으로 영이네 추천해요❤️",긍정적,긍정적,긍정적,긍정적,긍정적
2024-08,라볶이 먹고 싶을 때마다 와요! 양이 정말 많아서 다 먹고 나면 엄청 배불러요!,긍정적,긍정적,긍정적,알 수 없음,긍정적
2024-06,추억의 떡볶이 순대 맛집!!정말 맛있어요 ❣️,긍정적,긍정적,긍정적,알 수 없음,알 수 없음
2024-06,시킨건 별로없는데도 뭐가 많이나오네요 ㅎㅎ 가족끼리 또는 친구끼리 오기 좋은것같아요!,부정적,긍정적,알 수 없음,긍정적,긍정적
2024-06,입맛없을 때 먹기 딱좋아요^^맛있어요,긍정적,긍정적,긍정적,알 수 없음,알 수 없음
2024-07,떡볶이 엄청 좋아하는데 정말 맛있게 먹었습니다 감사합니다,긍정적,긍정적,긍정적,알 수 없음,알 수 없음
2024-03,"누구나 좋아할수밖에 없는 맛, 영이네! 강남분식집에 원티어 답게 맛과 양을 모두 잡은 은광여고 맛집이네요 ㅠㅠ 너무 맛있고 양도 실해서 기분 짱 좋았는데 가격도 착해서 이렇게 가게가 커도 사람이 늘 차는 이유가 있구나 납득이 갔어요:) 도곡동맛집으로 넘나 추천, 다음에 또 갈게요💜",긍정적,긍정적,긍정적,긍정적,긍정적
2024-06,와 진짜 맛있어요 옛날 떡볶이마수,긍정적,긍정적,긍정적,알 수 없음,알 수 없음
2024-04,"너무 맛있는 영이네 떡볶이 언제부턴가 계속 영이네에서만 먹게되네요~
즉석떡볶이가 정말 맛있어요~~😍
분위기도 좋고 맛도 있으니 도곡동맛집이네요~^^
양도 꽤 많아서 좋아요~~^^",긍정적,긍정적,긍정적,긍정적,긍정적
2024-06,매장 분위기도 좋고 맛있어요^^,긍정적,긍정적,긍정적,알 수 없음,알 수 없음
2024-02,"♡영이네♡강남 즉석떡볶이 맛집이에요
추억 가득 담은 매장 분위기도 좋고 넓은 좌석으로 단체모임 가능 뿐만 아니라 혼밥 메뉴도 준비돼있어서 좋아요ㅎㅎ 배달도 많이 있더라고요 양재맛집은 역시 영이네 즉석떡볶이에용",긍정적,긍정적,긍정적,긍정적,긍정적
2024-06,"매장도 넓어서 좋고, 음식도 맛있어요!",긍정적,긍정적,긍정적,알 수 없음,알 수 없음
2024-05,"매장이 넓어서 모임하기에 딱 좋아요.
음식 종류도 다양하고 개인적으로는 삼겹살 ☆강추☆합니다. 고기질이 좋더라구요ㅎㅎ
맛있어서 다음에 또 들릴 예정이에요!!",긍정적,긍정적,긍정적,알 수 없음,알 수 없음
2024-02,학교앞 분식집 느낌의 적당한 달달짭짤한 맛의 떡볶이에요!! 즉석으로 해먹으니 뜨끈한게 아주 맛있어요!! 밥까지 볶아먹으면 꿀맛일듯요!! 저는 둘이서 즉떡 2인분애 튀김 시켜서 먹었는데 양이 많아요! 고구마 튀김 달달하니 맛있어요! 매장 넓어서 단체로 와도 좋을것같아요! 레트로한 인테리어가 옛날생각나게하네요ㅎㅎ 조만간 또 생각날것 같네요!!,긍정적,긍정적,긍정적,긍정적,긍정적
2024-06,즉석떡볶이 맛있어요 👍🏻,긍정적,긍정적,긍정적,알 수 없음,알 수 없음
2024-08,너무 맛있어요!,긍정적,긍정적,긍정적,알 수 없음,알 수 없음
2024-07,점심시간에 맛있게 잘 먹었습니다~,긍정적,긍정적,긍정적,알 수 없음,알 수 없음
2024-02,"즉석떡볶이 2인분을 포장해왔어요~~
인테리어가 너무 멋지더라고요~😁
포장이 엄청 깔끔했어요~^^ 집에와서 그대로 넣고 끓였는데 완전 맛있더라고요~~😍
정말 고대로 싹 넣고 끓이니까 간도 딱맞고 좋았어요~ 즉석떡볶이를 이렇게 포장해서 집에서 먹을수 있다는게 너무 좋네요~ 강남분식 제대로 맛있어요~~😍",긍정적,긍정적,긍정적,긍정적,긍정적
2024-05,"맛있다. 다양한 연령층이 와도 편하게 먹을 수 있다.(돈까스, 순대 등) 무엇보다
맛있다. - 근처에 있는 작은무엇보다 나은듯 합니다",긍정적,긍정적,긍정적,긍정적,알 수 없음
2024-09,넘 맛있어요 ㅎㅎ,긍정적,긍정적,긍정적,알 수 없음,알 수 없음
2024-05,완전 맛있어요-!-!-! 추천합니다🩷🩷🩷🩷🩷🩷🩷🩷,긍정적,긍정적,긍정적,알 수 없음,알 수 없음
2024-06,너무 맛있어용,긍정적,긍정적,긍정적,알 수 없음,알 수 없음
2024-06,맛있어요! 매장이 시원해서 좋아요,긍정적,긍정적,긍정적,긍정적,알 수 없음
2024-06,회사 점심시간에 밥먹으러왔는데 맛있게 잘 먹구 갑니당!,긍정적,긍정적,긍정적,알 수 없음,알 수 없음
2024-09,맛있러요!!,긍정적,긍정적,긍정적,알 수 없음,알 수 없음
2024-07,맛나요 좋아요!! ㅎㅎ,긍정적,긍정적,긍정적,알 수 없음,알 수 없음
2024-03,"오랜만에 옛날 즉석 떡볶이 먹으니까 감회가 새롭네요! 학교 다닐 때 즉떡 많이 먹었는뎁.. 추억 돋는다아 ㅠㅠ 영이네 즉떡도 김말이 튀김 추가해서 맛있게 먹고 왔어요 :) 꽤 늦은 시간이었는데 배달 손님, 그냥 방문 손님이 꾸준히 오시더라고요 🫢",긍정적,긍정적,긍정적,긍정적,알 수 없음
2024-06,떡볶이 맛있어요 :),긍정적,긍정적,긍정적,알 수 없음,알 수 없음
2024-05,"애들이 분식집 오고싶다고 졸라서 왔는데 맛있어요!
사장님도 친절하시고
다음에 또 올께요!!",긍정적,긍정적,긍정적,긍정적,알 수 없음
2024-02,"자주 오는 뱅뱅사거리 떡볶이 맛집!
가성비도 짱짱 맛도 짱짱💘👏👏👏
존맛이에요ㅠㅠ 죽떡도 그냥떡볶이도 왕맛
둘다 꼭 드셔보시기 ㅎㅎㅎㅎ",긍정적,긍정적,긍정적,알 수 없음,알 수 없음
2024-05,너무너무너무너무맛있어요…💕💕,긍정적,긍정적,긍정적,알 수 없음,알 수 없음
2024-03,"여기 즉석떡볶에 진짜 맛있어요 ! 도곡동맛집 인정! 여러분 꼭 드세요 아니 두번 세번 드세요 ! 국물이
아주 해장이 된답니다 :)",긍정적,긍정적,긍정적,알 수 없음,알 수 없음
2024-02,레트로 감성 인테리어에 진짜 학창시절 추억의 분식집을 방문한 느낌이예요. 즉떡은 말모말모. 알차게 구성된 재료로 푸짐하고 맛있게 먹었어요. 도곡동 맛집으로 추천이예요!,긍정적,긍정적,긍정적,알 수 없음,긍정적
2024-08,매콤하니 맛잇고 매장도 쾌적 넓어요!! 담엔 일반 떡볶이 먹으러 오려구용,긍정적,긍정적,긍정적,알 수 없음,알 수 없음
2023-12,떡볶이 하면 영이네죠 >< 날씨 추우니까 오뎅꼬치가 두배로 맛있는거 같아요🤤 ㅎㅎㅎ 은색쟁반에 그릇까지 옛스러운 디자인이라 가게안인데 포장마차에서 먹는 기분이예요 자리도 넓어서 항상 쾌적하게 밥 먹구와요 분식류말고 식사 메뉴도 더 다양해져서 다른 메뉴도 먹으러 부지런히 가야겠어요🏃‍♀️,긍정적,긍정적,긍정적,긍정적,알 수 없음
2024-08,.,알 수 없음,알 수 없음,알 수 없음,알 수 없음,알 수 없음
2024-04,가격 완전 대혜자맛집 뱅뱅사거리맛집 찾으시면 꼭 들려보세요!!,긍정적,긍정적,긍정적,알 수 없음,알 수 없음
2024-06,너무 맛있어서 다음번에 또 올것같아요,긍정적,긍정적,긍정적,알 수 없음,알 수 없음
2024-08,츠직여요,부정적,긍정적,알 수 없음,알 수 없음,알 수 없음
2023-12,"7080 느낌의 인테리어가 인상적인 떡볶이집 '영이네' 즉섞떡볶이와 분식떡볶이 두가지 모두 맛볼 수 있고, 기본적으로 밀떡

즉석떡볶이에 기본적으로 포함된 사리들이 알차서 가성비가 좋고, 같이 곁들일 수 있는 사이드메뉴도 충실함

강남권 떡볶이집 중에서도 맛과 가격 모두에서 괜찮은 곳",긍정적,긍정적,긍정적,알 수 없음,긍정적
2024-01,"깔끔하고 레트로 분위기의 인테리어에서 즉석떡볶이 먹을 수 있습니다 ~~~ 구성 좋고 맛있어요~~~

즉석떡볶이 외에 점심 장사도 하시고, 다양한 안주메뉴(닭발, 전, 오돌뼈 등등)가 있어서 술 마시러 오기도 좋을 거 같아요!!",긍정적,긍정적,긍정적,긍정적,알 수 없음
2024-02,"캬~~ 술 한잔 생각나는 추억의 즉석 떡볶이 같았어요!!!ㅋ칼칼하니 굿굿
김밥도 순대도 다 맛났다능ㅋ",긍정적,긍정적,긍정적,알 수 없음,알 수 없음
2024-08,맛있어요!,긍정적,긍정적,긍정적,알 수 없음,알 수 없음
2024-05,"음식 맛있어요~
공간도 넓고 좋습니다",긍정적,긍정적,긍정적,알 수 없음,알 수 없음
2023-11,"진짜 즉석떡볶이가 너무먹고싶었는데 회사근처에 이렇게 매장도 넓고 맛있는 즉석떡볶이 집이 있는줄 몰랐어요!! 도곡동맛집으로 추천드립니다,,♡ 인테리어도 컨셉 너무훌륭하고 확장이전오픈하신지 얼마안되셔서 그런지 진짜 깔끔하고 넓어요! 저녁에 간단하게 회식하기에도 좋은 곳입니다,,!! 블로그 리뷰도 한번 봐보세용!",긍정적,긍정적,긍정적,긍정적,알 수 없음
2024-05,서빙직원 겁나게 불친절합니다 음식은 맛있어요,부정적,부정적,긍정적,부정적,알 수 없음
2024-05,즉석떡볶이 맛집이네요. 종류도 다양하고!! 아이와 함께 또 올게요.,긍정적,긍정적,긍정적,긍정적,알 수 없음
2024-05,"단골됫어요
진짜 동내서 젤 좋아요 ㅋㅋㅋㅋㅋㅋ",긍정적,긍정적,긍정적,알 수 없음,알 수 없음
2024-03,짱 맛있어요!!! 진짜 맛있음!!! 진자진자 맛있음!! 가격도 나쁘지않음 좋아요!!! 한번쯤 오세요 후회 안하심,긍정적,긍정적,긍정적,알 수 없음,알 수 없음
2024-05,"너무 맛있어용
좋아하는 삼겹살이랑 떡볶이 같이 먹을수 있어서 최고에요",긍정적,긍정적,긍정적,알 수 없음,알 수 없음
2024-01,"깔끔 널찍한 떡볶이 집. 대형스크린에 술도 팔아서 저녁에 와도 좋고, 낮에 점심 메뉴도 있어서 언제든 좋은 곳이네요. 주차까지 되니 더 편하고요!",긍정적,긍정적,긍정적,긍정적,알 수 없음
2024-03,쫄면사리를 좋아하는데 엄청 많이 주셔서 놀랬습니다! 처음 방문인데 양재쪽 떡볶이집 중에 제일 맛있었어요 메뉴도 다양해서 다음에도 또 와야겠습니다~,긍정적,긍정적,긍정적,긍정적,긍정적
2024-02,"늘 먹던 곳인데 큰 장소로 이전하고 즉석떡볶이, 술안주들도 늘어났네요. 담엔 친구들과 모임해도 될거같아요..",긍정적,긍정적,긍정적,긍정적,알 수 없음
2023-12,"양재역 강남역쪽 놀러왔다가 점심 먹으러 들렸어요~! 옛날 국물 떡볶이st 오랜만에 먹었는데 약간 매콤한게 맛있어요 떡도 엄청 말랑하고 야채도 듬뿍 특히 만두, 소세지 짱 맛있어용 강남 분식 영이네 강추🤍🤍",긍정적,긍정적,긍정적,긍정적,긍정적
2024-02,"일단 추억의 맛으로 계속 생각나요
너무 맛나고 사장님 친절하세요^^",긍정적,긍정적,긍정적,긍정적,알 수 없음
2024-02,앗! 맛난 안주?!ㅋㅋ 왜케 많죠 점심이라 술참느라 혼났네ㅋ 즉석떡볶이 넘넘 칼칼하니 맛나고 볶밥까징 또 클리어!!! 김밥도 맛나여 굿,긍정적,긍정적,긍정적,알 수 없음,긍정적
2023-11,"와... 지금껏 유명 김밥 체인점을 많이 다녀도 엄마가 싸주는 김밥맛이랑 똑같은 곳을 보질 못했는데 여기는 진짜 울엄마가 싸준맛이랑 똑같아요🥺 메뉴도 엄청 많아서 담에는 떡볶이도 먹어보려구요🤍(떡라면 존맛입니다,,)",긍정적,긍정적,긍정적,긍정적,알 수 없음
2024-02,"역시 맛있어요~!
배터지게 잘먹었습니다~
계속 생각나는 맛이에요><",긍정적,긍정적,긍정적,알 수 없음,긍정적
2024-02,"지나다니며 궁굼하던집...
추억의장소같은분위기..
혼밥도가능..즉떡.일인떡복기등
다양한 메뉴와 독특한분위기입니다",긍정적,긍정적,긍정적,알 수 없음,알 수 없음
2024-02,20년 전통의 즉석 떡볶이 집!!!! 달콤매콤하니 맛있어요~ 떡 오뎅 만두 소세지에 라면사리까지 각각 즐기고 마지막 볶음밥까지 먹는거 추천하고 싶네요 ㅎㅎ,긍정적,긍정적,긍정적,긍정적,긍정적
2023-11,주변에서 교육듣고 점심으로 뭐 먹을까하다가 즉석떡볶이집을 찾아왔는데 매장 분위기도 좋고 단체손님들도 있었다!! 매장에는 사람들이 많이 없었지만 계속 배달주문 소리가 계속 들렸다 사람들이 추워서 시켜먹나보다ㅋㅋㅋㅋㅋ 무튼 맛있게 잘 먹고 갑니다😘,긍정적,긍정적,긍정적,긍정적,알 수 없음
2023-12,"즉석 떡볶이가 마싯지만,
사실은... 김밥도 마싯어요!
튀김도 짱짱 마싯고...
마싯는게 너무 많아서 크닐입니다..
영이네 만세~",긍정적,긍정적,긍정적,긍정적,알 수 없음
2024-03,즉떡 맛집이에요 소스가 달짝지근하니 맛있구요 떡볶이떡 말랑거려서 넘 좋아요 계란 라면사리 만두 콩나물까지 들어있어서 푸짐하고 국물시원해요 포장도 되니 비조리로 해서 만들어먹어도 맛있을거같아요,긍정적,긍정적,긍정적,긍정적,긍정적
2023-12,"가성비 좋은 즉석떡볶이 맛집이네요!!
너무 맛있어요
금방 나와서 직장인분들 점심으로도 푸짐하게 드실수있을것같아요! 순대도 짱맛..👍👍",긍정적,긍정적,긍정적,긍정적,긍정적
2024-01,"떡볶이 맛집!!
회식이나 술자리에 오기에도 좋아보여요
매장 넓고 음식 맛있고
직원분들 다 친절하십니당
주방이모들 다 위생모쓰고 계셔서 더 믿음직스러워요!",긍정적,긍정적,긍정적,긍정적,알 수 없음
2023-11,"양도 많고 가성비도 좋아요
떡이 쫠깃쫠깃하고 맛있는 소시지라 좋았어요
근데 맵찔이인 저한테는 먹을수록 좀 매웠어요
내장 포함된 순대도 너무 오랜만이네요
볶음밥 강추 무조건 드세요!!",긍정적,긍정적,긍정적,부정적,긍정적
2024-02,맛있어서 이틀 연속 왔어요 ~~,긍정적,긍정적,긍정적,알 수 없음,알 수 없음
2023-10,"은광여고 앞에 있는 영이네!!
예전 학교 앞에서 먹던 떡볶이 맛 그대로라 예전 생각 많이 나는 곳이에요. ❤️ 떡 쫜득한게 주말에 스트레스 팍 풀리네요 ㅋㅋㅋㅋ 콩나물 넣어서 시원하고, 소스가 떡에 깊게 베어서 떡만 먹어두 맛있어요!!✨️✨️✨️✨️🤭 센스있게 소세지랑 야끼만두, 라면은 덤덤더엄!
전에 양재역에서보다 매장이 확!!! 넓어져서 더 쾌적하고 넓게 먹을 수 있어서 좋았어요 🤭",긍정적,긍정적,긍정적,긍정적,긍정적
2024-06,맛나요,긍정적,긍정적,긍정적,알 수 없음,알 수 없음
2024-01,"런치 냉삼겹2인 양도많고 가성비 최고임 찌게까지.나오는지 몰랏는데.. 파절이도 최고...
점심에 고기먹고싶으면 ㄱㄱ
강남에 이정도 가성비 오랜만에봤습니다
이번주 주말 회식예정!",긍정적,긍정적,긍정적,알 수 없음,긍정적
2024-05,또왓어욬ㅋㅋㅋㅋ최애맛집,긍정적,긍정적,긍정적,알 수 없음,알 수 없음
2023-10,은광여고 근처 또다른 떡볶이 맛집이네요! 간판부터 방문해보고싶단 생각이 들어서 와봤는데 기대한것보다 훨씬 맛있었어요ㅎㅎㅎ 완전 추억의 학교앞 떡볶이 맛입니다! 과하지 않은 달달함과 맵지 않아 아이도 어른도 맛있게 먹을 수 있는 즉떡이에요,긍정적,긍정적,긍정적,긍정적,알 수 없음
2024-02,진짜 2번째 방문인데 여전히 맛있어요 ㅠㅠㅠㅠㅠ 다음에는 회식하러 와야겠어요!!👍,긍정적,긍정적,긍정적,긍정적,알 수 없음
2023-12,분식집 느낌이에욤! 분식집이지만 매장이 아주 넓습니다 그리고 즉석떡볶이가 맛있어용 ㅎㅎ,긍정적,긍정적,긍정적,긍정적,알 수 없음
2024-02,추억의 영이네 떡볶이. 즉석 떡볶이는 처음 먹어봤는데 역시 기대를 저버리지 않는 맛입니다. 강추합니다!,긍정적,긍정적,긍정적,알 수 없음,알 수 없음
2024-04,"점심시간에 자주 와요
항상 배불리 맛나게 먹구가요",긍정적,긍정적,긍정적,알 수 없음,긍정적
2024-02,"두번째 방문인데 오늘은 돈까스로 주문했어요>_<
너무 맛있어서 잊지 않고 이밤에 또 왔어요.",긍정적,긍정적,긍정적,긍정적,알 수 없음
2023-12,"동네를 지나다 우연히 발견한 즉석떡볶이 집
맛있고 깔끔해요.
어른들이 먹고 마실 음식도 있어서 가족동반으로 다시 방문예정이예요",긍정적,긍정적,긍정적,긍정적,알 수 없음
2024-02,학교앞에서 먹던 추억의 맛.. 너무 맛있어서 또오려구요!,긍정적,긍정적,긍정적,알 수 없음,알 수 없음
2023-12,"기대 안하고갔는데
너무 맛있었어요!

기대하고 가셔도 좋을듯 ᴗ͈ˬᴗ͈ ❤︎",긍정적,긍정적,긍정적,알 수 없음,알 수 없음
2023-09,"넓은 내부에 대화하기 좋은 아늑한 인테리어가 돋보이는 강남역 떡볶이집이에요!

강남이라 떡볶이치고 싸지는 않지만 그만큼 양도 많고 맛있어서 만족해요! 볶음밥까지 완벽하게 먹고 후회없습니다.. (´∀`)ｂ

다음에 또 들를게요!",긍정적,긍정적,긍정적,긍정적,긍정적
2024-03,뱅뱅사거리 즉석떡볶이 맛집이에요~!,긍정적,긍정적,긍정적,알 수 없음,알 수 없음
2023-09,"강남구 도곡로 양재역 찐맛집.
영이네 떡볶이 최고에요~
콩나물이 들어가서 시원한 맛도 나고, 많이 맵지도 않아 남녀노소 먹기 좋아요~

분식 메뉴뿐 만 아니라 술안주용 메뉴도 많아요.
좌석도 테이블이 20개 정도로 넓어서 단체 회식할 수도 있을 것 같아요~",긍정적,긍정적,긍정적,긍정적,긍정적
2023-11,"급하게 검색해서 찾아가서 먹었는데 득템한 기분이에요. 몇 년 전에 그곳에 밥집이었을 때 집밥 같고 전이 맛있어서 자주 갔었던 곳이거든요. 사무실 이사 후 몇 년 안 갔는데 그 자리에 분식점이 생겼네요. 시간이 없어서 빨리 먹을 수 있는 튀김범벅이랑 순대만 시켜 먹었는데, 다음번에 가서 즉석떡볶이 먹으려구요.
맛있게 잘 먹고 갑니다. 감사합니다. ^^",긍정적,긍정적,긍정적,긍정적,긍정적
2023-11,즉석떡볶이가 넘 맛있어요~!! 양이 많아서 배불러요. 옛날갬성 인테리어와 음악들으며 즉석떢이 먹으면 어느새 과거로 시간여행 뿅~^^,긍정적,긍정적,긍정적,알 수 없음,긍정적
2023-12,"맛있고 친절합니다
양도 많아요!",긍정적,긍정적,긍정적,긍정적,긍정적
2024-02,"저녁겸 왔는데 넘넘 맛있어요~~쭈꾸미에 고기에
오뎅국물에~~^^좋아요",긍정적,긍정적,긍정적,알 수 없음,알 수 없음
2024-01,"매장도 넓고 떡볶이 너무 맛있어요
메뉴도 다양해서
너무너무 맛있게 잘 먹고 갑니다^^",긍정적,긍정적,긍정적,알 수 없음,알 수 없음
2024-02,"미미!!!

집근처에 존맛 즉떡집이 있는걸
이제야 알았다니!!!🫠
양이 너무 많아서 볶밥도 못 먹구!!!ㅠㅠ",긍정적,긍정적,긍정적,알 수 없음,부정적
2024-02,즉석떡볶이 먹으러 왔어요!!! 떡볶이 넘 맛나요!!!,긍정적,긍정적,긍정적,알 수 없음,알 수 없음
2024-02,즉떡 맛집입니다 :),긍정적,긍정적,긍정적,알 수 없음,알 수 없음
2024-02,맛있고 친절해요,긍정적,긍정적,긍정적,긍정적,알 수 없음
2024-02,너무 맛있어요 우연히들린 식당인데 다음에 또 올것같아오~~♡,긍정적,긍정적,긍정적,긍정적,알 수 없음
2024-02,죤맛탱 꼭 와보세용 ㅎㅎㅎ,긍정적,긍정적,긍정적,알 수 없음,알 수 없음
2023-11,"도곡동맛집을 찾아 헤메다 만난 영이네
감동적인 떡볶이를 만났다
달달하면서도 매콤한
쫄깃한 밀떡은 감동이었다
볶음밥으로 마무리까지 완벽한
마음의 평화를 가져다준
즉석떡볶이 영이네",긍정적,긍정적,긍정적,긍정적,알 수 없음
2024-01,"양이 넉넉하니 많고 딱 즉석떡볶이 같아요~~
즉떡 먹고 싶을 때 방문하면 좋을 듯 해요^^",긍정적,긍정적,긍정적,알 수 없음,긍정적
2024-01,"가끔 김밥 떡볶이 오뎅 맛있어서 포장해서 먹습니다.
참치김밥 종종 포장하는데 시간이 조금걸려서
급하시면 미리 전화하고 가야할듯합니다.
다음에는 즉석떡볶이를 먹어보려합니다.",긍정적,긍정적,긍정적,부정적,알 수 없음
2023-12,"혼밥하기에도 쾌저하고 특히 김치볶음밥 맛있어요!
오뎅국물은 덤으로 주시네요",긍정적,긍정적,긍정적,긍정적,알 수 없음
2023-12,"항상 맛있어서 생각나는 맛집이에요~!!
떡볶이가 아이도 먹을 수 있는 적당한 매운정도~ 김밥도 맛있고 튀김은 바삭해서 좋아요^^
특히 계란튀김 추천합니다!!",긍정적,긍정적,긍정적,긍정적,알 수 없음
2024-01,너무 맛있어요~!!!,긍정적,긍정적,긍정적,알 수 없음,알 수 없음
2024-01,맛이 너무나 맜있습니다. 부모님도 가족들도 너무나도 맜있다고 하네요. 다시 오고 싶습니다!!!!!!,긍정적,긍정적,긍정적,알 수 없음,알 수 없음
2023-11,"맛도 양도 분위기도 엄지척~~
4인 가족 배터지게 먹었어요
쌍따봉 드립니다",긍정적,긍정적,긍정적,알 수 없음,긍정적
2024-05,분식,긍정적,긍정적,알 수 없음,알 수 없음,알 수 없음
2023-10,"간만에 즉떡 진짜 맛있게 먹었네요~^^
진짜 추억의맛 추억돋네요
직원분들도 너무 친절하시고
잘먹었습니다 재방문각~!",긍정적,긍정적,긍정적,긍정적,알 수 없음
2023-12,"양재동 즉떡 맛집이에요! 떡, 오뎅 가득한 즉석떡볶이~! 계란도 2개나 넣어주시고, 튀김만두, 라면사리, 소세지까지 풍성한 재료로 맛있고 배부르게 먹었어요:) 컨셉도 복고풍이라 특이하고, 저녁에는 술 안주도 팔아서 술마시기도 좋을 것 같아요 ㅎㅎ",긍정적,긍정적,긍정적,긍정적,긍정적
2024-05,맛있어요!!,긍정적,긍정적,긍정적,알 수 없음,알 수 없음
2024-02,맛있게 잘 먹었습니다!,긍정적,긍정적,긍정적,알 수 없음,알 수 없음
2023-11,"양도 많고, 매장도 넓어서 단체로 오기도 좋을거같아요
참치김밥도 먹었는데 속이 알차고 맛있어요ㅎㅎ
볶음밥도 맛있다고해서 기대중이에요!",긍정적,긍정적,긍정적,알 수 없음,긍정적
2024-01,"두번째 방문인데 너무 맛있어요
쫄면사리 추가 필수에요!
참치김밥도 맛있으니 꼭 드셔보세요 ㅎㅎ",긍정적,긍정적,긍정적,알 수 없음,긍정적
2024-02,맛있게 잘 먹었습니다~ ㅎ,긍정적,긍정적,긍정적,알 수 없음,알 수 없음
2023-11,"강남 근처에 일이 있어서 방문했어요!
오랜만에 즉석떡볶이가 먹고싶었는데 마침 딱!!
양도 푸짐하고 사장님도 너무 친절하세요!!ㅎㅎ
다음에 또 방문하겠습니당❤️👍🏻",긍정적,긍정적,긍정적,긍정적,긍정적
2023-12,가깝고 맛있고 가격도 좋고 안올 이유가 없는 곳이에요ㅠㅠ 담에는 삼겹살도 먹어보고 싶숨다🤭,긍정적,긍정적,긍정적,알 수 없음,알 수 없음
2023-11,양재역 맛집이라서 왔는데 너무 맛있고 양도 엄청 많아요 다음에 또 생각나서 단골될것같아요~,긍정적,긍정적,긍정적,알 수 없음,긍정적
2023-10,"분위기도 넘 좋고 즉떡, 일반분식떡볶이 둘다있어서 아주 좋아요. 오랜만에 즉떡먹는데 넘넘 맛있고 셀프서비스도좋고 사장님도 친절하셔요~",긍정적,긍정적,긍정적,긍정적,알 수 없음
2023-12,떡볶이 정말 맛있어요! 엄마는 생맥주 주는것 때문에 더 좋아하세요. :):) 단골집이 될 것 같습니다!,긍정적,긍정적,긍정적,긍정적,알 수 없음
2023-10,양이 진짜 많아요!! 막 엄청 자극적인 맛이 아니라서 맛있게 먹을 수 있었어요❤️ 양재역 맛집이네용!!! 전 즉떡 먹었어요!!,긍정적,긍정적,긍정적,알 수 없음,긍정적
2023-11,사람이 많았는데도 빨리 나와서 좋았어요!ㅎㅎ 앞으로도 자주 와서 먹을게용👍👍 잘먹고갑니당,긍정적,긍정적,긍정적,긍정적,알 수 없음
2024-02,맛집으로 떡볶이 추천요!,긍정적,긍정적,긍정적,알 수 없음,알 수 없음
2024-01,"자주오는 맛집이에요!
신당동 떡볶이보다 맛있어요😍",긍정적,긍정적,긍정적,알 수 없음,알 수 없음
2023-12,맛있어요 고등학교때 느낌나네요 넘넘 맛있어요,긍정적,긍정적,긍정적,알 수 없음,알 수 없음
2023-12,"레트로느낌에 장소도넓어서 모임하기좋더라구요!
즉떡먹었는데 분위기찰떡!맛있었숨다ㅎㅎ",긍정적,긍정적,긍정적,알 수 없음,알 수 없음
2023-12,"양이너무많아여!
2인이이만큼..돈까스도먹고싶엌ㅅ는데
양이많아서포기요..",부정적,부정적,알 수 없음,알 수 없음,부정적
2023-11,"야근할때 자주 와서 먹어요
참치김치덮밥도 맛나고 즉떡 아닌 그냥 떡볶이도 맛나네요~~",긍정적,긍정적,긍정적,알 수 없음,알 수 없음
2023-11,"저 진짜 리뷰 잘 안쓰는데
그동안 수 많은 떡볶이 먹어봤지만 영이네가 찐입니다…👍🏻👍🏻👍🏻
맛,양,분위기 하나도 빠짐없이 완벽해요 ✨

사장님 들숨에 건강 날숨에 재력 얻으십쇼 🙇🏻‍♀️🩷",긍정적,긍정적,긍정적,긍정적,긍정적
2024-01,"즉석떡볶이집을 찾던중 동네에 이런 숨겨진 맛집을 발견하다니.!!

정신없이 먹느라 사진도 못남겼음.ㅠ
추천👍👍",긍정적,긍정적,긍정적,알 수 없음,알 수 없음
2023-12,아직 먹기 전이지만 내용물이 푸짐하네요. 인테리어랑 음악도 7080 분위기 물씬나네요. 오랜만에 즉석 떡볶이 잘 먹겠습니다!,긍정적,긍정적,알 수 없음,긍정적,긍정적
2023-11,"매장이 넓어요. 단체손님도 가능할 듯 싶네요.
점심에 즉석 떡볶이 맛있게 먹었어요.",긍정적,긍정적,긍정적,알 수 없음,알 수 없음
2023-12,엄청단골이에요 늘 맛있어요!🐣,긍정적,긍정적,긍정적,알 수 없음,알 수 없음
2023-12,너무너무 맛있어요!!!!! 또 올게용,긍정적,긍정적,긍정적,알 수 없음,알 수 없음
2023-09,"양재역 지나가다가 보고 손님많고 맛있어보여서 왔는데
분식느낌아니고 술집?느낌되서 살짝놀랐는데 맛있어요^^
넓어지니좋아요!",긍정적,긍정적,긍정적,긍정적,알 수 없음
2024-01,오뎅이 쫄깃하고 오뎅 국물이 짭잘하니 감칠맛이 끝내줘요 그리고 오뎅은 조연이고 떡볶이는 달달하니 콩나물이 있어서 매운걸 잘 먹지 못하는 분들도 쉽게 접할수 있는거 같아요 아주 맛있어요,긍정적,긍정적,긍정적,알 수 없음,알 수 없음
2023-11,직장 동료와 함께 방문했어요. 가성비 좋고 맛있고 붐위기도 좋은 곳이예요^^,긍정적,긍정적,긍정적,긍정적,알 수 없음
2024-05,맛나요,긍정적,긍정적,긍정적,알 수 없음,알 수 없음
2023-12,"옛 추억 맛!!!
신선하고 깔끔하고 맛나요~",긍정적,긍정적,긍정적,알 수 없음,알 수 없음
2023-10,"너무 맛있네요!
즉떡 땡길때는 영이네로 방문하겠습니다👍👍👍",긍정적,긍정적,긍정적,알 수 없음,알 수 없음
2023-09,회사 근처라 점심시간에 먹으러 왔는데 음식도 금방 나오고 떡볶이도 넘 맛있었어요💕 국물 떡볶이인데 파랑 콩나물 들어가서 시원합니다!! 해장으로도 좋을듯여 ㅋㅋㅋㅋ 볶음밥까지 꼭 드시고 가세요!!,긍정적,긍정적,긍정적,긍정적,긍정적
2023-09,"친구들이랑 즉떡 먹기위해 방문한 영이네. 은광여고, 뱅밸사거리 근처에 있다.

맥주 함께 즐길 수 있는 즉떡집이어서 좋았고 매장 내부도 쾌적하고 넓어서 여럿이서 방문하기 좋은 곳이다 :)",긍정적,긍정적,긍정적,긍정적,알 수 없음
2023-12,직장인 친구들이랑 먹었는데 맛있게 먹었어요 즉석 떡볶이인지 알았다가 그렇지 않아서 좀 아쉽긴 했지만 주문 하실 때는 꼭 즉석인지 아닌지 확인 하세요,긍정적,긍정적,부정적,긍정적,알 수 없음
2023-10,주말아침에 너무 딱이예요! 양도 많고 맛있어요~~~또올게요!! 추천합니다,긍정적,긍정적,긍정적,알 수 없음,긍정적
2023-11,너무 맛있어요 자주 가는 곳입니다.^^,긍정적,긍정적,긍정적,알 수 없음,알 수 없음
2023-12,"비오는날
통유리앞에서ㅎ
엔틱 크리스마스 데코도 한몫하네요",긍정적,긍정적,알 수 없음,긍정적,알 수 없음
2023-12,"즉떡 먹고 싶어서 가족들과 왔는데
자리도 편하고 맛있어서 즐겁게 식사했어요!",긍정적,긍정적,긍정적,긍정적,알 수 없음
2023-11,"즉석떡볶이에 계란이 두개나 들어있고 콩나물과 야채가 푸짐하게 들어있어서 완전 가성비 맛집!!!!
도곡동맛집으로 여기 저장해둬야겠어요!!
매콤달콤의 정석이에요!😻😻😻",긍정적,긍정적,긍정적,알 수 없음,긍정적
2023-12,종종 오는 곳 ㅋ 너무 맛있어요 ㅋ,긍정적,긍정적,긍정적,알 수 없음,알 수 없음
2023-12,"친절하고 메뉴도 다양해서 좋습니다^^

매번 오는데 맛있네요",긍정적,긍정적,긍정적,긍정적,알 수 없음
2023-10,"즉석떡볶이가 먹고 싶었지만 혼밥이라 분식으로..
떡볶이 튀김 옛날감성으로 맛나요.
혼밥하기 좋습니다.ㅎㅎ",긍정적,긍정적,긍정적,알 수 없음,알 수 없음
2023-11,맛있어요~적극추천~^^,긍정적,긍정적,긍정적,알 수 없음,알 수 없음
2023-11,"어른이 먹기엔 맛있어요
오뎅이 매운맛이있어 아주 어린아가들에게는 못먹어서 김밥주문했어요.
저는 맛있네요^^",긍정적,긍정적,긍정적,긍정적,알 수 없음
2023-10,"세트메뉴 재료도 많고, 너무 맛있어요! 자리도 널찍하고 컨셉이 있어서 입도 눈 즐겁게 먹고가네요ㅎㅎ 또올게요~",긍정적,긍정적,긍정적,긍정적,긍정적
2024-01,친절하고 맛있어요!,긍정적,긍정적,긍정적,긍정적,알 수 없음
2024-06,재밌어요,긍정적,긍정적,알 수 없음,알 수 없음,알 수 없음
2023-11,"여기는 항상 맛있어요~^^ 대패삽겹즉석떡볶이는 처음인데 맛있는 조합이네요~
떡볶이가 쫄깃하고 계란튀김이 정말 맛있어요!!",긍정적,긍정적,긍정적,알 수 없음,알 수 없음
2023-10,"너무맛있어요
친절하시고
가게커졌는데 더 깨끗하고
더맛있어진듯ㅎㅎ
또올께요~~~",긍정적,긍정적,긍정적,긍정적,알 수 없음
2023-11,맛있다고 소문나서 이제야 드디어 와보네요,긍정적,긍정적,긍정적,알 수 없음,알 수 없음
2023-11,"끓기전의 즉석떡볶이!
즉석은 또다른 맛일꺼같아요
세트도 맛집이에요",긍정적,긍정적,긍정적,알 수 없음,알 수 없음
2023-11,"도곡동의 오랜전통 영이네 떡볶이에 오랜만에 왔어요 ㅎㅎ 가게도 확장헤서 넓고, 맛은 말해뭐해 너무 맛있었답니다☺️",긍정적,긍정적,긍정적,긍정적,알 수 없음
2023-06,"새로생긴 로제 떡볶이도 너무 맛있어요😭
영이네 떡볶이가 원래 살짝매콤해서 그런지 로제도 그 맛을 살려 꼬소하고 매콤해서 느끼하지도 않고 최곱니다 ㅠㅠ
순대랑 어울릴까 살짝 고민하면서 시켰는데 소스가 너무 맛있어서 결국 앞에있는 모든 음식을 찍어먹었어요ㅋㅋㅋㅋ
영이네 새로운 메뉴가 많아져서 도장깨기 하듯이 부지런히 먹으러 가야겠어요 🤭🧡",긍정적,긍정적,긍정적,긍정적,긍정적
2023-12,돈까스즉떡에 생맥주 먹었어요 너무 맛있어요!!!,긍정적,긍정적,긍정적,알 수 없음,알 수 없음
2023-10,"맛나요 맛나 !!!
자주 애용하는 곳이에요~!",긍정적,긍정적,긍정적,알 수 없음,알 수 없음
2023-11,떡볶이가 달고 맛있어요. 넓고 인테리어도 좋아요.단점은 화장실이 밖에 있다는 거ㅜㅜ,긍정적,긍정적,긍정적,알 수 없음,알 수 없음
2023-10,"즉떡 짱이닷!!
간만에 제대로 먹었어요.
배불러서 볶밥 못 먹어서 아숩 ㅡㅡ
떡튀순도 먹어야 하니 조만간 또 가는걸루!",긍정적,긍정적,긍정적,알 수 없음,부정적
2023-10,회사 근처 새로생겨서 와봤어요! 넓고 좋아요,긍정적,긍정적,알 수 없음,알 수 없음,알 수 없음
2023-12,정말 맛있고 양도 많아서 먹기가 좋아요.,긍정적,긍정적,긍정적,알 수 없음,긍정적
2023-11,"떡볶이 맛집이에요 영이네 추천합니다~ 🩵
양도 많고 맛있는 집이에요 볶음밥도 꼭 드세요 😻",긍정적,긍정적,긍정적,알 수 없음,긍정적
2023-11,"완전 맛있습니다
떡볶이는 영이네! 다시오고 싶어요",긍정적,긍정적,긍정적,알 수 없음,알 수 없음
2024-01,맛있어요,긍정적,긍정적,긍정적,알 수 없음,알 수 없음
2023-10,"맛있어요!
단체 모임하기 좋아요~",긍정적,긍정적,긍정적,알 수 없음,알 수 없음
2023-10,좌석도 넓고 예전 노래도 나와서 추억이 생각납니다.,긍정적,긍정적,알 수 없음,긍정적,알 수 없음
2023-11,맛있게 잘 먹었습니다 ㅎㅎ 즉떡 넘 맛있어요~!! 추천합니다~~!!,긍정적,긍정적,긍정적,알 수 없음,알 수 없음
2023-11,맛있는 저녁식사 대박 입니다.,긍정적,긍정적,긍정적,알 수 없음,알 수 없음
2023-11,완전 맛있어요!,긍정적,긍정적,긍정적,알 수 없음,알 수 없음
2023-11,"지난번 맛있게 먹고 오늘 따뜻한 즉떡이 생각나서 재방문~~
오늘도 성공~~ ^^
쾌적하고 편안한 좌석 , 좋은 분위기에서 좋은 시간 보냈어요~

가족 단위 직장동료 등 다양한 손님들이 보이네요~~",긍정적,긍정적,긍정적,긍정적,알 수 없음
2023-06,영이네에 즉석떡볶이가 생기다니!! 너무 맛있어요!!! 적당히 매콤하고 배불러도 계속 들어가는 맛 ㅠㅠ 배불러도 볶음밥 꼭 먹어야 합니다...👍 가게도 넓어지구 메뉴도 전보다 더 많아져서 메뉴고르는데 고민했어요 헤헤 매장도 컨셉이 특이해서 보는재미가 쏠쏠하네욬ㅋㅋㅋ 담에는 로제 떡볶이 먹으러 갈께요~~,긍정적,긍정적,긍정적,긍정적,긍정적
2023-11,"여러명이 점심으로 회식대신 왔어요.
완전 양푸짐하고 매콤하니 맛있어요.
날씨 쌀쌀해지는데 따뜻한 떡볶이 강츄합니다.",긍정적,긍정적,긍정적,알 수 없음,긍정적
2023-11,너무 맛닜어요 가선비도 훌륭하고 분위기도 좋아요,긍정적,긍정적,긍정적,긍정적,알 수 없음
2023-10,양도 많고 직원분들도 친절하시고 가격도 합리적이어서 또 올것같애요~ 맛도 👍 영이네 떡볶이 강추합니당~,긍정적,긍정적,긍정적,긍정적,긍정적
2024-01,인테리어가 정말 멋져요. 떡볶이도 맛있어요.,긍정적,긍정적,긍정적,알 수 없음,알 수 없음
2023-11,맛있는 김밥과 라면!! 영이네 좋으요,긍정적,긍정적,긍정적,알 수 없음,알 수 없음
2023-12,맛있어요!!,긍정적,긍정적,긍정적,알 수 없음,알 수 없음
2023-10,"자주 찾는 영이네 역시 최고랍니다.
친절하시고, 모든 메뉴가 최고!!!",긍정적,긍정적,긍정적,긍정적,알 수 없음
2023-11,"즉석떡볶이 양념이 잘베어있구
순대도 넘맛있어용",긍정적,긍정적,긍정적,알 수 없음,긍정적
2023-11,너무 맛있어요!!,긍정적,긍정적,긍정적,알 수 없음,알 수 없음
2023-09,"양재역에 매장있을때부터 자주갔는데
이전확장하시고 메뉴가 엄청 다양해젔어요 !!
비오는날 육전 먹었는데 대~~~~ 존맛!!
정육점사장님 출신인 사모님께서 직접 육절기로 썰어서
바로 부처주셔서 긍가 더 존맛존맛!!!!!!♡♡♡♡
손님 엄청 많던데 직원분들도 친절하시고
특히 남자사장님 눈웃음 넘나 매력적😆",긍정적,긍정적,긍정적,긍정적,긍정적
2023-10,떡볶이가 어렸을때 학교앞에서 먹던 그맛입니다. 순대더 냄새 전혀안나고 전부 맛있네요! 애들이 너무좋아해여,긍정적,긍정적,긍정적,알 수 없음,긍정적
2023-10,"너무 맛있어요
특히 새우 튀김♡♡
국물이 끝내줘요",긍정적,긍정적,긍정적,알 수 없음,알 수 없음
2023-05,"양재역 바로앞에 있을때부터 다녔던,,
싸장님 가게 확장하셔서 뱅뱅사거리쪽으로 와주심👏

살짝매콤달콤 자극적인 집맛 떡뽁이 좋아한다면
요기 즉석 떡뽁 좋아할꺼임^^
매일은 아니지만 어쩌다 한번씩 방문할만한 곳👌

싸장님 넓은 가게에서 뵈니까 더 반갑쓰~
오래 오래 운영해주시길!!
기회되면 저녁에 술 두잔🍻하러 가보겠씀요🙏",긍정적,긍정적,긍정적,긍정적,알 수 없음
2023-10,가성비좋고 너무 맛잇어요 볶음밥도 야무지게 먹어줘야함,긍정적,긍정적,긍정적,알 수 없음,알 수 없음
2024-01,좋아요,긍정적,긍정적,알 수 없음,알 수 없음,알 수 없음
2023-10,"드뎌 오리지날 즉떡시식~~~~
후회없음요 ㅎ",긍정적,긍정적,긍정적,알 수 없음,알 수 없음
2023-11,너무 맛있어요!!,긍정적,긍정적,긍정적,알 수 없음,알 수 없음
2023-09,맛집이라고 소문듣고 찾아왔어요~~~,긍정적,긍정적,긍정적,알 수 없음,알 수 없음
2023-11,"처음 방문인데~너무 맛있어요^^
나중에 볶음밥도 굿~~",긍정적,긍정적,긍정적,알 수 없음,알 수 없음
2023-09,"추억의 영이네 떡볶이!
확장하고 처음 갔는데 예전의 맛이 그리운 건 기분 탓일까요ㅠㅠ 맛있게 먹었는데 전이 더 맛있었던 거 같아요 흑",긍정적,긍정적,긍정적,알 수 없음,알 수 없음
2023-08,"인생 떡볶이집을 찾았습니다..
여기 방문하시는 분들 순대랑 김말이 튀김은 꼭드셔주세요.. 순대는 간, 허파 그런거 다 넣어서 드시구요.. 순대는 정말 찐 존 맛 탱…

자극적이고 양념 맛이 쎈 떡볶이를 좋아하시는 분이라면 비추, 깔끔하고 시원하면서도 맵고, 너무 자극적이지 않아서 너무 좋았습니다.

볶음밥도 꼭 드시길..👍👍👍",긍정적,긍정적,긍정적,알 수 없음,긍정적
2023-10,동네근처인데 맛도 깔끔하고 사장님도 친절합니다.,긍정적,긍정적,긍정적,긍정적,알 수 없음
2023-10,"지인 소개로 와봤는데 음식도 맛있고
동료들한테 칭찬도 받았네요~
점심시간엔 직장인들로 만석
대박ㅎㅎ 참고하시길",긍정적,긍정적,긍정적,긍정적,알 수 없음
2023-09,맛납니다~!첨 와보는데 아주 좋네요!ㅋ,긍정적,긍정적,긍정적,긍정적,알 수 없음
2023-10,"추억의 영이네 떡볶이
포장마차에서 먹던 그 맛이에요!",긍정적,긍정적,긍정적,알 수 없음,알 수 없음
2024-01,떡볶이 원탑!!!!!!,긍정적,긍정적,긍정적,알 수 없음,알 수 없음
2023-07,"첫 방문인데 가성비도 좋고 맛있어요.
배달 엄청 들어오더라고요!! 맛집으로 이미 소문이
난 곳인가봐요!!",긍정적,긍정적,긍정적,긍정적,알 수 없음
2023-09,"너무 맛있게 잘 먹었습니다!!!
추천합니다!",긍정적,긍정적,긍정적,알 수 없음,알 수 없음
2023-09,여러가지 다먹어봤는데 진짜 다 맛있어요!! 직원분들도 친절하시고 매장도 엄청 청결해요 매장이 추억돋고 좋아요ㅋㅋ,긍정적,긍정적,긍정적,긍정적,알 수 없음
2023-09,회사 점심에 먹기 좋아요 짱 맛있어요,긍정적,긍정적,긍정적,알 수 없음,알 수 없음
2023-10,점심에 먹으러왔는데 매장도 넓고 양도 많아용 굿굿 👍👍💕,긍정적,긍정적,알 수 없음,긍정적,긍정적
2023-10,맛있게 잘 먹구 가요~,긍정적,긍정적,긍정적,긍정적,알 수 없음
2023-10,"소문 듣고 왔는데 넘 맛있게~~
뱅뱅사거리 새로운 맛집으로 인정 ^^",긍정적,긍정적,긍정적,알 수 없음,알 수 없음
2023-09,"첨 와 봤는데
청결하고 분위기도 좋으네요~~",긍정적,긍정적,알 수 없음,긍정적,알 수 없음
2023-09,음식이 맛있습니다.!! 또 올게요!!,긍정적,긍정적,긍정적,알 수 없음,알 수 없음
2023-09,"너무 맛있게 잘 먹었습니다
김밥도 맛잇고 다 맛잇어요",긍정적,긍정적,긍정적,알 수 없음,알 수 없음
2023-08,"추억의 즉석 떡복기
김밥이 맛있는집
넓고 주차도 친절히 도와주심",긍정적,긍정적,긍정적,긍정적,알 수 없음
2023-11,떡볶이 맛나요~,긍정적,긍정적,긍정적,알 수 없음,알 수 없음
2023-05,"요런 옛날 분위기 나는 거게에용~
국물 떡볶이도 있구요!
일반 떡볶이도 있구요!
튀김, 김밥, 순대까지.. 다양한 메뉴들이 있지요~

근데 점심시간에는 사람이 짱 많으니까..
참고하세융~",긍정적,긍정적,긍정적,긍정적,알 수 없음
2023-09,"분위기 좋고 가격적당하고 맛있습니다.
자주 올거 같아요.
대박나세여^^~",긍정적,긍정적,긍정적,알 수 없음,알 수 없음
2023-09,맛있어요 또가고싶음,긍정적,긍정적,긍정적,알 수 없음,알 수 없음
2023-06,"점심엔 사람 많으니까, 11시반에 가거나~ 아님 늦게 12시반에 가는것을 추천합니다!",긍정적,긍정적,알 수 없음,긍정적,알 수 없음
2023-09,"맛있게 먹었어요
즉떡 튀김 순대 김밥 다 맛있어요",긍정적,긍정적,긍정적,알 수 없음,알 수 없음
2023-09,떡볶이 진짜 맛잇어요 이사가서 낣구,긍정적,긍정적,긍정적,알 수 없음,알 수 없음
2023-09,"양도 많고 사장님도 친절하세요!
맛도 좋아요!",긍정적,긍정적,긍정적,긍정적,긍정적
2023-11,"알바하는 분이 좀 무서워요ㅠㅠ
사장님 자리 지켜주세요",부정적,부정적,알 수 없음,부정적,알 수 없음
2023-10,굿,긍정적,긍정적,긍정적,알 수 없음,알 수 없음
2023-06,"즉석떡볶이 국물이 맑고 칼칼한게 맛있어요.
레트로스타일의 내부 공간이 재미있고 가성비좋은 메뉴들이 맘에 드네요. 배달주문이 계속 들어오는걸보면 다들 입맛이 같은가봅니다^^",긍정적,긍정적,긍정적,긍정적,알 수 없음
2023-08,"즉석 국물 떡볶이
새로 생겨서 가봤는데 맛이 괜찮네요",긍정적,긍정적,긍정적,알 수 없음,알 수 없음
2023-12,굿,긍정적,긍정적,긍정적,알 수 없음,알 수 없음
2023-09,매장 이전하고 처음 왔는데 엄청 커졌네요 와오,긍정적,긍정적,알 수 없음,긍정적,알 수 없음
2023-09,맛있어요,긍정적,긍정적,긍정적,알 수 없음,알 수 없음
2023-05,계란후라이에 오뎅까지 항상 맛있게 잘 먹습니다.,긍정적,긍정적,긍정적,알 수 없음,알 수 없음
2023-06,떡볶이 매콤하고 맛잇어요,긍정적,긍정적,긍정적,알 수 없음,알 수 없음
2023-05,"아무 정보 없이 지나가다 들어갔는데
소스 맛있어서 떡볶이 대대만족했어요",긍정적,긍정적,긍정적,알 수 없음,알 수 없음
2023-09,굿굿!,긍정적,긍정적,긍정적,알 수 없음,알 수 없음
2023-12,굿,긍정적,긍정적,긍정적,알 수 없음,알 수 없음
2023-09,맛있어용 ㅎㅎㅎ,긍정적,긍정적,긍정적,알 수 없음,알 수 없음
2023-09,"인테리어도 멋지고, 음식도 너무너무 맛있어요",긍정적,긍정적,긍정적,알 수 없음,알 수 없음
2023-10,굿,긍정적,긍정적,긍정적,알 수 없음,알 수 없음
2023-05,떡볶이 매콤하구 맛있어요!,긍정적,긍정적,긍정적,알 수 없음,알 수 없음
2023-07,맛있어요.,긍정적,긍정적,긍정적,알 수 없음,알 수 없음
2023-11,굿,긍정적,긍정적,긍정적,알 수 없음,알 수 없음
2023-05,국물떡볶이 맛있오요~~~,긍정적,긍정적,긍정적,알 수 없음,알 수 없음
2023-08,엄청 맛나요,긍정적,긍정적,긍정적,알 수 없음,알 수 없음
2023-07,맛집입니다,긍정적,긍정적,알 수 없음,알 수 없음,알 수 없음
2023-08,맛있어요,긍정적,긍정적,긍정적,알 수 없음,알 수 없음
2023-09,맛있어요,긍정적,긍정적,긍정적,알 수 없음,알 수 없음
2023-09,좋아요,긍정적,긍정적,알 수 없음,알 수 없음,알 수 없음
2023-07,맛있어요,긍정적,긍정적,긍정적,알 수 없음,알 수 없음
2023-05,넓고 쾌적쓰,긍정적,긍정적,알 수 없음,긍정적,알 수 없음
2023-07,굿,긍정적,긍정적,긍정적,알 수 없음,알 수 없음
2023-03,헉스 진짜 맛나요 자주와야징❤️,긍정적,긍정적,긍정적,알 수 없음,알 수 없음
2023-05,맛있어요!,긍정적,긍정적,긍정적,알 수 없음,알 수 없음
