Date,Review,sentiment,Sentiment2,맛,서비스,양
2024-08,"우연히 들려본 곳인데 가격이 합리적이고 분위기가 좋아용
샐러드랑 샌드위치 종류가 다양해서 하나씩 맛보고 싶어용",긍정적,긍정적,긍정적,긍정적,알 수 없음
2024-02,"강남에서 샌드위치가 6500원이라
괜찮네요 ㅎㅎ 한끼먹기 너무좋습니다",긍정적,긍정적,긍정적,알 수 없음,알 수 없음
2024-02,"샐러드의 경우 다양한 옵션이 가능했고, 샌드위치의 종류도 다양했습니다. 가게는 크기가 크지 않지만 사람이 많지는 않아서 충분히 앉을 수 있었어요. 근방에 들를 샐러드집이 애매했는데 점심에 자주 올 수 있을 것 같은 곳을 찾아서 좋네요! 건강하게 점심 먹고 싶을 때 딱인듯합니다.",긍정적,긍정적,긍정적,긍정적,알 수 없음
2024-08,굿,긍정적,긍정적,긍정적,알 수 없음,알 수 없음
2024-01,"친절해요.
샌드위치 종류 다양해요.
신선해요.",긍정적,긍정적,알 수 없음,긍정적,알 수 없음
2024-01,"점심 시간에 간편하고 맛있게 먹기 좋아서 종종 방문합니다~ 에그단호박, 바질크림치킨 샌드위치 너무 맛있어요!",긍정적,긍정적,긍정적,알 수 없음,알 수 없음
2024-01,사장님도 친절하시고 양도 많고 맛도 좋아요!,긍정적,긍정적,긍정적,긍정적,긍정적
2023-11,사장님 친절하시고 맛있어요. 음식 나오는건 시간 좀 걸려요.,긍정적,긍정적,긍정적,부정적,알 수 없음
2023-10,가게는 좁지만 맛있고 사장님 직원분 다 친절하세요.,긍정적,긍정적,긍정적,긍정적,알 수 없음
2023-11,맛있어용,긍정적,긍정적,긍정적,알 수 없음,알 수 없음
