Date,Review,sentiment,Sentiment2,맛,서비스,양
2024-07,"넘 더워 몸 보신 맛나게 잘 먹음
버섯 추가로 시켰는데 좀 외소 ㅎ
3명이 2키로 여유있게 먹음",긍정적,긍정적,긍정적,부정적,긍정적
2024-10,위치와 가성비는 좋아요. 서비스(친절)는 기대하면 안됨.,긍정적,긍정적,알 수 없음,부정적,알 수 없음
2024-07,"첨으로 짜글이 먹어봄 ㅎ
장어 세명이 1키로는 조금 모자른듯
1키로 추가 주문
너무 배부르고 맛나게 먹고옴",긍정적,긍정적,긍정적,알 수 없음,부정적
2024-07,"장어 1키로 59000원
상차림 1인당 3000원
장어 완전 싱싱하고 맛있어요.
집과 가까운곳에 있어 자주 가야되겠어요.",긍정적,긍정적,긍정적,긍정적,긍정적
2024-08,싱싱하고 장어 큼직해 먹을만해요,긍정적,긍정적,긍정적,알 수 없음,알 수 없음
2024-05,두 곳 가봤는데 두 곳다 너무 만족스럽게 먹고 왔습니다. 장어 먹고 싶을때 가는 곳입니다.,긍정적,긍정적,긍정적,알 수 없음,알 수 없음
2024-09,한까 괜찬아요,긍정적,긍정적,알 수 없음,알 수 없음,알 수 없음
2024-05,"역시 맛있다 대파김치가 별미~
사장님도 친절하시다",긍정적,긍정적,긍정적,긍정적,알 수 없음
2024-10,"점심특선 가성비, 맛 최고!!",긍정적,긍정적,긍정적,알 수 없음,알 수 없음
2024-06,"이게 장어덮밥 정식이래요
어딜봐서 장어덮밥인지, 전에 있던 장어정식 이름만 바꾼거같은데 어이가 없어요",부정적,부정적,부정적,부정적,알 수 없음
2024-04,뜻뜻해서 렌즈에 습기참~냄새도 안나고 잘 갈은 추어탕~,긍정적,긍정적,긍정적,알 수 없음,알 수 없음
2023-12,"연말모임장소로 좋은 장수촌풍천장어👍

셀프바에서 모자란 반찬 담아 푸짐하게 먹었습니다.
장어구이 정말 투실하고
노릇노릇 담백하게 직접 모두구워주십니다.
매장분위기도 밝고 술한잔에 건강한 고급 안주로 즐길 수 있어 인기회식장소입니다!",긍정적,긍정적,긍정적,긍정적,긍정적
2024-09,맛있어요,긍정적,긍정적,긍정적,알 수 없음,알 수 없음
2024-05,남자 사장님은 친절하심. 셀프바가 있어 편리함.,긍정적,긍정적,알 수 없음,긍정적,긍정적
2024-06,Pretty good!,긍정적,긍정적,긍정적,알 수 없음,알 수 없음
2024-06,점심 특선 잘 먹었습니다!,긍정적,긍정적,긍정적,알 수 없음,알 수 없음
2024-04,서빙 아저씨 손님말점 들어주세요 그냥 막 서빙하지말고요 음식이 싼것도 아닌데 서비스가 졀로네요,부정적,부정적,알 수 없음,부정적,알 수 없음
2024-02,다 구워주셔서 맛있게 먹기만 하면 되요! 넘 맛있어여👍🏻,긍정적,긍정적,긍정적,긍정적,알 수 없음
2024-04,"배고파서 먹기 바빠 사진 찍은게 없네요~
몸보신 하러 가기 좋은곳~
가격도 착하고 좋아요~",긍정적,긍정적,알 수 없음,긍정적,알 수 없음
2023-11,"회사옆인데도 불구하고 첨 가봄.
장어는 청계산가서 먹어야 맛난줄 알았는데
회사옆집도 맛나따👍
기본반찬도 보기엔 맛없어보였는데
막상 먹으니 다 맛나따👍👍
이정도면 고기 질릴때 종종 가볼듯하다😊",긍정적,긍정적,긍정적,알 수 없음,긍정적
2024-06,아조아,긍정적,긍정적,알 수 없음,알 수 없음,알 수 없음
2024-03,"다른건 몰라도 장어구이는 가성비좋아요
신선하고 맛있습니다",긍정적,긍정적,긍정적,알 수 없음,알 수 없음
2024-03,장수촌풍천장어입니다,긍정적,긍정적,알 수 없음,알 수 없음,알 수 없음
2024-06,굿,긍정적,긍정적,긍정적,알 수 없음,알 수 없음
2024-01,들깨옹심이 9천원 양이 많아요.,긍정적,긍정적,알 수 없음,알 수 없음,긍정적
2024-01,오랫만에 방문했는데 맛있게 잘 먹었습니다.,긍정적,긍정적,긍정적,알 수 없음,알 수 없음
2024-05,Go,긍정적,긍정적,알 수 없음,알 수 없음,알 수 없음
2023-12,"16000원짜리 장어정식
이용에 참고 하세요.",부정적,부정적,알 수 없음,긍정적,알 수 없음
2024-01,"합리적인 가격에 먹기
좋아요",긍정적,긍정적,긍정적,알 수 없음,알 수 없음
2024-05,오랫만에 왔어요,긍정적,긍정적,알 수 없음,긍정적,알 수 없음
2024-04,소금구이 굿~,긍정적,긍정적,긍정적,알 수 없음,알 수 없음
2024-06,굿,긍정적,긍정적,긍정적,알 수 없음,알 수 없음
2023-10,다 구워주셔서 맛있게 먹기만하면됩니당! ◟̊◞̊,긍정적,긍정적,긍정적,긍정적,알 수 없음
2023-11,풍천장어 맛집이지만 점심시간에 나오는 제육볶음 또한 별미입니다!,긍정적,긍정적,긍정적,알 수 없음,알 수 없음
2024-04,좋아요^^,긍정적,긍정적,긍정적,알 수 없음,알 수 없음
2023-06,"첫방문입니다.
가성비 좋고 장어 맛나네요.
추가용 반마리 있으면 좋겠네요.",긍정적,긍정적,긍정적,알 수 없음,부정적
2023-12,굿 맛나용,긍정적,긍정적,긍정적,알 수 없음,알 수 없음
2023-07,신선하고 맛있어요! 재방문의사 1000!! 사장님도 너무 친절하십니다,긍정적,긍정적,긍정적,긍정적,알 수 없음
2023-11,"대파김치찌게 라서 한번 경험 해보았네요
특별한 기대하지 마세요",부정적,부정적,긍정적,알 수 없음,부정적
2023-07,"오랫만에 방문..역시 보양식은 장어소금구이ㅎㅎ
오늘도 맛있게 잘 드심ㅎㅎㅎ",긍정적,긍정적,긍정적,알 수 없음,알 수 없음
2023-07,"장어가 작지 않고 제법 살도 있어요
반찬도 셀프리필 가능해서 좋았구요
무엇보다 당귀 채소가 독특하면서 맛있었고
건강해지는 기분이 들었답니다",긍정적,긍정적,긍정적,긍정적,알 수 없음
2023-07,"오랜만에 몸보신하러 방문했어요
여전히 장어 맛있고 반찬도 꼭필요한 맛있는거만 있어서 잘 먹었습니다
사장님들 바쁘신데도 친절하세요♡
입짧은 2명이 한마리에 반마리 추가하고 장어탕까지
배불리 잘 먹었습니다^^",긍정적,긍정적,긍정적,긍정적,긍정적
2023-03,"뱅뱅사거리 장수촌 풍천장어.

장어가 싱싱하고 전복도 너무 맛있었어오ㅡ.

들깨옹심이도 맛있어요.
예전어 칼국수있었는데 칼국수는 없어졌더라구요.
옹심이도 굿굿입니다.",긍정적,긍정적,긍정적,부정적,부정적
2023-10,굿,긍정적,긍정적,긍정적,알 수 없음,알 수 없음
2023-08,가격대비 맛있어요,긍정적,긍정적,긍정적,알 수 없음,알 수 없음
2023-03,"싼초를 들깨로 착각~퍽팍 화악~흑흑..
김이 아주 맛있고 친절함",부정적,부정적,긍정적,긍정적,알 수 없음
2023-03,냄새안나고 맛나요 반찬은 기본이구여 깔끔해요,긍정적,긍정적,긍정적,알 수 없음,알 수 없음
2023-10,친절,긍정적,긍정적,알 수 없음,긍정적,알 수 없음
2023-03,간단히장어먹기좋네요~~,긍정적,긍정적,긍정적,알 수 없음,알 수 없음
2023-04,ㄴㄴ,부정적,부정적,알 수 없음,알 수 없음,알 수 없음
2022-11,요즘 살이 올랐는지 탱탱 하네요^^,긍정적,긍정적,긍정적,알 수 없음,알 수 없음
2022-11,"장어는 먹고프나 매장에서 혼밥하긴 뭣하고 장어덮밥 도시락 포장 된다해서 고고~ 한끼 16,000원이니 좀 거한 점심이었지만 여름철 보양식으론 최고~",긍정적,긍정적,긍정적,알 수 없음,긍정적
2023-04,굳,긍정적,긍정적,알 수 없음,알 수 없음,알 수 없음
2023-01,장어가 맛있어요 칼국수도 매우 맛나게 먹었어요 가성비가 좋네요,긍정적,긍정적,긍정적,알 수 없음,알 수 없음
2023-04,굳,긍정적,긍정적,알 수 없음,알 수 없음,알 수 없음
2023-03,굳,긍정적,긍정적,알 수 없음,알 수 없음,알 수 없음
2023-07,좋아요,긍정적,긍정적,알 수 없음,알 수 없음,알 수 없음
2022-11,"최악입니다
장어 신선도를 속이시면 안되죠
첨부터 B급 장어를 저렴하게 판매한다고 하시던지
교묘하게 섞어서 구워 주시던데 ...
딱 표납니다
먹어보시고 이상없다면서요
비양심적으로 장사하시는 사장님 !
손님 무시하지마세요
다 압니다
혹시라도 까탈부리는 손님취급할까봐
결제하고 나오긴했지만
리뷰보고 오실 분들 참고하시라고 리뷰작성하는겁니다",부정적,부정적,부정적,부정적,알 수 없음
2022-12,점심에 제육먹었는데 정말 맛있어요! 점심맛집에요,긍정적,긍정적,긍정적,알 수 없음,알 수 없음
2023-02,굳,긍정적,긍정적,알 수 없음,알 수 없음,알 수 없음
2023-02,굳,긍정적,긍정적,알 수 없음,알 수 없음,알 수 없음
2022-07,"장어가 정말 실하고 금액도 합리적이었어요!
너~~~무 맛있었습니다😀 그리고 모든 직원분들이 친절하셔서 기분도 너무 좋았습니다!",긍정적,긍정적,긍정적,긍정적,알 수 없음
2022-12,"깔끔한 상차림
좋아요",긍정적,긍정적,알 수 없음,긍정적,알 수 없음
2023-01,굳,긍정적,긍정적,알 수 없음,알 수 없음,알 수 없음
2023-01,쏘쏘,부정적,부정적,알 수 없음,부정적,알 수 없음
2023-01,굳,긍정적,긍정적,알 수 없음,알 수 없음,알 수 없음
2022-12,좋아요,긍정적,긍정적,알 수 없음,알 수 없음,알 수 없음
2022-12,좋아요,긍정적,긍정적,알 수 없음,알 수 없음,알 수 없음
2022-10,친절하시고 장어 가격도 합리적이어서 자주갈거 같아요! 사업 번창하세요!,긍정적,긍정적,알 수 없음,긍정적,알 수 없음
2022-10,장어구이도 맛있게 잘 구워주십니다! 너무 친절하심!! 가성비 좋아요.!^^,긍정적,긍정적,긍정적,긍정적,알 수 없음
2022-10,가끔 편하게 가는데 괜츈,긍정적,긍정적,알 수 없음,긍정적,알 수 없음
2023-01,장어가 싱싱해요,긍정적,긍정적,긍정적,알 수 없음,알 수 없음
2022-10,친절하고 맛있어요,긍정적,긍정적,긍정적,긍정적,알 수 없음
2022-12,좋아요,긍정적,긍정적,알 수 없음,알 수 없음,알 수 없음
2022-08,자주 애용하는 보양집입니다. 맛있고 친절해요.,긍정적,긍정적,긍정적,긍정적,알 수 없음
2022-09,마있어요,부정적,긍정적,알 수 없음,알 수 없음,알 수 없음
2022-10,제육볶음 먹었는데 맛있었어요,긍정적,긍정적,긍정적,알 수 없음,알 수 없음
2022-07,장어도 맛있지만 후식 바지락 칼국수도 맛있어요.,긍정적,긍정적,긍정적,알 수 없음,알 수 없음
2023-01,좋아요,긍정적,긍정적,알 수 없음,알 수 없음,알 수 없음
2022-07,장어 맛나게 궁 ㅓ주시네요. 굿,긍정적,긍정적,긍정적,긍정적,알 수 없음
2022-09,굿,긍정적,긍정적,긍정적,알 수 없음,알 수 없음
2022-08,장수촌,긍정적,긍정적,알 수 없음,알 수 없음,알 수 없음
2022-08,굿,긍정적,긍정적,긍정적,알 수 없음,알 수 없음
2022-10,♡♡♡♡,긍정적,긍정적,긍정적,알 수 없음,알 수 없음
2022-06,맛있어요.,긍정적,긍정적,긍정적,알 수 없음,알 수 없음
2022-08,굿,긍정적,긍정적,긍정적,알 수 없음,알 수 없음
2022-03,"강남 서초쪽에서 장어구이 가성비 맛집
신선하고 맛있어요!
칼국수 후식도 짱짱",긍정적,긍정적,긍정적,알 수 없음,알 수 없음
2022-04,양이 적어요 직원분이 살짝 불친절하시네요 사장님이신지 그분은 친절하셨어요^^,부정적,긍정적,알 수 없음,부정적,부정적
2022-10,^^,긍정적,긍정적,알 수 없음,알 수 없음,알 수 없음
2022-10,♡♡♡,긍정적,긍정적,긍정적,알 수 없음,알 수 없음
2022-06,풍천장어,긍정적,긍정적,알 수 없음,알 수 없음,알 수 없음
2022-06,😋😋,긍정적,긍정적,긍정적,알 수 없음,알 수 없음
2022-06,메뉴판에는 550~600키로라고 써져있엇는데 많아봐야 450키로밖에 안나오더라구요 역시 저렴한데는 다 이유가 있는듯! 직원분께 말씀드렸더니 얼버무리시고..알고가시면 더 좋을것 같아요~,부정적,부정적,알 수 없음,부정적,부정적
2022-10,좋아요,긍정적,긍정적,알 수 없음,알 수 없음,알 수 없음
2022-12,맛있어요!,긍정적,긍정적,긍정적,알 수 없음,알 수 없음
2022-08,🥰🥰🥰🥰,긍정적,긍정적,긍정적,알 수 없음,알 수 없음
2022-10,좋아요,긍정적,긍정적,알 수 없음,알 수 없음,알 수 없음
2022-08,좋아요,긍정적,긍정적,알 수 없음,알 수 없음,알 수 없음
2021-10,"맛집이예요
엄청 친절하세요",긍정적,긍정적,알 수 없음,긍정적,알 수 없음
2022-04,굿,긍정적,긍정적,긍정적,알 수 없음,알 수 없음
2022-03,ㅏ,부정적,부정적,알 수 없음,알 수 없음,알 수 없음
2022-04,맛있어요,긍정적,긍정적,긍정적,알 수 없음,알 수 없음
2022-02,점심,긍정적,긍정적,알 수 없음,알 수 없음,알 수 없음
2021-10,"쩝쩝박사인 지인 소개로 갔는데
말 그대로 너무 맛있고 신선하고
안느끼하네욤 ㅋㅋ 맛있었어요 😋

뭔가 계속 먹을수 있는 맛
서비스로 나온 묵사발이 두번째로 맛있음

또 가고싶어요 ><",긍정적,긍정적,긍정적,긍정적,알 수 없음
2021-12,장어구이 맛있어요.,긍정적,긍정적,긍정적,알 수 없음,알 수 없음
2022-01,점심,긍정적,긍정적,알 수 없음,알 수 없음,알 수 없음
2022-01,점심,긍정적,긍정적,알 수 없음,알 수 없음,알 수 없음
2022-06,좋아요,긍정적,긍정적,알 수 없음,알 수 없음,알 수 없음
2022-07,좋아요,긍정적,긍정적,알 수 없음,알 수 없음,알 수 없음
2022-07,좋아요,긍정적,긍정적,알 수 없음,알 수 없음,알 수 없음
2022-03,좋아요.,긍정적,긍정적,알 수 없음,알 수 없음,알 수 없음
2022-10,굿굿,긍정적,긍정적,긍정적,알 수 없음,알 수 없음
2022-06,조ㅅ아요,긍정적,긍정적,알 수 없음,알 수 없음,알 수 없음
2022-02,ㅑ,부정적,부정적,알 수 없음,알 수 없음,알 수 없음
2021-11,음식은 맛있는데 양이 적어요,부정적,부정적,긍정적,알 수 없음,부정적
2021-06,예술의 전당 피카소전 보고 일행 2명과 나까지 3명이 여름 폭염대비 몸보신하러 가서 먹은 장어구이. 맛은 두툼하고 맛이 너무 좋아 일부러 장어구이 먹으러 찾아다니는건 아닌데 엄지척! 밑반찬도 하나같이 맛있어서 정신 못차리고 흡입. 난 다엿중이었고 ㅠㅠ. 다엿은 낼부터. 조만간 한번 더 갈 예정임.,긍정적,긍정적,긍정적,알 수 없음,알 수 없음
2022-05,좋아요,긍정적,긍정적,알 수 없음,알 수 없음,알 수 없음
2022-05,좋아요,긍정적,긍정적,알 수 없음,알 수 없음,알 수 없음
2021-11,맛있어요,긍정적,긍정적,긍정적,알 수 없음,알 수 없음
2022-02,맛있어요,긍정적,긍정적,긍정적,알 수 없음,알 수 없음
2021-11,맛있어요,긍정적,긍정적,긍정적,알 수 없음,알 수 없음
2021-06,장어가통통 맛있어요~여름몸보신 미리했네요.여자셋이서2키로먹은건 안비밀~~^^,긍정적,긍정적,긍정적,알 수 없음,긍정적
2021-07,맛은 평타입니다만 청결합니다,긍정적,긍정적,긍정적,긍정적,알 수 없음
2021-07,정말 맛있어요! 친절하세요,긍정적,긍정적,긍정적,긍정적,알 수 없음
2021-06,"가격도 싸고 맛도 진짜 맛있어요!!!
다만 아쉬운점은 2층은 창문을 안열어서 그런지 연기가 자욱해서 눈이따가웠어요.... 그리고 손님은 많은데 직원이 몇 없는것같아요 그래도 친절하셨습니다",긍정적,긍정적,긍정적,부정적,알 수 없음
2022-01,좋아요,긍정적,긍정적,알 수 없음,알 수 없음,알 수 없음
2022-01,좋아요,긍정적,긍정적,알 수 없음,알 수 없음,알 수 없음
2021-07,적당한 맛에 적당한 구성,긍정적,긍정적,긍정적,알 수 없음,알 수 없음
2021-06,장어정식 장어가 쪼꼬매요,부정적,부정적,긍정적,알 수 없음,알 수 없음
2021-07,가마솥제육맛있어요,긍정적,긍정적,긍정적,알 수 없음,알 수 없음
2021-12,좋아요,긍정적,긍정적,알 수 없음,알 수 없음,알 수 없음
2021-12,좋아요,긍정적,긍정적,알 수 없음,알 수 없음,알 수 없음
2021-05,여긴 장어만 맛나요,부정적,부정적,긍정적,알 수 없음,알 수 없음
2021-08,맛나요~,긍정적,긍정적,긍정적,알 수 없음,알 수 없음
2021-05,정말 맛있습니다 :),긍정적,긍정적,긍정적,알 수 없음,알 수 없음
2021-07,굿,긍정적,긍정적,긍정적,알 수 없음,알 수 없음
2021-03,"예약한 시간에 맞춰서 준비를 잘 해 주셔서 감사합니다.
단지,은박지, 반짝이는 면에 음식을 포장 해 주시길 부탁드립니다.",긍정적,긍정적,알 수 없음,긍정적,부정적
2021-07,굿,긍정적,긍정적,긍정적,알 수 없음,알 수 없음
2022-01,맛있습니다,긍정적,긍정적,긍정적,알 수 없음,알 수 없음
2021-04,"포장.
친절했슴.",긍정적,긍정적,알 수 없음,긍정적,알 수 없음
2021-01,매생이굴국밥 먹었는데.. 반찬으로 나온 김이 맛있더라고요,긍정적,긍정적,긍정적,알 수 없음,알 수 없음
2021-01,바지락칼국수는 조금 비렸어요 그리고 짜글이는 김치찌개처럼 국물있게나오니까 참고하세요,부정적,부정적,부정적,알 수 없음,알 수 없음
2021-02,맛있어요,긍정적,긍정적,긍정적,알 수 없음,알 수 없음
2021-02,좋아요,긍정적,긍정적,알 수 없음,알 수 없음,알 수 없음
2021-04,😅,긍정적,긍정적,알 수 없음,알 수 없음,알 수 없음
2020-09,동네에서 장어 소금구이를 잘 먹었습니다.,긍정적,긍정적,긍정적,알 수 없음,알 수 없음
2021-02,맛있어요,긍정적,긍정적,긍정적,알 수 없음,알 수 없음
2020-10,좋아요,긍정적,긍정적,알 수 없음,알 수 없음,알 수 없음
2021-01,맛있어요.,긍정적,긍정적,긍정적,알 수 없음,알 수 없음
2020-07,점심 먹었어요 맛있어요,긍정적,긍정적,긍정적,알 수 없음,알 수 없음
2020-09,맛있어요!,긍정적,긍정적,긍정적,알 수 없음,알 수 없음
2021-01,감사합니다,긍정적,긍정적,알 수 없음,긍정적,알 수 없음
2020-08,굿,긍정적,긍정적,긍정적,알 수 없음,알 수 없음
