Date,Review,sentiment,Sentiment2,맛,서비스,양
2024-02,맛있고 양도 많아서 점심에 종종 먹으러 갑니다,긍정적,긍정적,긍정적,알 수 없음,긍정적
2024-05,짜장면 맛있어요,긍정적,긍정적,긍정적,알 수 없음,알 수 없음
2024-04,"와.무슨.짱뽕하나 먹길.20뷴 이상 기달리고
기달리고 사장 아쥼마 완전 불친절 ㅠㅠㅠ
두번 다시.안가요 ㅠㅠ
ㅠㅠ
짬뽕인지 고추장 라면인지.ㅠ",부정적,부정적,긍정적,부정적,알 수 없음
2024-01,"짜장면 맛있어요
양이 정말 푸짐",긍정적,긍정적,긍정적,알 수 없음,긍정적
2024-01,건물 지하1층 위치,부정적,부정적,알 수 없음,알 수 없음,알 수 없음
2023-10,"맛이 전반적으로 깔끔하고 맛있어요!!
강남에서 가격도 저렴한 편입니다ㅎㅎ
근처여서 자주 올 것 같아요!!",긍정적,긍정적,긍정적,알 수 없음,알 수 없음
2024-03,굿,긍정적,긍정적,긍정적,알 수 없음,알 수 없음
2023-12,오래된 상가 내 식당,부정적,부정적,알 수 없음,부정적,부정적
2024-02,양이 많아요,긍정적,긍정적,알 수 없음,알 수 없음,긍정적
2023-12,짜장면이 진짜 맛있어요,긍정적,긍정적,긍정적,알 수 없음,알 수 없음
2023-08,맛있었어요.^^ 짬뽕 국물 진짜 맛있어요 :),긍정적,긍정적,긍정적,알 수 없음,알 수 없음
2023-10,"음식은 맛있어요~~~ 근데 탕수육 양 많다고 하셨는데, 가격대비 가성비가 별로였어요..",긍정적,긍정적,긍정적,알 수 없음,부정적
2023-09,탕수육 바삭하면서 부드럽고 볶음밥 지대로에 짬뽕국물 칼칼하고 매콤하고 짜지않아 좋았어요. 가격도 이 정도면 매우 만족합니다. 추천해요,긍정적,긍정적,긍정적,알 수 없음,긍정적
2023-09,"몇일전 혼자먹으러 왔다가 맛있어서 같이왔어요.
오늘은 군만두도 시켰는데 정말 맛있었어요ㅠㅠ",긍정적,긍정적,긍정적,알 수 없음,알 수 없음
2023-11,가성비ㅜ좋앗는데...가격인상해서 이제 자주 못갈것같아요 ㅠㅠ 아쉽,부정적,긍정적,긍정적,알 수 없음,부정적
2023-10,가격이 계속 인상되서 아쉬워요 ㅠㅠ,부정적,긍정적,알 수 없음,알 수 없음,부정적
2024-01,맛있어요,긍정적,긍정적,긍정적,알 수 없음,알 수 없음
2023-10,"짜장면 정말 맛있어요
짜장면 먹은중에 제일 맛있었어요",긍정적,긍정적,긍정적,알 수 없음,알 수 없음
2023-10,금액올려서 이제 자주 못갈것같아요 ㅜㅜ,부정적,부정적,부정적,알 수 없음,알 수 없음
2023-08,"맛있어요! 짬뽕 국물이 진해요
담번엔 반반으로 주문해 볼려구요",긍정적,긍정적,긍정적,알 수 없음,알 수 없음
2023-09,강남구 최고 중식당이며 대표님이 매우 친절하시고 탕수육 세계 최고 맛을 자랑함,긍정적,긍정적,긍정적,긍정적,알 수 없음
2023-11,느끼하지 않고 맛있어요~,긍정적,긍정적,긍정적,알 수 없음,알 수 없음
2023-10,가성비 좋은데 500원씩 올리셧네요 ㅠ,부정적,긍정적,알 수 없음,부정적,부정적
2023-09,"가끔 중식 먹고싶은날 가는데 맛있어요
볶음밥이 제대로임",긍정적,긍정적,긍정적,알 수 없음,알 수 없음
2023-09,볶음밥×짬뽕 핵맛탱구리 ㅎ,긍정적,긍정적,긍정적,알 수 없음,알 수 없음
2023-09,"부부사장님이 하시는것같아요!! 짬뽕.볶음밥.해물우동밥 등등 다양하게 먹어보는즁이에요!
맛 괜찮아요 ^^ㅎㅎ",긍정적,긍정적,긍정적,알 수 없음,알 수 없음
2023-09,이제 가격이 많이 올랏네요 ㅎㅎ,부정적,긍정적,알 수 없음,부정적,부정적
2023-09,짜장면이 맛있어요,긍정적,긍정적,긍정적,알 수 없음,알 수 없음
2023-02,"짜장면이 진짜 맛있어요~
가격도 착하고 제가 먹은 중에 최고에요~",긍정적,긍정적,긍정적,알 수 없음,알 수 없음
2023-03,간짜장 맛있어요! 첨가봤는데 가성비좋구 친절하구! 담에 또 방문해봐야겠어요~~,긍정적,긍정적,긍정적,긍정적,알 수 없음
2022-11,지하에 중식당이…,부정적,부정적,알 수 없음,알 수 없음,알 수 없음
2022-05,굿,긍정적,긍정적,긍정적,알 수 없음,알 수 없음
2022-05,굿,긍정적,긍정적,긍정적,알 수 없음,알 수 없음
2022-03,"친절쓰 개친절쓰 벗뜨..가격은올랏나봉가..라조기싸서머거볼랫는데 안되는메뉴가되버렷봉가,,,",부정적,부정적,알 수 없음,긍정적,부정적
2021-12,가격이 조금 올랐지만 맛있는 볶음밥,긍정적,긍정적,긍정적,알 수 없음,알 수 없음
2021-12,맛있는 중국집,긍정적,긍정적,긍정적,알 수 없음,알 수 없음
2021-03,좋아요~,긍정적,긍정적,긍정적,알 수 없음,알 수 없음
2020-09,오늘의메뉴 6500원 저렴하게 다양한 메뉴 맛볼수있어요,긍정적,긍정적,긍정적,알 수 없음,긍정적
2020-10,조아요,긍정적,긍정적,알 수 없음,알 수 없음,알 수 없음
2020-08,양이많아요,긍정적,긍정적,알 수 없음,알 수 없음,긍정적
2020-10,맛있어요,긍정적,긍정적,긍정적,알 수 없음,알 수 없음
2020-03,굿,긍정적,긍정적,긍정적,알 수 없음,알 수 없음
2020-03,맛나요,긍정적,긍정적,긍정적,알 수 없음,알 수 없음
2020-10,좋아요,긍정적,긍정적,알 수 없음,알 수 없음,알 수 없음
2020-03,볶음밥이 좀 퍽퍽했지만 맛있습니다,부정적,긍정적,긍정적,알 수 없음,알 수 없음
2020-10,굿,긍정적,긍정적,긍정적,알 수 없음,알 수 없음
2020-03,굿,긍정적,긍정적,긍정적,알 수 없음,알 수 없음
2020-03,굿,긍정적,긍정적,알 수 없음,알 수 없음,알 수 없음
2020-03,Good,긍정적,긍정적,알 수 없음,알 수 없음,알 수 없음
2020-07,가격 저렴하고 정말 맛있습니다,긍정적,긍정적,긍정적,알 수 없음,알 수 없음
2020-02,여긴 탕수육이 진짜 맛있음 가성비 짱,긍정적,긍정적,긍정적,알 수 없음,알 수 없음
