Date,Review,sentiment,Sentiment2,맛,서비스,양
2024-11,"즉떡에 후라이드치킨 시켰는데 조합 최고에요..
양도 진짜 많고 즉떡에 쫄면라면 들어갔는데 꿀맛
매운맛 시켰는데 완전 스트레스 풀려요!!!
치킨은 완전 옛날 치킨 느낌!! 바삭하고 양배추샐러드랑 먹으니 더 맛나요🥹
마무리 볶음밥 무조건 시키세요!!💞💞",긍정적,긍정적,긍정적,긍정적,긍정적
2024-09,"뱅뱅사거리감성포자 지우네에서 토욜에 한잔했어요~안주가 다 맛있고 감성돋는 음악이 너무 좋아요~음악센스굿 양재감성낭만포차에요😃 먹태, 즉석떡볶이, 숙주베이컨볶음, 막걸리 2병마셨는데 안주맛직이더라구요~숙주베이컨은 숙주가 한가득에 베이컨청양고추들어가서 느끼하지않고 아삭담백👍 즉떡은 지우네 시그니쳐로 간도 딱맞고 짜지않아요~ 계란이랑 어묵 김말이 떡이 많아서 가성비굿!진짜맛나요😃먹태는 엄청크고 살이 많아요~살도 많아서 만족이요~ 마요간장고추소스가 대박이에요~ 감칠맛굿~지우네에서 좋은노래들으면 한잔했어요~안주까지 맛나고 실패하지않아시 좋았어요🥰 #양재맛집 #양재감성포차 #양재뱅뱅사거리술집",긍정적,긍정적,긍정적,긍정적,긍정적
2024-11,"퇴근 후 여우부리기
오랜만에 지우네 :)
해물볶음우동 먹었어요! 맛있어요👍🏽",긍정적,긍정적,긍정적,알 수 없음,알 수 없음
2024-08,"매장도 넓고, 레트로한 인테리어와 음악이 굉장히 좋았습니다. 특히 나오는 노래 대부분 아는 노래라 반가웠습니다.
즉석떡볶이가 양도 많고, 재료도 다양하고, 정말 매우 아주 맛있어서 강추합니다. 강남역즉석떡볶이는 지우네!",긍정적,긍정적,긍정적,알 수 없음,긍정적
2024-11,순대볶음 진짜 맛있고 즉석떡볶이는 떡볶이 전문점보다 맛있어요! 소스 달달하면서도 매칼하니~ 술술 들어가요 ㅎㅎ 사장님도 넘 친절하시고~ 담에 또 떡볶이 먹으러 와야할듯!!,긍정적,긍정적,긍정적,긍정적,알 수 없음
2024-11,"친구랑 둘이 먹으러 가서 금액대가 비싸지 않아서 아무 생각없이 2개를 시켰는데....오 마이 갓 양이 엄청 많았어요!!! 식사 겸 1차를 먹고 2차를 가려고 했는데 배가 엄청 불렀어요ㅎㅎ 물론 맛도 너무 맛있고 나가사키짬뽕 존맛!!! 해산물도 너무 신선하고 바로 앞에 수족관에 신선함이 딱 보이니까 믿음직스러웠어요!! 1층도 아니고 2층인데 수족관이 딱 있는곳 처음봤어요👍👍
떡볶이도 먹어보고 싶었는데 양조절 실패로 ......ㅋㅋㅋㅋ떡볶이가 메인 중 하나 인 것 같으니 다음에 와서는 떡볶이를 먹어보는 걸로 하겠습니다!!",긍정적,긍정적,긍정적,긍정적,긍정적
2024-10,모둠조개탕 양푼이에 양도 많고 소주랑 찰떡 안주라서 맛있게 먹고 갑니다. 뱅뱅사거리 근처 집이면 저녁에 식사도 하기 좋은 지우네입니다,긍정적,긍정적,긍정적,긍정적,긍정적
2024-08,"강남역 즉석떡볶이 맛집이에요!!! 점심엔 즉석떡볶이 먹기, 저녁엔 술 먹기 좋을 안주들이 많아요 👍🏻 떡볶이, 치킨 모두 양도 많고 재료도 낭낭합니다 🤤 진짜 맛있게 먹고 왔어요! 회식하기도 좋을 거 같아요 !!!",긍정적,긍정적,긍정적,긍정적,긍정적
2024-09,"순대볶음&해삼+산낚지 먹었어요.
퇴근하고 시원하게 맥주한잔하기 좋아요 :)",긍정적,긍정적,긍정적,알 수 없음,알 수 없음
2024-08,"가성비 좋고 분위기좋은 2차 맛집이었습니당
메뉴가 엄청엄청 다양하고 편안한 분위기에 가성비도 좋았어요
단체10명이상모임도 하시더라구요
인테리어도 정겹고 귀여웠어용ㅋㅋㅋ",긍정적,긍정적,긍정적,긍정적,알 수 없음
2024-07,"회사 근처 지우네
직장 동료랑 방문했는데, 완전 대만족이었습니다!
떡도 쫄깃하고, 계속 끓여도 잘 안 불더라고요!! 이거 완전 신세계였네요 ㅎㅎ 게다가 구성도 알차서 즉석떡볶이만 먹어도 배불렀어요! 그래도 육전은 꼭 떡볶이 국물에 찍어 먹어보고 싶어서 시켰는데, 진짜 시키길 너무 잘 한 거 같았어요!! 육전 잘 안 먹는 동료도 맛있다고 할 정도였네요~ 종종 방문해야겠다 생각했습니다!
강남즉석떡볶이 맛집 인정합니다~~",긍정적,긍정적,긍정적,긍정적,긍정적
2024-09,술집인데 즉석떡볶이가 맛있는 곳! 안주로도 잘 어울려요~ 똥집튀김도 맛있었어요,긍정적,긍정적,긍정적,알 수 없음,알 수 없음
2024-08,"떡볶이랑 닭똥집튀김이 단짝인것 같아요^^
떡볶이 국물에 똥집튀김이 요래 잘 어울릴줄이야 ❤️
강남술집인데 떡볶이 맛집일줄은 ㅋ 떡볶이에 소맥도
잘어울리고 떡볶이 국물에도 술이 술술 들어갑니다^^
오랜만에 남표니랑 데이트느낌이셨어요^^
담에는 친구랑 떡볶이에 수다떨러 방문할께요~",긍정적,긍정적,긍정적,긍정적,알 수 없음
2024-11,떡볶이 맛집이네요!!!!ㅎㅎㅎㅎ 두명이서 완전 배부르게 잘먹었습니당~~,긍정적,긍정적,긍정적,알 수 없음,긍정적
2024-06,추억여행하고 온 것 같아요 ! 중간매운맛으로 했는데 살짝 매콤하니 딱 좋더라구요 ! 3인 셋트 시키니 김말이도 달걀도 3개씩 나와서 너무 편하고 좋았어요 ! 🩷🩷🩷 마무리는 역시 볶음밥 ! 아! 그리고 직원분들 다 너무 친절하셔서 점심시간에 기운 얻어가는 기분이라서 너무 좋았어요 ! 🤎 저녁메뉴로 제가 좋아하는 순대볶음도 있던데 저녁에도 와봐야겠오요 😎👍💛,긍정적,긍정적,긍정적,긍정적,긍정적
2024-07,"우선, 뱅뱅사거리 부근에 위치하고 있어서 인근 강남 직장인분들이 방문하기에 접근성이 좋아보였으며, 2층에 위치한 매장이라 공간이 넓어서 여유로운 점이 괜찮았습니다.

내부가 노포 느낌나는 포차이고, 창가자리가 넓게 되어 있어서 다양하게 준비된 안주 메뉴로 맛있는 음식에 술 한잔하기에 분위기가 딱 좋은 장소라 직장인 회식이나 단체 모임하기에도 좋아보였습니다.

이번엔 즉석떡볶이를 맛보고 왔는데, 기본 구성으로 재료들이 듬뿍 들어가 있고 볶음밥까지 먹으니 가성비 좋게 배부르게 먹기에 좋았고, 뱅뱅사거리점심 밥집으로 주변 인근 직장인들에게는 괜찮은 장소가 아닐까 하는 생각이 들었습니다.",긍정적,긍정적,긍정적,알 수 없음,긍정적
2024-06,"순대볶음+조개찜 먹었어요!
조개찜은 생각보다 조개들이 입을 열지 않아서 좀 신선도가 떨어지는 것 같아 아쉬웠어요;)
다 익어서 그냥 먹어도 괜찮다고 안내해주셨는데, 혹시나 몰라서 더 끓여보니 입을 열긴 열더라구요
순대볶음 양념 맛있어여!!! 완전 강추👍🏽",긍정적,긍정적,긍정적,부정적,알 수 없음
2024-07,"점심에는 즉석떡볶이, 저녁에는 술 한잔하러 방문하는 곳이에요!
매장이 넓어서 회식하기도 좋고 화장실도 내부에 있어서 편해요~ 🚻
음식도 모두 맛있고 직원분들도 친철해서 좋아요 🙂",긍정적,긍정적,긍정적,긍정적,알 수 없음
2024-06,"콩나물과 양배추, 깻잎이 많이 들어있어서 맑고 깔끔한 국물이 특징인 국물많은 즉석떡볶이라 넘 맛있게 먹었어요!! 괜히 즉석떡볶이로 입소문을 탄게 아니네요~ 점심에 먹기도 좋고 저녁에 술안주로 먹기도 좋은데ㅎㅎ 국물이 맛있어서 해장으로도 좋을 것 같아요🤭",긍정적,긍정적,긍정적,알 수 없음,알 수 없음
2024-08,"강남역 즉석떡볶이 맛집입니다!!!
가성비도 너무 좋고 맛도 좋아요~
양재역과 강남역 중간에 있어서 직장인 손님들이 많더라고요~
아~ 또 먹고싶네요ㅎㅎ",긍정적,긍정적,긍정적,알 수 없음,긍정적
2024-08,넘 맛있게 먹었던 지우네..! 약간 레트로 느낌의 인테리어 때문에 더 재미있고 좋았어요!! 그리고 강남에서 편하게 먹기 딱인 것 같아요! 양도 푸짐해서 배터지게 잘 먹엇어요!ㅎㅎ,긍정적,긍정적,긍정적,알 수 없음,긍정적
2024-07,"또 가도 맛있는 지우네
퇴근하고 기분전환하면서 맥주한잔하기 좋아요 :)",긍정적,긍정적,긍정적,긍정적,알 수 없음
2024-08,"존맛! 포차갬성도 너무 좋음
오징어숙회 맛도리였음",긍정적,긍정적,긍정적,알 수 없음,알 수 없음
2024-08,별로 특별한거 안들어간거 같은데 너무 맛있음 후추 뿌리면 맥주땡기는 맛,부정적,긍정적,긍정적,알 수 없음,알 수 없음
2024-06,"뱅뱅사거리 즉석떡볶이 맛집 찾으신다면 여기루 오세요오 😆👍🏻👍🏻👍🏻👍🏻
양도 이렇게나 많이 주셔도 되나 싶을 정도로 가득가득 담아주시규,,
제가좋아하는 쫄면 가득, 라면두 있구 계란 2개에 김말이2개 사이좋게 나눠먹을 수 있게 양껏 주시네여..ㅠㅠ❣️
한국인의 마무리는 볶음밥이죠,, 볶음밥까지 왕왕 맛있게 먹고왔습니다..이 가격에 이토록 넘 배불리 먹어서 오늘 운동 필수네요 🤣🤣",긍정적,긍정적,긍정적,긍정적,긍정적
2024-06,"분위기도 너무 좋고, 특히 즉석 떡볶이가 너무 맛있더라구요! 요즘 찾아보기 힘든 즉떡이라 그런지 정말 맛있게 잘 먹었답니다. 다음번 방문할 때에는 볶음밥 정말 꼭 먹어야겠어요! 진짜 비주얼도 그렇고 떡볶이 소스가 너무 맛있더라구요 ㅜㅜ 즉석 떡볶이뿐만 아니라 순대도 내장이랑 함께 나와서 너무 좋았어요! 다음 회식엔 지우네로 꼭 다시 와야겠어요!! 잘 먹고 갔답니다 😆",긍정적,긍정적,긍정적,긍정적,긍정적
2024-06,"떡볶 및친. 아니 즉떡..비주얼ㅇ....김말이두개가 기본으로 나오고 탑처럼 쌓여져있는 사리들을 보십시오....

계란도 두개였음 아 여기서 감동좀받았는데. 계란이 두개라구요. 절대 추가한거아님. 그리고 볶음밥에 치즈 비주얼 보실래요? 치즈 많이주는 혜자 즉떡집,,강남 한복판에 있는 곳이라니 감동..강남 왔다갔다 하게되면 꼭 다시 가야겠다.",긍정적,긍정적,긍정적,긍정적,긍정적
2024-05,굉정히 추억이 떠오르는 그런맛.. 중간맛은 신라면정도인데 맵찔이인 저도 맛있게 먹었어요! 아프지않는 맛있는 매콤함! 재료들고 엄청 신선하고요 여기가 원래는 해물떡볶이가 맛집이라 들어서 다음에는 해물떡볶이 먹어보고싶었어요👀,긍정적,긍정적,긍정적,긍정적,알 수 없음
2024-06,"국물 낭낭한데 콩나물이 들어가서 칼칼한 해장으로도 좋을 것 같아요. 면 종류가 라면 쫄면 두 종류라서 라면파 동생과 쫄면파 언니의 니즈를 만족시켰습니다. ㅎㅎ 양이 푸짐해서 배불리 먹었어요. 물가에 가성비가 진짜 좋은 것 같아요. 볶음밥에 치즈를 넣으시려면 매운맛도 괜찮을 것 같습니다.

*제품 또는 서비스를 제공받았습니다.",긍정적,긍정적,긍정적,긍정적,긍정적
2024-09,"가리비, 해삼, 멍게 등 구성이 좋았건 모듬해산물이에요~ 소주 한 잔 하기 좋은 다양한 메뉴가 있더라고요 만족해요!",긍정적,긍정적,긍정적,긍정적,알 수 없음
2024-10,"치킨 염지가 너무 잘 되어 있어서 맛있어요 !
해물짬뽕탕도 너무 맛있었습니다. 해물이 엄청 가득 들어있고 양이 아끼지 않고 넣어 주신 게 너무 느껴지더라구요.
치킨 시켜 먹는 거 꼭 추천 드립니다 !!
(업체로부터의 일부 협찬 받고 , 일부는 내돈내산후기 입니다)",긍정적,긍정적,긍정적,긍정적,긍정적
2024-08,"오돌뼈랑 즉석떡볶이 존맛이요
그냥 포차괜찮은거찾는다싶으면 무조건 지우네요!!",긍정적,긍정적,긍정적,부정적,알 수 없음
2024-07,"저녁시간에 가서 넘 맛있게 잘먹었습니다!
다음엔 해산물모듬으류 먹어보려구요!!",긍정적,긍정적,긍정적,알 수 없음,알 수 없음
2024-05,"뱅뱅사거리 근처 직장인 점심 고민+즉떡이 먹고싶다 = 지우네
살짝 매콤달달한 국물에 야채 듬뿍 말랑말랑한 밀떡이 넘 맛있는 집입니다 🙌🙌
알고보니 주변 지인들은 저녁으로 회식 종종 한 곳이라고 하더라구요 또 먹으러 갈게요!!",긍정적,긍정적,긍정적,긍정적,알 수 없음
2024-06,"즉석떡볶이 먹고싶어서 가게됐어요
많이 달지 않아서 좋았고 적당히 매콤하니 손이 자꾸가는 맛 !!
쫄면하고 라면이 기본사리라니..사장님 맛잘알이신듯
볶음밥은 꼭 드세요
치즈올려 먹으니 황홀 그잡채
다른 테이블 보니까 다른 안주들도 엄청 푸짐하던데
조만간 또 가겠습니닷🫡",긍정적,긍정적,긍정적,긍정적,긍정적
2024-06,"뱅뱅사거리 근처 직장인 점심 맛집👍🏻
가성비 정말 좋고, 깻잎이랑 콩나물이 들어가있어서 맛있어요!
매운맛으로 먹었는데 매콤하고 맛있어요!
마무리로 볶음밥까지 완벽👍🏻",긍정적,긍정적,긍정적,알 수 없음,긍정적
2024-11,갬성이 있어요,긍정적,긍정적,알 수 없음,알 수 없음,알 수 없음
2024-07,"위치도 최고고, 떡볶이가 진짜 맛있어요. 점심식사로 최고!💪🏻",긍정적,긍정적,긍정적,알 수 없음,알 수 없음
2024-04,"즉떡으로 유명하길래 즉떡 2인 세트 주문했어요!
자극적이지 않고 콩나물도 팍팍들어가 있어서 국물이 시원합니당!
간은 슴슴한 편인데 후추로 조절을 할 수 있더라구요
양이 엄청 푸짐해서 볶음밥을 못먹은게 아쉬워요🥹
치즈사리 추가는 필수!!!🤤🧡",긍정적,긍정적,긍정적,긍정적,긍정적
2024-05,오랜만에 떡볶이 먹었는데 너무 쫄깃하고 맛있어요! 뱅뱅사거리점심 으로도 먹을 수 있고 저녁에는 포차로 다양한 안주거리도 먹을 수 있어요! 아... 사리 추가해서 볶음밥까지 먹으니 든든하네요! 역삼떡볶이로 추천!,긍정적,긍정적,긍정적,긍정적,긍정적
2024-04,완전 떡볶이 맛집이에요. 갑자기 떡볶이 땡겨서 맛집이라길래 간건데 이렇게 맛있을 수가 세상에 중간맛 먹었는데 맵기도 딱이여서 완전 잘 먹었어요. 사장님 양도 왜이리 많이 주시는지 소스 너무 맛도리라 밥도 비벼 먹고 싶었는데 남겼어요 흑흑 세명이서 가서 담에는 꼭 양념에 밥도 비벼 먹을거에요... 잘 먹었습니당 담에 술 마시러 올게요,긍정적,긍정적,긍정적,긍정적,긍정적
2024-04,"강남역 쪽에 이런 보물같은 맛집이 있다니,,
인테리어 너무 레트로 감성 터지고 음식 종류도 많고 하나같이 다 너무 맛있었어요!
날씨도 딱 좋아서 창문 열어주셨는데 선선한 봄밤공기에 맛있는 안주 먹으니까 하루 피로가 싹 풀리더라구요 👍🏻 강남역 직장인 점심 식사, 회식 맛집으로 강추하고 갑미다!",긍정적,긍정적,긍정적,긍정적,알 수 없음
2024-05,맛있게 잘 먹었습니다! 떡볶이가 엄청 자극적이지 않고 적당히 맛있게 매워서 정신없이 먹었어요 점심시간에 후딱 먹고 나가기 좋아용ㅎㅎ,긍정적,긍정적,긍정적,알 수 없음,알 수 없음
2024-10,서비스도 주시고 주말이라 손님없어서 저희는 행복했습니다.,긍정적,긍정적,알 수 없음,긍정적,알 수 없음
2024-08,음식도 맛있고 조용해서 대화하기좋아요.,긍정적,긍정적,긍정적,알 수 없음,알 수 없음
2024-06,"지우네 즉떡 너무 맛있어요 완전 가성비 갑!
직장인들 점심 때 몰리는 맛집입니다",긍정적,긍정적,긍정적,긍정적,알 수 없음
2024-03,"회사 근처라 자주 가는 즉떡집이에요!
점심시간 조금만 늦게 가면 웨이팅해야할 정도로 유명하고 맛있는 집!!ㅎㅎ 가성비까지 넘쳐요
양 많은 줄 모르고 첨에는 우당탕탕 토핑 추가했었는데, 이제는 둘이가면 기본+볶음밥으로 먹고 옵니당!
이렇게 먹어도 배 완전 부름ㅠ 가성비 앤드 맛까지 최고",긍정적,긍정적,긍정적,긍정적,긍정적
2024-05,"강남에 있는 즉석떡볶이 맛집입니다!!
즉떡이 먹고 싶어서 한번 가봤는데 강남치고 가성비인 가격에, 양도 많고 진짜 맛있었습니다!",긍정적,긍정적,긍정적,알 수 없음,긍정적
2024-07,떡볶이 미쳤어요 즉떡 끝판왕!! 정말 맛나게 먹얶어여!! 분위기도 너무 좋고 다음엔 다른메뉴로 도전!!👍,긍정적,긍정적,긍정적,알 수 없음,알 수 없음
2024-07,즉석 떡볶이 너무 너무 맛있어요>< 진짜 유명한 이유가 있어요. 강남역 즉석 떡볶이 찾으시는 분 무조건 오셔야 되고 후라이드 치킨도 너무 맛있어요!!,긍정적,긍정적,긍정적,알 수 없음,알 수 없음
2024-03,"지금까지 먹은 즉석떡볶이 중에서 저는 지우네가 제일 맛있었어요! 콩나물이랑 깻잎이 들어가서 양념 맛이 깔끔하고, 계란 두 개에 쫄면 라면이 기본 토핑으로 들어가 든든했어요! 신라면 맵기에 적당한 달달함이 즉석떡볶이 맛집 인정입니다 ^^",긍정적,긍정적,긍정적,알 수 없음,긍정적
2024-08,"떡보끼맛집,,, 2차로 가기좋아요!",긍정적,긍정적,긍정적,알 수 없음,알 수 없음
2024-03,"즉석 떡볶이가 너무 먹고싶어서 방문했어요
여기는 후추가 킥입니다..!!
바로 끓인 떡볶이는 약간 슴슴해서 부담없이 먹을 수 있는데 후추를 뿌린 순간 입맛이 돌면서 계속 당겨요..!!
양도 많아서 볶음밥은 안먹으려고 했는데 옆에서 주문한 볶음밥에 참기름 냄새에 미쳐서.. 결국 배터지게 먹고 외버렸어요 후…
점심에 역삼 근처 떡볶이 찾으신다면 추천합니다…
배부르게 잘 먹었습니다!!",긍정적,긍정적,긍정적,긍정적,긍정적
2024-06,"떡볶이 맛집으로 추천힙미다,, 술 땡기는 맛이에요!! 맛도 중간맛 매운맛 고를 수도 있는데 중간맛도 은근 매워서 취향저격입니다 강남역 근처 떡볶이 안주 맛집 인정!!",긍정적,긍정적,긍정적,알 수 없음,알 수 없음
2024-05,노포 분위기가 있어서 신선하고 재미있었어요. 홍대에 유명한 즉석떡볶이 집이랑 맛이 비슷해서 너무 좋았어요. 즉석떡볶이도 맛있는데 순대가 진짜 맛있어요 순대 꼭 드세요!!,긍정적,긍정적,긍정적,알 수 없음,알 수 없음
2024-06,"즉떡의 추억을 느낄 수 있게 해주는 맛이였어요
기본 구성이 알차서 잘 먹었어요 ㅎㅎ",긍정적,긍정적,긍정적,긍정적,긍정적
2024-04,"양도 엄청 많고 맛있어요!
강남에 즉석떡볶이 맛집을 못찾고 있었는데
알게 되어서 넘 좋아요 ㅎㅎㅎㅎ
나중에는 해물떡볶이도 먹어보고 싶고
즉석떡볶이 땡길 때 자주 올 것 같아요!!",긍정적,긍정적,긍정적,알 수 없음,긍정적
2024-03,"즉떡 말랑한 밀떡에 김말이에 라면, 당면사리 다 맛있고 달걀 두개가 정말 감동이었어요🥺 즉떡도 맛있었지만 후라이드치킨 진짜 겉은 바삭하고 안은 너무 부드럽고ㅠㅠㅠㅠ 닭가슴살도 퍽퍽하지가 않다니,, 사랑해 지우네 후라이드💛",긍정적,긍정적,긍정적,알 수 없음,긍정적
2024-03,"회사 점심시간에 떡볶이 먹으러 다녀왔어요
저녁에 술집일때만 갔었는데 점심시간에도 사람 많더라고요
여기 계란말이 제 최애인데 즉떡도 넘 맛있고
세트메뉴 사리들도 장난아니에요 .. 가성비 최고
즉석떡볶이 오랜만에 먹으니까 너무 맛있었어요",긍정적,긍정적,긍정적,긍정적,긍정적
2024-08,요기 진짜 미쳤어요 ㅠㅠㅠㅠ 해산물 너무 신선하고 맛있어요 특히 가리비 조개 !! 그리고 최근 순대가 너무 먹고싶었었는데 사이드로 있어서 시켰는데 진짜 너무 맛있어요 ㅠㅠ,긍정적,긍정적,긍정적,알 수 없음,긍정적
2024-02,"역삼동 즉석떡볶이, 지우네
2인세트 기본 토핑으로
쫄면, 라면, 콩나물, 깻잎까지 들어있어 넘 맛있게
먹었어요~
중간맛 선택했는데 딱 적당히 맵고 달달한 맛이라
좋았어요~
강남임에도 기본 2인세트 메뉴가격이 16,000원!!
믿기지않는 가성비를 보여줍니당.
해산물 베이스 육수가 들어가서 시원했어요~😉
강남, 뱅뱅사거리 점심 메뉴로 추천합니다.",긍정적,긍정적,긍정적,긍정적,긍정적
2024-05,매장이 생각보다 넓고 해물 떡볶이가 너무 맛있었어요 ㅠㅠ 잘 먹는 두 명이서 먹기에도 조금 많았습니다! 후추를 뿌려 먹으니 진짜 더 맛있었어요 👍🏻,긍정적,긍정적,긍정적,알 수 없음,긍정적
2024-02,"회사 근처에서 친구랑 만나기로 해서 방문했는 데 즉석 떡볶이가 딱 저희가 기대하던 맛이어서 좋았어요! 순한 맛으로 시켜서 그런가 너무 자극적이지 않았고, 토핑도 김말이 계란, 라면, 쫄면까지 엄청 많이 들어가서 배불렀어요! 볶음밥이랑 치즈사리도 양이 엄청 푸짐했어요~ 오늘은 저녁에 방문했는 데 점심에 회사 동료분들이랑도 와도 좋을 거 같아서 자주 방문하게 될 것 같아요 :)",긍정적,긍정적,긍정적,긍정적,긍정적
2024-09,서비스 별로,부정적,부정적,알 수 없음,부정적,알 수 없음
2024-01,"즉석떡볶이집인데요.
뱅뱅사거리 근방에서는 제일 마싯는 떡볶이 집입니다.
제가 소문난 떡볶이 장인인데..
진짜.. 가끔 몸보신이 필요할때
혈중 떡볶이 농도가 떨어졌을때
뭔가 파이팅이 필요할때 찾는 곳이지요!
진짜 여긴 너무 마싯는 곳!",긍정적,긍정적,긍정적,알 수 없음,알 수 없음
2024-03,떡볶이 진짜 맛있어요! 강남직장인들 점심으로 먹기에도 좋고 저녁에 술한잔하기에도 너무 좋은곳이에요 포차감성도 듬뿍느껴집니다 ㅎ,긍정적,긍정적,긍정적,긍정적,알 수 없음
2024-07,너무 맛있어요. 즉석떡볶이 최고,긍정적,긍정적,긍정적,알 수 없음,알 수 없음
2024-04,"오랜만에 즉떡 먹고싶어서
지우네 왔는데 역시 가성비 철철흘러 넘치고
너무 맛있어요🥹👍
지우네 볶음밥이 제 최애에요",긍정적,긍정적,긍정적,알 수 없음,알 수 없음
2024-01,"공간이 참 정겨워서
마음편안하게
포장마차에서 한잔하며

떡볶이나 먹고 싶을때
옛추억 떠올리며 가기 좋은 곳인것 같아요!
메뉴도 다양해서
다양한 식사 및 안주 즐기실수 있어요!

다른것 보다 지우네는
즉석떡볶이가 유명한 곳이라서
꼭 드셔보시는걸 추천 합니다

소스도 맛있고 많이 달지도 않고
양념도 적당해요 !
저는 매운걸 못먹는데
중간맛 시켰는데 너무 맵더라구요....

저처럼 맵찔이 분들은 꼭....!!!!!!!!
순한맛 시켜드세요~^^ 그리고
진짜 양도 3인인데
라면 추가 한거도 아닌데
양이 어마어마 해요!!!!!!",긍정적,긍정적,긍정적,긍정적,긍정적
2024-03,"똥집튀김 맛있어요!! 똥집은 쫄깃쫄깃, 떡에 마늘까지 같이 들어있어서 더 좋아요 :)",긍정적,긍정적,긍정적,알 수 없음,알 수 없음
2024-02,뱅뱅사거리 근처 즉석떡볶이 맛집이였어요 ㅎㅎ 친구랑 저녁약속으로 만나서 간건데 안주종류가 엄청많아서 선택장애 올뻔했어요!! 여러사람들하고 가도 메뉴고민 필요없이 좋아하는 메뉴시키기 좋은 포차입니다🧡,긍정적,긍정적,긍정적,긍정적,알 수 없음
2024-01,학창시절때 먹던 즉떡을 직장인되서 회사근처에서 먹으니 너무 맛있더라구요🥹❤️양도많고 기본으로 사리에 튀김까지나와서 혜자스럽고 갓성비에요 ! 튀김도 맛있고 무엇보다 떡사리가 쫄깃해서 중독돼요. 먹어도먹어도 질리지않는맛이에요 ❤️ 즉석떡볶이먹고 볶음밥도 주문해서 먹었는데 남김없이 다먹었어요... 진짜 3kg찐것같아요 다시 재방문의사 있습니다 :),긍정적,긍정적,긍정적,긍정적,긍정적
2024-03,맛있게 잘 먹었습니다!! 양이 엄청많아요!!! 떡볶이가 진짜 맛있네요ㅎㅎ 똥집도 마늘이랑 고추 떡도 같이 튀겨져있어서 좋은데 양념치킨소스랑 같이 먹어도 맛있을 것 같네요~!,긍정적,긍정적,긍정적,알 수 없음,긍정적
2024-01,"뱅뱅사거리 터줏대감 즉떡맛집입니당
떡볶이에 술 한잔 하고, 볶음밥까지 야무지게 먹고 나올수 있습니다.
떡볶이는 기본 시켜도 이것저것 많이 들어있어서, 맛있고 푸짐합니다.

즉떡도 맛있지만, 포장마차 분위기에 메뉴가 정말 다양합니다.
모듬해산물(?)도 먹은적 있었는데, 맛있었어용
진짜 편하게 이것저것 시켜서 술 한잔하기 너무 좋은 곳",긍정적,긍정적,긍정적,긍정적,긍정적
2024-05,포장해서 집에서 먹었는데 그냥 사장님 쩝쩝박사 학위 드려야합니다…떡볶이 찐맛집..떡볶퀸도 한번 다녀갔으면…,부정적,긍정적,긍정적,긍정적,알 수 없음
2024-02,"즉석떡볶이에 맥주, 소주 곁들이기 좋은 곳! 😭 어른이들을 위한 곳입니다!! 점심부터 새벽까지 영업시간이 엄청 길어서 점심으로 즉떡, 안주로 즉떡 먹기 최상입니다. 해산물도 매장 내 수족관이 있어 신선하게 먹을 수 있겠더라고요!! 안주가 엄청 다양해서 퇴근 후 술 한잔 걸치기에 최상입니다.",긍정적,긍정적,긍정적,긍정적,긍정적
2024-06,맛있게 잘 먹었습니다!!!!,긍정적,긍정적,긍정적,알 수 없음,알 수 없음
2024-02,"회사 점심시간에 자주 가는 곳이에요^^
갈때마다 사장님이 친절하게 맞이해주셔서 갈때마다 너무 좋습니다. 근처에 즉석떡볶이집이 없는데 양도 많고 음식도 너무 맵지 않고 적당해서 속도 안불편해요!
저녁에는 다양한 포차 음식들도 있어서 특히! 해물이 싱싱해보여서 좋았습니다! 저녁에 또 올게요😍",긍정적,긍정적,긍정적,긍정적,긍정적
2024-02,2명이서 떡볶이 2인분 시켰는데 양 진짜 많아용🥹 2명이서 2인분 배터지게 먹고 너무 맛있어서 통통해진 배 움켜쥐고 볶음밥까지 야무지게 먹어씀당.. 진짜 분위기도 좋고 친절한 서비스에 맛까지…ㅠㅠ 진짜 기똥차게 맛있습니당👍,긍정적,긍정적,긍정적,긍정적,긍정적
2024-01,"점심에 즉떡 먹으러 갔는데 순한맛 시켰더니 저같은 맵찔이도 먹기 좋은 찐 순한맛이라 너무 잘 먹었어요! 기본 세트 구성이 풍족해서 따로 토핑 추가 안 했는데도 넉넉했고, 볶음밥도 하나 시켰는데 둘이 먹기 적당하게끔 넉넉하고 맛있었습니다. 분위기가 포차 느낌 낭낭해서 한 잔하러 가고 싶은 곳이에요!",긍정적,긍정적,긍정적,긍정적,긍정적
2024-07,즉떡 맛집! 직원분들도 넘 친절! 사리 듬뿍 굿굿,긍정적,긍정적,긍정적,긍정적,긍정적
2024-03,"요새는 즉떡 파는 곳이 많이 없어져서
너무 아쉬웠는데용 ㅠㅠㅠㅠㅠ
강남에 이렇게 맛있고 가성비 좋은 곳이 있어서
깜짝 놀랬습니다!!!!!
강남 즉떡은 지우네 강추입니다👍👍",긍정적,긍정적,긍정적,알 수 없음,알 수 없음
2023-11,"오랜만에 즉떡이 먹고 싶어 역삼떡볶이 맛집이라 불리는 지우네로 와봤어요 생각보다 즉떡이 더 맛있더라고요?! 떡이 작아서 간이 잘 베여 좋았고 밀떡의 쫄깃함이 굿! 즉떡은 역시 다 먹고 볶음밥까지 먹는 게 국룰입니다🙌🏼

🙆🏻장점
1️⃣메뉴 종류가 세상 다양한 역삼동맛집✨
2️⃣주문 후 음식이 나오기까지 상당히 빨랐던 강남역맛집👍🏼
3️⃣정겨운 인테리어로 분위기가 좋아 단체모임, 회식장소, 데이트 모두 적격인 역삼맛집❤️‍🔥",긍정적,긍정적,긍정적,긍정적,긍정적
2024-01,근처에 이렇게 맛있는 즉떡 집이 있는줄 왜 이제야 안걸까요 ㅠ.ㅠ 정말 맛있었습니다 무엇보다 양이 엄~청 많아서 두명이서 넉넉하게 먹을수 있어서 좋았어요 재료도 알차고 직원분들이 친절하셔서 기분 좋게 식사했습니다 :),긍정적,긍정적,긍정적,긍정적,긍정적
2024-03,즉석떡볶이 맛집 답게 양도 많고 기본구성으로 김말이와 삶은계란 주셔서 너무 맛있게 잘 먹었오요! 강남 맛집 지우네 추천합니다~,긍정적,긍정적,긍정적,긍정적,긍정적
2024-05,음식이 맛이 잇으니 술이 술술 들어간듯....,긍정적,긍정적,긍정적,알 수 없음,알 수 없음
2023-12,역삼떡볶이 지우네!! 뱅뱅사거리에서도 가까운데요!! 저는 점심에 떡볶이 먹으러 다녀왔는데 세트구성도 잘 되어있고! 토핑추가해서 먹으면 배불러서 볶음밥 못먹을까봐 추가 안시켯는데! 그래도 2인시켜서 엄청 배불르게먹었습니다! 요즘 즉떡 많이 없는데! 지우네가 있어서 좋은거 같아요!! 사리도 많고 볶음밥에 치즈 추가 꼭 해드세요!!!! 치즈 엄청 주셔서 좋았어요❤️,긍정적,긍정적,긍정적,긍정적,긍정적
2023-12,역삼떡볶이 맛집 지우네 맛있다는 말만 많이 들어보고 처음 다녀왔는데 유명한 이유가 있네요 토핑추가하지않아도 즉떡 기본구성에 쫄면/라면/계란 등등까지 다양하게 포함되어 있고 볶음밥도 너무 맛있어요!!!,긍정적,긍정적,긍정적,긍정적,긍정적
2023-12,"즉석떡볶이 어릴때먹고 최근에는 안먹어서 찾다가 발견한 가게인데 진짜 맛있었습니다
입에 계속 맴돌아요 너무 맛있어서!!
마지막에 볶아먹은 볶음밥까지 완벽했습니다
다음엔 다른 안주들도 먹어보려구요",긍정적,긍정적,긍정적,알 수 없음,알 수 없음
2024-02,양도 적당하고 특히 치즈볶음밥이 맛도리입니당 !! 단체로도 많이오는거같아요< 메뉴가 다양하니 골라먹는재미도 !!,긍정적,긍정적,긍정적,알 수 없음,긍정적
2024-03,점심때 즉떡 먹을수 있음~음식이 빨리나와서 좋음,긍정적,긍정적,긍정적,긍정적,알 수 없음
2023-12,저희는 치즈가리비구이 시켰는데 너무 맛있어요 😭😭 가리비살도 촉촉하구 치즈랑 초장이랑 너무 잘 어울리더라구요~! 저희는 안 먹었지만 다른 테이블은 다 떡볶이 먹고 있더라구요..!! 너무 맛있게 보여서 다음에 오면 떡볶이 먹어보랴구요 ㅎㅎ,긍정적,긍정적,긍정적,긍정적,알 수 없음
2023-12,"레트로 감성 넘치는 실내포차에서 즉떡을 먹다니🤭
떡볶이에 콩나물이 많이 들어있어서 국물이 진짜 시원해요 생각보다 양도 많아서 끼니로도 안주로도 손색 없는 메뉴였어요👍
볶음밥 1인분 시켰는데 너무 많아가지고 반 밖에 못 먹은거 진짜 아쉬워죽겠어요ㅋㅋㅋ
수조가 있어서 해산물도 싱싱할 거 같던데 담에는 안주메뉴 도전하러 올게욤!",긍정적,긍정적,긍정적,긍정적,부정적
2024-02,"즉석떡볶이도 맛있지만 순대도 야들야들 맛있어요
초장에 주는게 좀 특이해요",긍정적,긍정적,긍정적,알 수 없음,알 수 없음
2024-02,"뱅뱅사거리 즉떡 맛집👍
강남 직장인의 떡볶이 맛집이에요 오랫만에 방문해도 여전히 맛있는곳
2인 2만원으로 가성비 좋게 푸짐하게 먹을수 있는 떡볶이 맛집🫶",긍정적,긍정적,긍정적,긍정적,긍정적
2024-04,"이근처 늦게까지 하는 술집이 없는데
여긴 늦게까지하고 가격도 착하고 맛도 괜찮고
막차로 추천!!",긍정적,긍정적,긍정적,긍정적,알 수 없음
2023-12,"오랜만에 즉석떢볶이 먹었는데 너무 맛있었어요!!
맵기조절가능해서 너무 좋았구요!
90년대 노래가 흘러나오면서 포차분위기나면서 좋아욜ㅎㅎ
즉석떡볶이가 유명한줄 알았는데 해물떡볶이도 맛있다는게 적혀있더라구요?
주문이후에 보게되어서 오늘은 즉떡으로만족!
토핑추가는 치즈만했고 왼쪽사진이 즉떡2인분양입니다 ㅎㅎ
양도 많고 맛있었어요 !!",긍정적,긍정적,긍정적,긍정적,긍정적
2023-12,오랜만에 즉석 떡볶이 먹었는데 자극적이지 않고 깻잎향이 너무 향긋하고 좋았어요. 그리고 가격대비 양도 꽤 많았습니다. 볶음밥은 참기름이 많이 들어가서 고소하고 맛있었어요. 다음에 점심 먹으러 또 갈게요.^_^,긍정적,긍정적,긍정적,알 수 없음,긍정적
2024-02,"양이 진짜 많아요 그리고 김말이 너무 맛있습니다
즉떡맛집임 ,, 꼭 가세여 ㅠㅠ 맵기도 조절 가능해요
김치전도 바삭바삭 별미였습니다 ❤️",긍정적,긍정적,긍정적,알 수 없음,긍정적
2023-11,"매장 들어가자마자 레트로 감성 가득해요!
떡볶이에 기본으로 김말이랑 계란까지 인원수대로 들어가 있고, 재료가 푸짐해요! 떡볶이는 자극적인 맛 없이 맛있는 맛이고, 볶음밥은 찐 참기름을 듬뿍 넣어주셔서 고소 그 자체입니당😋 너무 맛있게 먹고 왔어요ㅎㅎ!!!",긍정적,긍정적,긍정적,긍정적,긍정적
2024-02,"저녁으로 즉석떡볶이 먹었어요! :)
맵기단계 중간단계로 먹었는데 꽤 매웠습니다😅
삶은달걀도 인원수대로 넣어주셔서 촉촉하게 국물에 으깨먹을 수 있어서 좋았어요. 푸짐하게 잘 나와요!",긍정적,긍정적,긍정적,긍정적,긍정적
2023-11,지우네에서 즉석떡볶이 먹었습니다! 매콤 달달한 국물이 완전 제대로였어요! 평소에 즉떡 좋아하는데 지금까지 먹어봤던 즉떡 중에 탑이에요👍 가격도 착하고 양도 푸짐하고 너무 맛나게 잘 먹었어요><🫶 사장님도 친절하셔서 더 기분 좋게 먹었네요! 포차메뉴도 많아서 다음엔 술마시러 방문하려구요~!,긍정적,긍정적,긍정적,긍정적,긍정적
2024-01,"뱅뱅사거리점심 즉석떡볶이 먹으러 방문했어요!
🥰 2인이서 2인세트+볶음밥먹었는데 즉떡 기본에 충실한 맛이에요! 2만원 남짓한 돈으로 배터지게 먹고왔습니다ㅠㅠ최고! 강남에서 즉떡 땡길때 또갈거에요!",긍정적,긍정적,긍정적,알 수 없음,긍정적
2023-11,"역삼떡볶이 검색하다가 나와서 방문해봤는데,,양 많아서 깜놀... 주말에 방문해서 5시에 문열자마자 들어가게 되었는데 떡볶이 저녁으루 맛있게 먹었어요 무엇보다 토핑 추가주문 안했는데도 모든 토핑 다 들어있고(김말이,쫄면,라면) 계란도 인원 수대로 들어있어서 감동.. 볶음밥도 1개 시켰는데 둘이서 먹어도 충분한 양 !!!! 사장님도 너무 친절하셔서 좋았어요 갑자기 찾다가 들어간 집인데 또 가야지~싶은?? 무엇보다 화장실이 내부에 있어서 굳굳 주차도 되고 !!!! 잘먹었습니다 감사합니다♡",긍정적,긍정적,긍정적,긍정적,긍정적
2023-11,"즉석떡볶이 2인세트로 주문했어요!✌️

다른 즉석떡볶이 집들은 라면이나 쫄면사리 추가해야하지만 기본으로 나와서 좋아요.
기본 구성 메뉴인데 계란도 두개씩 줘서 사이좋게 먹을수 있답니당 ㅋㅋㅋ
해산물도 다양하게 많이 팔고있어서 회식단위로도 많이 오더라구요???
떡볶이에 술은 처음 먹어보는데 신박한데 잘어울려서 좋았어욥 ㅎ",긍정적,긍정적,긍정적,긍정적,긍정적
2024-02,이 근처에 맛집들이 많이 없기는 한데.. 즉떡먹으러 한번씩 들러서 점심먹기 좋아요 ㅎㅎ,긍정적,긍정적,긍정적,알 수 없음,알 수 없음
2023-11,"뱅뱅사거리에 위치한 지우네
즉석떡볶이 완전 맛있어요 저는 보통맛으로 먹었는데 약간 매콤하면서 즐기기 좋았어요
기본 토핑도 많이 들어가있고 둘이먹기에 충분한 양이며 다먹고 볶음밥도 볶아먹었는데 완전 꿀맛❤️
맛있는 즉석떡볶이 즐기러 지우네 방문 추천이에요:)",긍정적,긍정적,긍정적,긍정적,긍정적
2024-03,떡볶이 먹으러 갔다가 김치전 맛집인 걸 발견!!!!!! 떡볶이랑도 잘 어울리고 거의 저혼자 흡입한 것 같아요🤣,긍정적,긍정적,긍정적,알 수 없음,알 수 없음
2024-01,"즉떡 맛집... 기본 사리가 쫄면,라면,어묵,떡,인원수에 맞는 계란&김말이!!! 그리고 콩나물이 진짜 한몫하는거같아용ㅎㅎㅎ달큰한 즉석 떡볶이예요>_< 그리고 마지막 볶음밥 필수수수수수",긍정적,긍정적,긍정적,알 수 없음,긍정적
2023-10,"퇴근하고 저녁에 떡볶이 먹으러갔어요! 다른 메뉴가 많아서 다음엔 술 마시러 가려구요.
즉석떡볶이 2인 14,000원인데 쫄면, 라면, 삶은계란, 김말이까지 들어있어서 갓성비 미쳐요. 맵기 선택도 가능해서 중간맛으로 먹었는데 매운 음식 좋아하는 사람 안 섭섭할 정도로 매콤하고 맛있었어요. 조미료맛 나는 즉떡도 많은데 그런 맛 아니고 콩나물이 들어가서 시원맵칼한 요리같은 맛이었습니다. 마지막 볶음밥은 배불러서 살짝 고민했는데 안 먹었으면 후회했을 정도로 맛있었어요. 떡볶이 진짜 강추!!",긍정적,긍정적,긍정적,긍정적,긍정적
2023-10,"뱅뱅사거리 맛집 지우네 즉석떡볶이, 직장인을의 별미 점심메뉴로 인기있어 조금만 늦어도 항상 대기가 있는 식당이에요 맵기정도를 선태할수 있는데 중간맛이 딱 좋은듯 하며 치즈듬뿍 볶음밥은 안먹을수 없는 한국의 맛이네요",긍정적,긍정적,긍정적,긍정적,알 수 없음
2023-10,"강남,역삼에 가성비 좋은 맛집을 알게 돼서 너무 기뻐요
맛도 맛이지만 양이 많아서 2인세트 둘이서 배부르게 먹었네요 볶음밥도 먹고싶었는데 배불러서 못먹었어요 ,,흑 다음엔 여러명이서 가서 토핑도 추가하고 볶음밥까지 먹어볼게요✨",긍정적,긍정적,긍정적,알 수 없음,긍정적
2023-12,저는 떡볶이만 먹었는데 떡볶이가 너무 맛있어서 다른 메뉴들도 맛있을것같아여 기대되는 곳이에여,긍정적,긍정적,긍정적,알 수 없음,알 수 없음
2023-10,"역삼동에 위치한 즉석떡볶이 맛집이에요! 세트가 정말 푸짐해서 꼭 꼭 추천드리고 싶은 곳이랍니당..🩷 볶음밥도 정말 맛있으니 잊지 말고 드세요!! 역삼동, 뱅뱅사거리에서 직장을 다니고 계신다면 점심 시간에도 방문하기 정말 좋을 것 같습니다!!!",긍정적,긍정적,긍정적,긍정적,긍정적
2023-09,"즉석떡볶이는 떡볶이 국물에 잘 묻어나서 떡볶이랑 면은 생생 야들야들 맛있고 튀김도 바삭 짭짤하면서 오뎅 등 각종 재료들도 푸짐하고 맛있음
후라이드치킨은 한 입 베어불면 속살 맛이 정말 부드러운 뜨끈뜨끈한 담백함에 바삭껍질의 짭짤함이 잘 느껴져서 담백바삭짭짤 옛날 치킨 맛 그대로임
양배추 샐러드는 케찹 마요네즈가 적절히 잘 드레싱되서 양배추의 야채 특유의 신선한 아삭함과 케찹 마요네즈의 달콤달촉함이 잘 곁들여서 치킨이랑 양배추 샐러드랑 같이 곁들여서 먹으면 오감의 풍미가 배가
소금에 찍어서 먹으면 소금의 향신료 맛에 더해진 짭짤함이 잘 더해져서 맛의 풍미가 올라감
속살이 아주 잘 염지되서 육안으로 봐도 촉촉함과 육즙이 아주 앙상블
매우 부드럽고 육즙의 찰진 녹아드는 담백함에 혀가 녹는 듯한 맛이 옛날치킨감성맛",긍정적,긍정적,긍정적,알 수 없음,긍정적
2023-10,"찐 즉떡 맛집이에요 포차 느낌도 나서
비오는 날 창가에서 기분 좋게 먹엇어욤👍🏻😝

치즈는 꼭 넣어서 드세요 진짜 이렇게 질좋은 치즈는 간만이네요 볶음밥까지 넘 맛나게 먹고가요ㅜㅜㅜ 또 갈게여",긍정적,긍정적,긍정적,긍정적,긍정적
2024-02,양재역에서 가성비가격에 푸짐한 점심 즉석떡복이를 맛볼수 있는 매력적인 지우네 가게에요! 점심에만 즉석떡볶이를 먹을수 있는쥴 알았는데 저녁메뉴도 가능해서 더 좋았어요!,긍정적,긍정적,긍정적,긍정적,긍정적
2023-09,"회사 근처라 점심저녁 할것 없이 자주 가는 곳입니다!
즉떡이 특히 맛있고 양도 많아요!
2인세트 14,000원이라는 가성비 갑인 가격에 김말이랑 계란,쫄면,라면사리까지 푸짐하게 나옵니다용 ㅎㅎ
저녁에도 떡볶이 주문할수있어서 맥주에 간단히 한잔하기도 딱 좋습니당
아이스 황도도 시원하니 맛있어서 강추해욥!",긍정적,긍정적,긍정적,긍정적,긍정적
2023-10,"지우네 떡볶이 너무 추천해요!!! 사장님도 친절하시고 포차같은 분위기👍 너무 좋습니다:) 즉석떡볶이 오랜만에 먹는데 아주 맛있게 잘 먹고 왔습니다•‿•
2인세트 먹었는데 아주 양이 야무지네요♡
맵기도 3단계로 있으니까 맵찔이부터 맵고수 모두 가능~^_^",긍정적,긍정적,긍정적,긍정적,긍정적
2023-09,"뱅뱅사거리 점심맛집 추천💕
양재역과 강남역 사이 점심맛집으로 저녁에는 해물포차로 변신하는 지우네✨✨✨
점심에 즉석떡볶이 드시고싶은 분들에게 강추드립니당!!ㅎㅎ
내부도 굉장히 넓고 포장마차 분위기로 아주 좋아요 😃
가성비도 넘 좋고 양도 많고 최고의 밥집이자 술집입니당",긍정적,긍정적,긍정적,긍정적,긍정적
2023-10,"강남에서 이 가격에 즉석떡볶이를 먹을 수 있다니..!!
중간맛으로 먹었는데 신라면과 불닭 사이쯤의 맵기고, 끓이면 끓일 수록 진한 감칠맛이 올라오는 맛도리 즉떡!!

치킨도 완전 옛날 시장 통닭st인데 튀긴 즉시 먹을 수 있어서 따뜻하고 맛있어요!

가게 분위기도 복작복작 좋아서 다음에 또 오고싶은 곳!",긍정적,긍정적,긍정적,긍정적,알 수 없음
2024-04,"맛있어요 즉석떡볶이도 해산물도 굿굿
분위기도좋았어요^^",긍정적,긍정적,긍정적,알 수 없음,알 수 없음
2023-09,역삼떡볶이맛집 지우네! 🤩 뱅뱅사거리골목에 위치해있습니다! 친근한 느낌가득 평일 저녁에 방문하였는데 단체모임하시는 분들이 꽤 있었음에도 매장이 넒어서 전혀 시끄럽지 않고 좋았어요!! 떡볶이에 후추 타서 드시면 이게 또 그렇게 새롭습니다! 넘 맛있네요 ㅎㅎ 닭똥집튀김이랑 같이먹으면 맥주를 안시킬 수 없어요!!!바삭바삭 꼬독꼬독 맛있습니다ㅜ추천드립니다!!! 👍🏻👍🏻👍🏻,긍정적,긍정적,긍정적,긍정적,알 수 없음
2023-11,"비오는날 즉석떡볶이..
흘러나오는 잔잔한음악을 들으며
떡볶이 먹는맛이
기가막히게 맛있네요~~",긍정적,긍정적,긍정적,알 수 없음,알 수 없음
2023-10,추억의 즉석떡볶이 맛 ㅠㅠ너무 맛있어용 오랫동안 유명한 맛집인 이유가 있네여 양도 많고 특히 볶음밥에 치즈 추가 미쳤어요!! 사장님도 넘 친절하시고 포장마차 분위기도 조아요~~,긍정적,긍정적,긍정적,긍정적,긍정적
2023-10,"포차에서 즉석떡볶이 먹기 쉽지 않은데 분위기가 그래서 그런지 떡볶이가 한층 더 맛있었어요 !!
치킨은 안주용으로 조금 나올줄 알았더니 한마리가 통째로 나오더라구요 !
가성비 굿굿입니다 !!",긍정적,긍정적,긍정적,긍정적,긍정적
2024-05,맛나요,긍정적,긍정적,긍정적,알 수 없음,알 수 없음
2023-09,퇴근하고 떡볶이 먹고 싶어서 왔는데 학창시절에 먹던 국물떡볶이 비주얼이라 추억이 방울방울했네요ㅋㅋㅋㅋㅋ후식으로 볶음밥까지 먹었는데 둘이서 배터지게 먹었어요ㅋㅋㅋ 비오는 날에 잘 어울리는 분위기라 담엔 전 먹으러 가려구요,긍정적,긍정적,긍정적,긍정적,긍정적
2024-01,포장마차 컨셉이 재밌구요 떡볶이 맛집이에요!,긍정적,긍정적,긍정적,알 수 없음,알 수 없음
2024-03,맛있게 잘 먹었습니다.,긍정적,긍정적,긍정적,알 수 없음,알 수 없음
2023-09,"오랜만에 즉떡 먹고싶어서 점심에 강남에서 볼 일 보고 찾아갔는데 점심시간 겹쳐서인지 사람도 많았지만...즉떡2인시켰는데 양이 어마어마하네요
보통 그냥 떡볶이,야채,오뎅에 사리추가는 기본으로 해야하는데 여긴 2인시키면 김말이 계란이 그냥 추가되어 나오네요 모르고 쫄면사리랑 김말이사리추가하니 김말이는 기본으로 나오는데 추가시냐고 하여 빼달라고 했어요 ㅎㅎ 암튼 양이 많고 맛있어요 마지막엔 볶음밥에 치즈올려먹었는데 역시 볶음밥은진리임",긍정적,긍정적,긍정적,부정적,긍정적
2023-10,양이 정말 푸짐하네요! 넘 맛있어요 ㅜㅜ 분위기도 넘 좋구.. 메뉴가 다양하고 양이 많아서 여럿이 가서 술이랑 한참 먹기 넘 좋아요. 아지트 될 듯! 사장님 넘 친절하심,긍정적,긍정적,긍정적,긍정적,긍정적
2023-09,"2인세트 두명이서 토핑 추가없이 먹었는데 양이 진짜 많고 엄청 배부르게 잘 먹었어요!! 기본메뉴에 계란,김말이,라면사리,당면사리 엄청 많이 들어있고 맵기 맛도 선택할 수 있어서 넘 좋았어요 마지막에 볶음밥 먹는데 역시나 맛있었습니당😋 저녁에는 술집도 운영하는것같은데 안주메뉴도 맛보고싶었어요💞",긍정적,긍정적,긍정적,긍정적,긍정적
2023-10,"가성비 맛집!
점심시간에 가면 배터질수도 있어요!
치즈사리도 듬뿍주시고
순대도 저렴하고ㅠ내장까지!!!!!
언니들 즉떡먹고 볶움밥까지 드세요!!!!
양이 혜자ㅠㅠㅠㅠ
맵기조절도 가능하다니요",긍정적,긍정적,긍정적,긍정적,긍정적
2023-09,"분위기, 맛, 가성비 뭐 하나 빠지는 거 없이 대만족이에요! 특히 즉떡은 양도 많고 토핑도 다양해서 역삼점심으로도 강추입니다 👍🏻볶음밥은 선택 아닌 필수!!",긍정적,긍정적,긍정적,알 수 없음,긍정적
2023-12,조개탕.해감도 잘되어있어요,긍정적,긍정적,긍정적,알 수 없음,알 수 없음
2023-12,"이 근처에서 이정도 맛을 내는 떡볶이 맛집이 없네요.
제일 맛있어요",긍정적,긍정적,긍정적,알 수 없음,알 수 없음
2024-01,계란말이랑 김치우동 두부김치 맛있었어요 가성비 좋음!,긍정적,긍정적,긍정적,알 수 없음,알 수 없음
2023-10,"떡볶이 맛집 지우네..!
점심에만 방문했었는데 친구들과 한 잔 하려고 저녁에 들러보니까 분위기도 너무 좋고 딱이에요! 떡볶이 3인세트 18,000원이라 가성비가 너무 좋아요🥰
근데 숨은 메뉴는 순대볶음입니다 진짜 먹어본 순대볶음 중 제일 짱맛... 추천추천!!",긍정적,긍정적,긍정적,긍정적,긍정적
2023-10,"돼지고기 두부김치 단짠하니 진짜 맛있어요
두부도 다른곳보다 부드럽고 술안주로 최고",긍정적,긍정적,긍정적,알 수 없음,알 수 없음
2023-07,"강남 데이트 코스 찾다가 즉석떡볶이 먹고 싶어서 방문했는데, 포차 분위기에 완전 뿅갔어요!
즉석 떡볶이 양 푸짐하구 깻잎향 은은해서 넘 맛있게 먹었어용 >< 마지막에는 볶음밥으로 깔끔하게 마무리 했어요ㅎㅎ 강남역 즉석 떡볶이로 완전 강추입니당
퇴근 후에 술 한잔 장소로도 너무 좋을것 같아요!",긍정적,긍정적,긍정적,긍정적,긍정적
2024-01,점심 떡볶이 먹으러갑니다. 항상 사람이 많아요. 즉석떡볶이도 맛있고 저녁에 가볍게 술한잔하기도좋아요.,긍정적,긍정적,긍정적,알 수 없음,알 수 없음
2023-09,"진짜 뱅뱅사거리 점심 맛집 중 제 취향 저격이예요.ㅎㅎ
친구들이랑 또 가고 싶은 곳입니다.
재료도 다양하게 들어있고 떡볶이 국물도 넘 맛있어요.",긍정적,긍정적,긍정적,알 수 없음,긍정적
2024-07,해산물이 맛있고 떡볶이가 맛나요!,긍정적,긍정적,긍정적,알 수 없음,알 수 없음
2023-09,"지우네 정말 10번은 방문한 떡볶이 맛집이에요 ㅠㅠ
맨날 떡볶이에 간단하게 하려다가 술이 너무 잘 들어가서 만만취🥲
순대도 쫄깃하고 초장에 찍어 먹는게 별미에요!",긍정적,긍정적,긍정적,긍정적,알 수 없음
2023-11,치즈 계란말이 꼭 드십시오,긍정적,긍정적,긍정적,알 수 없음,알 수 없음
2023-09,"매장도 넓고 편하게 먹기 좋네요! 양도 푸짐하고
둘이 먹는 양치고는 많아서 배터지게 먹었어용
순대도 굉장히 쫄깃하니 맛나네요~
저녁메뉴는 더다양한거같던데 담에도 또 가보려구요 🤍",긍정적,긍정적,긍정적,알 수 없음,긍정적
2023-11,점심시간에 즉석떡볶이 먹고싶어서 방문했는데 양도 많고 진짜 맛있었어요ㅠㅠㅠㅠ또오고싳음!!....,긍정적,긍정적,긍정적,알 수 없음,긍정적
2023-10,즉석 떡볶이와 치킨까지 너무 맛있게 먹었어요...🩷🥹ㅎㅎ 진짜 바닥 박박 긁어 먹었습니다 ㅎㅎ!!! 맥주와 조합 굿굿!!,긍정적,긍정적,긍정적,알 수 없음,알 수 없음
2023-10,뱅뱅사거리점심으로 가성비 좋고 맛도 좋은 즉석떡볶이 네요,긍정적,긍정적,긍정적,알 수 없음,긍정적
2023-09,기본 구성도 알찬데다 가격도 착하고 무엇보다 떡볶이가 대박 맛있어요 ㅠㅠ 신당동까지 갈 필요 없을듯요!! 치즈사리 꼭 추가해드시고 볶음밥도 두 번 세 번 드세요!! 사장님도 넘 친절하십니다♡,긍정적,긍정적,긍정적,긍정적,긍정적
2023-10,"직장인 점심 메뉴로 먹기 너무 좋아요!
떡볶이 기본사리가 풍부하고 볶음밥도 정말 맛있어요 ♥",긍정적,긍정적,긍정적,알 수 없음,긍정적
2023-10,"즉석떡볶이랑 볶음밥이 너무너무 맛있어요~
뱅뱅사거리 근처에서 점심먹기 너무 좋은 곳이네요
다음에도 올게요!",긍정적,긍정적,긍정적,긍정적,알 수 없음
2023-11,양도 푸짐하고 모듬 즉석떡볶이 입니다 맛있어요👍👍,긍정적,긍정적,긍정적,알 수 없음,긍정적
2023-10,"요기 2층에 있는 즉석 떡볶이집입니다.
뱅뱅 사거리 근처 떡볶이들 중에서 젤 마싯어요!",긍정적,긍정적,긍정적,알 수 없음,알 수 없음
2023-10,근처에 다른 식당 가려다가 즉석떡볶이 맛집이라고 하길래 급히 들렸어요! 딱 술 안주로 좋았던 즉떡 맛이었습니다~~,긍정적,긍정적,긍정적,알 수 없음,알 수 없음
2023-09,"즉떡 + 닭똥집 튀김
맥주 안주로 아주 딱이에요! 맛나용",긍정적,긍정적,긍정적,알 수 없음,알 수 없음
2023-07,"기본사리도 매우 알차고 맛있는 즉석떡볶이였어요
떡도 쫄깃쫄깃하고 김말이도 너무 맛있었습니다.
중간맛으로 맵기 조절했는데도 자극적이지 않고 맛있었고 인테리어도 향수를 불러 일으키는 옛날 감성 인테리어에요 즉석떡볶이에 맥주 한 잔 하고 싶은 감성적인 즉떡집! 잘 먹고 갑니다~",긍정적,긍정적,긍정적,긍정적,알 수 없음
2023-12,어긋난 화장실 잠금쇠처럼 약간 허술한 곳.,부정적,부정적,알 수 없음,부정적,부정적
2023-09,즉떡 먹기에 좋아요. 매장 넓어서 저녁에 단체모임 하는 분들 많더라고요? 식사하시는 분들은 점심이 더 좋고 저녁에 시끌벅적하게 술 마시는 거 좋아하는 분들은 저녁에 가면 될 거 같아요,긍정적,긍정적,긍정적,긍정적,알 수 없음
2023-10,"즉떡맛집~~! 역삼떡볶이 집 찾으시면 지우네 추천합니다
갠적으로 작공보다 나은것같아요 ㅎㅎ",긍정적,긍정적,긍정적,알 수 없음,알 수 없음
2024-02,낫베드,부정적,부정적,긍정적,알 수 없음,부정적
2023-10,"즉석떢복이 급 땡겨서 검색 하고 갔는데,
평은 노코멘트",부정적,부정적,긍정적,알 수 없음,알 수 없음
2023-06,"점심시간에 즉떡먹고싶은 직장인이라면.. 여기 무조건 강추에요!
일단 가성비 갑입니다 ㅠㅠ 저렴한데(3인분 18,0-사리 다 들어있어요. 라면,쫄면,계란 전부~!) 양도 많아요! 배불러서 볶음밥은 안 시켰습니다 ㅎㅎ.. 식대 정해진 직장인들에게는 천국인곳입니다:) 맵기 조절할 수 있어서 맵찔이들에게도 좋아용!엽떡 못먹는 맵찔이라면 무조건 1단계시키세요 ㅎㅎㅎ",긍정적,긍정적,긍정적,긍정적,긍정적
2023-10,"너무 맛있어요!
매운 맛은 정말 맵습니다ㅎㅎ",긍정적,긍정적,긍정적,알 수 없음,알 수 없음
2023-09,즉석떡볶이 맛집이에요!! 완전 국물 시원하고 해산물이 많이 들어가 있어서 좋아요🩷,긍정적,긍정적,긍정적,알 수 없음,알 수 없음
2023-10,해물떡볶이 존맛탱임 조리되어서 나오니까 바로 먹을 수 있어서 편했어요👍👍 술안주로 딱이네요,긍정적,긍정적,긍정적,긍정적,알 수 없음
2023-07,인간적으로 너무너무 맛나요♡ 일주일3번도장 그냥찍네요 즉떡은 무조건지우네요♡,긍정적,긍정적,긍정적,알 수 없음,부정적
2023-08,사리가 푸짐해서 둘이 배 터지게 먹고 볶음밥을 못 먹어서 너무 슬펐어욮퓨ㅠㅠㅠ 다음번에 볶음밥까지 클리어하러 가겠습니다♥️,긍정적,긍정적,긍정적,알 수 없음,긍정적
2023-10,"즉석떡뽁이 느므느므 맛있어요!!! 존맛탱~ 탱탱구리!! 감성돋는 인테리어도 한몫하고요~
알바생들도 잘 생겼고요… 암튼 굿트굿트굿트!!",긍정적,긍정적,긍정적,긍정적,알 수 없음
2023-10,회사 옆이라서 종종 방문해요!,긍정적,긍정적,알 수 없음,긍정적,알 수 없음
2023-09,순대랑 즉석떡볶이가 정말 맛나네요! 특히 순대요!! 떡볶이 맛은 평범한편입니다,긍정적,긍정적,긍정적,알 수 없음,알 수 없음
2023-07,"해장하면서 먹을 수 있는 떡볶이!!
ㅠㅠㅠㅠ존맛탱입니다.
정말 깻잎과 콩나물이 신의 한수
중간맛은 제 입맛에는 안매웠어요!!",긍정적,긍정적,긍정적,알 수 없음,부정적
2023-10,회식하러 자주 왔고 오늘은 친구들 모임 했는데 안주가 너무 맛있네요! 항상 맛있게 잘 먹고 갑니다!,긍정적,긍정적,긍정적,알 수 없음,알 수 없음
2023-09,"2인분 14,000원에 즉석떡볶이를 맘껏 즐길 수 있다니 가성비최고 그리고 친절한 직원들과
쾌적한 가게내부가 아주 좋아요:)",긍정적,긍정적,긍정적,긍정적,긍정적
2023-10,역삼동떡볶이맛집있다고 해서 찾아갔는데 진짜 맛있는 즉석떡볶이👍👍 사리 종류도 다양해서 골라먹는재미가 쏠쏠해요ㅎㅎ 감성포차 분위기도 넘 좋아요!,긍정적,긍정적,긍정적,긍정적,알 수 없음
2023-09,"미미!!


기본으로 시켜도 토핑 한가득!!
가격도 너무 저렴하구 맛있어용!😗
지우네 즉떡 안먹어 본 사람 없게해주세여!!!!!!",긍정적,긍정적,긍정적,긍정적,긍정적
2023-07,오랜만에 즉석떡볶이 먹어서 기분업!!! 넘 맛있었어서 기분 킹왕짱! 치즈사리 꼭 추가하시구 볶음밥 꼭 드세요!!!,긍정적,긍정적,긍정적,알 수 없음,긍정적
2024-01,굿굿!,긍정적,긍정적,긍정적,알 수 없음,알 수 없음
2023-10,너무 맛있어요 또 갈께요.....지구 1위 즉떡...,긍정적,긍정적,긍정적,알 수 없음,알 수 없음
2023-09,"안주맛집 포차 지우네!
강남에서 포차에서 만원대로 떡볶이 먹다니
가격이 완전 혜자에요 👍🏻
맛도 좋고
자리도 넓어서 단체 회식 하기 넘 좋네요
뱅뱅사거리랑 가까워요!!!
담에또올게요~~~",긍정적,긍정적,긍정적,긍정적,알 수 없음
2023-07,즉떡 퀄리티 진짜 장난 아닌데 사장님도 세심하게 잘 챙겨주셔서 최고입니다 :),긍정적,긍정적,긍정적,긍정적,알 수 없음
2023-07,"점심으로 간단히 먹기 좋아요~
국물이 맛있고 양이 많아 배든든하게 먹을 수 있어 좋았어요!",긍정적,긍정적,긍정적,알 수 없음,긍정적
2023-07,"지우네 너무 맛있어요! 두명이서 안주 세개 뚝딱.
다음에 또 오께요~~!!🫶🏻",긍정적,긍정적,긍정적,알 수 없음,긍정적
2023-08,"분위기가 좋아요~ 회사원들 학생들 적당히 비율 맞게 있어요
떡볶이는 조금 달달구리한 편!
바빠서 그런지 직원분들이 분주해 보이고 살짝 까칠하다는 느낌이 들었어요~ 깨진 잔을 주셔서 치워달라고 했더니 안치워주셔서 제가 테이블 닦고 있었네요🥲 그거 외에는 커플 가족 모두 같이 와도 조은 분위기!",긍정적,긍정적,긍정적,부정적,알 수 없음
2023-12,맛있어요,긍정적,긍정적,긍정적,알 수 없음,알 수 없음
2024-01,떡볶이 맛있어서 점심시간에 자주 가는 곳에이요^^,긍정적,긍정적,긍정적,알 수 없음,알 수 없음
2023-05,"요런 옛스러운 분위기의 식당인데요..
먹느라 정신이 팔려서..
음식 사진은 못찍었네용ㅋㅋ
마싯습니다!!
아주아주 마싯어용~
요 근방 떡볶이들 중에 제입에는
요기가 제일 맛있드라구용~",긍정적,긍정적,긍정적,알 수 없음,알 수 없음
2023-10,"떡볶이 맛있어요^^
점심시간에 자주가요",긍정적,긍정적,긍정적,알 수 없음,알 수 없음
2023-06,즉떡 넘나리 맛나요~~,긍정적,긍정적,긍정적,알 수 없음,알 수 없음
2023-07,즉석 떡볶이 너무 맛있어요 떡이 쫠깃쫠깃해요 중간맛으로 먹었는데 신라면 맵기정도에요👍🏻,긍정적,긍정적,긍정적,알 수 없음,알 수 없음
2023-07,굳굳 양도 많고 푸짐해서 좋아요 !!! 가성비 최고 ㅎㅎ,긍정적,긍정적,긍정적,알 수 없음,긍정적
2023-06,친구들모임 안주 짱,긍정적,긍정적,긍정적,알 수 없음,알 수 없음
2023-05,김치전 후라이드 치킨 맛있어요,긍정적,긍정적,긍정적,알 수 없음,알 수 없음
2023-04,"사실 이 술집의 장점을 잘 모르겠습니다. 인주가 맛있지도, 좌석이 편하지도, 특별히 싸지도, 그닥 친절하지도 않습니다. 하지만 딱히 갈 곳이 없으면 들리게 되고, 저깉은 사람 때문이 항상 장사가 잘됩니다. 뭘까요 ㅎㅎ",부정적,부정적,알 수 없음,부정적,부정적
2023-04,새우깡 꼭 드세여 후회 안함,긍정적,긍정적,긍정적,알 수 없음,알 수 없음
2023-10,점심시간에 자주 가요^^,긍정적,긍정적,알 수 없음,긍정적,알 수 없음
2023-03,"마누라 떡볶이 먹이고 나는 해삼에 소주
술먹기 좋네요
싱싱한 해산물이 있음",긍정적,긍정적,긍정적,알 수 없음,알 수 없음
2023-08,"점심시간에 떡볶이와 순대, 맥주 좋아요",긍정적,긍정적,긍정적,알 수 없음,알 수 없음
2023-05,가성비좋고 맛있어요!,긍정적,긍정적,긍정적,알 수 없음,알 수 없음
2023-02,분위기에 취하고 음식에 취하고 넘 맛있게 잘 먹고 갑니다 :),긍정적,긍정적,긍정적,알 수 없음,알 수 없음
2023-03,지우네 점심 즉떡 너무 맛있어요,긍정적,긍정적,긍정적,알 수 없음,알 수 없음
2023-04,점심에 떡볶이 맛있어요,긍정적,긍정적,긍정적,알 수 없음,알 수 없음
2023-09,조아요,긍정적,긍정적,알 수 없음,알 수 없음,알 수 없음
2023-07,좋아요 추천,긍정적,긍정적,긍정적,알 수 없음,알 수 없음
2023-06,"즉떡 포장했는데
양도 많고 맛있고 친절합니당
가성비 좋아요",긍정적,긍정적,긍정적,긍정적,긍정적
2023-01,"회사 근처인데 점심때 자주가요 ㅎㅎㅎ
맛잇어요",긍정적,긍정적,긍정적,알 수 없음,알 수 없음
2022-12,즉떡맛집! 떡볶이 생각나면 지우네로 가요~ 순대도 맛있어요!,긍정적,긍정적,긍정적,알 수 없음,알 수 없음
2023-02,굿,긍정적,긍정적,긍정적,알 수 없음,알 수 없음
2023-04,굳,긍정적,긍정적,알 수 없음,알 수 없음,알 수 없음
2023-03,맛있어요,긍정적,긍정적,긍정적,알 수 없음,알 수 없음
2022-11,"점심에 떡볶이 먹으러 갔던 곳인데, 저녁에 술 한잔 하기도 좋네요🙂",긍정적,긍정적,긍정적,알 수 없음,알 수 없음
2022-10,맛있는 즉떡 ㅎㅎ 볶음밥도 필수!,긍정적,긍정적,긍정적,알 수 없음,알 수 없음
2022-06,요즘 막 레트로감성으로 꾸며진 인테리어아니고 진짜 레트로느낌~ 대학교 앞에 있었던 술집같은 정겨운 감성! 이쪽에 회사다닐 때부터 계속 있었으니 꽤 오랫동안 한곳에 있었던 곳이에요. 안주가 진짜 맛있고 즉석떡볶이도 대존맛!😄👍 떡볶이사진 두장 다른날에 찍은 것!,긍정적,긍정적,긍정적,긍정적,알 수 없음
2023-02,맛있어요,긍정적,긍정적,긍정적,알 수 없음,알 수 없음
2023-05,👍,긍정적,긍정적,긍정적,알 수 없음,알 수 없음
2022-11,분위기도 좋고 가성비 꿀,긍정적,긍정적,긍정적,알 수 없음,알 수 없음
2023-02,굿,긍정적,긍정적,긍정적,알 수 없음,알 수 없음
2023-01,맛있어요,긍정적,긍정적,긍정적,알 수 없음,알 수 없음
2022-11,2차로 가기 좋네요,긍정적,긍정적,알 수 없음,긍정적,알 수 없음
2023-02,회사근처라 가끔 가는데 맛있고 좋아요,긍정적,긍정적,긍정적,알 수 없음,알 수 없음
2022-11,여기는 단체로 가기도 좋고 즉떡에 소주한 잔 할 수 있어서 종종 갑니당!,긍정적,긍정적,긍정적,긍정적,알 수 없음
2022-11,가성비 최고!!,긍정적,긍정적,긍정적,알 수 없음,알 수 없음
2022-11,점심 떡볶이 강추,긍정적,긍정적,긍정적,알 수 없음,알 수 없음
2022-11,즉석떡볶이 짱,긍정적,긍정적,긍정적,알 수 없음,알 수 없음
2022-12,좋아요,긍정적,긍정적,알 수 없음,알 수 없음,알 수 없음
2022-12,굿,긍정적,긍정적,긍정적,알 수 없음,알 수 없음
2022-06,"오늘은 리뷰좀 달려구용ㅎㅋ
지우네 자주가는데 갈때마다 넘 맛있어요~~😆
양도 푸짐해서 동료들이랑 부담없이먹어요ㅋㅋㅋㅋㅋ뭣보다 음식이 엄청 빨리나와서 최고에요!!! 직원분들도 친절하시네여:)
저녁 메뉴들도 먹어보고싶어서 저녁에 가보려구요😎 오늘도 맛있게먹었습니당~! 사장님 직원분들 화이팅하세요~~~~💛",긍정적,긍정적,긍정적,긍정적,긍정적
2023-01,자주 갑니디,긍정적,긍정적,알 수 없음,긍정적,알 수 없음
2022-09,점심시간에는 즉석떡볶기 추천합니다,긍정적,긍정적,긍정적,알 수 없음,알 수 없음
2023-02,굿,긍정적,긍정적,긍정적,알 수 없음,알 수 없음
2022-05,"쫄면 추가했더니 양이 푸짐ㅎㅎ
요런 떡볶이 진짜 오랜만에 먹었는데
완전 맛나여😋😋 역시나 맛집답게 자리 금방 차구
담에 또 먹으러 올래용:)",긍정적,긍정적,긍정적,긍정적,긍정적
2022-09,양도 많구 맛있어요 ㅎㅎ,긍정적,긍정적,긍정적,알 수 없음,긍정적
2022-08,양이 엄청나내여!,긍정적,긍정적,알 수 없음,알 수 없음,긍정적
2022-08,맛있음!,긍정적,긍정적,긍정적,알 수 없음,알 수 없음
2022-10,지우네 특별한 메뉴가 있는데 뭘까요~,긍정적,긍정적,알 수 없음,긍정적,알 수 없음
2022-06,"여자직원분 진짜 너무불친절하시네요
단골이라고 생각할정도로 종종방문했는데 떡볶이다먹구
볶음밥추가하였습니다
볶음밥볶기위해 떡볶이 덜어주실때 새그릇에덜어달라고말씀드렸더니 쓰던그릇에 덜어도괜찮다며 고객요구 무시하시고 한숨 푹푹쉬시며 냄비가 뿌셔질정도로과격하게 볶고가시더니 다볶고나서 그릇도 휙던지시더라구요..
생각할수록 황당하고 어이가없어서
저기그릇에 이물질을 덜어놨는지 모가묻어서 제가안쓰겠다고말씀드린건지 어케아시고 그냥덜어주신거냐며
남은떡볶이먹으려했는데 기분이나쁘다고말씀드렸더니
제말은 다 듣지도않으시고 네네죄송합니다 더해드릴게요 하시더니
다드시고가세요 라고하시더군요.
글로는 잘표현이 안되지만 너무화가나고 불쾌하네요.다신 안갈듯싶습니다",부정적,부정적,긍정적,부정적,알 수 없음
2023-02,즉떡맛있어요❤️,긍정적,긍정적,긍정적,알 수 없음,알 수 없음
2023-04,맛있어요!,긍정적,긍정적,긍정적,알 수 없음,알 수 없음
2023-02,맛있어요❤️,긍정적,긍정적,긍정적,알 수 없음,알 수 없음
2022-09,맛잇어용,긍정적,긍정적,긍정적,알 수 없음,알 수 없음
2022-10,즉떡맛나용❤️,긍정적,긍정적,긍정적,알 수 없음,알 수 없음
2022-08,좋아요,긍정적,긍정적,알 수 없음,알 수 없음,알 수 없음
2022-08,좋아요,긍정적,긍정적,알 수 없음,알 수 없음,알 수 없음
2022-07,굿,긍정적,긍정적,긍정적,알 수 없음,알 수 없음
2022-06,굿,긍정적,긍정적,알 수 없음,알 수 없음,알 수 없음
2022-10,친절해요,긍정적,긍정적,알 수 없음,긍정적,알 수 없음
2022-07,요즘 직원분들 친절하신듯! 즉떡 넘 맛나요~,긍정적,긍정적,긍정적,긍정적,알 수 없음
2022-04,맛있어용,긍정적,긍정적,긍정적,알 수 없음,알 수 없음
2021-10,즉떡에 야끼만두 추가했는데 이정도에요!! 좀 많이 매워서 스트레스 풀기 딱 좋았어요 여기에 소맥먹으면 크흐,긍정적,긍정적,긍정적,알 수 없음,긍정적
2022-01,진짜 맛있어용,긍정적,긍정적,긍정적,알 수 없음,알 수 없음
2022-01,멍게 굳 ㅠ,긍정적,긍정적,긍정적,알 수 없음,알 수 없음
2021-09,"점심시간에 맛나게 먹었어용
저녁에 술 마시러 오기에도 좋을 것 같아요",긍정적,긍정적,긍정적,알 수 없음,알 수 없음
2021-08,회사근처 즉석떡볶이 맛집,긍정적,긍정적,긍정적,알 수 없음,알 수 없음
2022-07,굿,긍정적,긍정적,알 수 없음,알 수 없음,알 수 없음
2021-11,ㄱ,알 수 없음,알 수 없음,알 수 없음,긍정적,부정적
2021-12,맛있어요~,긍정적,긍정적,긍정적,알 수 없음,알 수 없음
2021-09,뱅뱅사거리 떡볶이맛집이예요,긍정적,긍정적,긍정적,알 수 없음,알 수 없음
2021-10,맛있었어요!,긍정적,긍정적,긍정적,알 수 없음,알 수 없음
2021-11,좋아요,긍정적,긍정적,알 수 없음,알 수 없음,알 수 없음
2021-09,잘머것어욥,부정적,긍정적,알 수 없음,알 수 없음,알 수 없음
2021-06,김치전 맛있었어요. 순수하게 김치만 들어있는... 김치전이었죠. 꼬치오뎅탕은 좀 고급 오뎅도 들어가 있었으면 하는 작은 소망이 있었네요... 다음엔 다른 메뉴에 도전해 보겠습니다.,긍정적,긍정적,긍정적,알 수 없음,알 수 없음
2021-07,가성비 있고 맛있었어요:),긍정적,긍정적,긍정적,알 수 없음,알 수 없음
2021-06,화장실 안에 있고 조아요 ㅋ,긍정적,긍정적,알 수 없음,긍정적,알 수 없음
2021-06,.,알 수 없음,알 수 없음,알 수 없음,알 수 없음,알 수 없음
2021-07,굿,긍정적,긍정적,긍정적,알 수 없음,알 수 없음
2021-06,ㅎ,부정적,긍정적,알 수 없음,알 수 없음,알 수 없음
2021-02,"퇴근하고 자주 가는게, 맛있어요
오돌뼈랑 주먹밥은 최고의 조합...",긍정적,긍정적,긍정적,알 수 없음,알 수 없음
2021-06,맛있어요!,긍정적,긍정적,긍정적,알 수 없음,알 수 없음
2021-01,안주 종류많아서 퇴근 후 한잔하기 좋아요! 다만 문 앞쪽 테이블은 너무 추워서 패딩입고 먹었네요. 가능하면 안쪽에 앉으시길!,긍정적,긍정적,긍정적,긍정적,알 수 없음
2021-04,맛있어요,긍정적,긍정적,긍정적,알 수 없음,알 수 없음
2021-03,괜찮아요,긍정적,긍정적,알 수 없음,알 수 없음,알 수 없음
2021-02,단골확정^^~,긍정적,긍정적,긍정적,알 수 없음,알 수 없음
2021-01,두부김치도맛있습니다,긍정적,긍정적,긍정적,알 수 없음,알 수 없음
2021-01,맛있어요,긍정적,긍정적,긍정적,알 수 없음,알 수 없음
2020-08,"점심시간에 회사 근처라서 갔는데 떡볶이 너무 맛있고 서비스도 만족합니다!!
단골손님으로 추가 될듯해요~",긍정적,긍정적,긍정적,긍정적,알 수 없음
2020-06,"즉석떡볶이 칼칼하고 맛있어요 :)
콩나물이 들어서 찌개 같은 느낌도 좀 나구 해장으로도 좋을 것 같아요😆",긍정적,긍정적,긍정적,알 수 없음,알 수 없음
2020-12,냠,긍정적,긍정적,알 수 없음,알 수 없음,알 수 없음
2020-08,"즉떡 늘 맛있어요
매운맛 조절이 갈때마다
조금 다르지만 좋아요",긍정적,긍정적,긍정적,알 수 없음,알 수 없음
2020-07,"즉석떡볶이 맛집!!
3인세트에 쫄면사리 추가!! 볶음밥 2개!!!
너무 맛있어서 열심히 먹었습니다!!",긍정적,긍정적,긍정적,알 수 없음,긍정적
2020-10,너무맛잇어여,긍정적,긍정적,긍정적,알 수 없음,알 수 없음
2020-08,즉떡 맛잇어요 볶음밥은 무난,긍정적,긍정적,긍정적,알 수 없음,알 수 없음
2020-10,추천,긍정적,긍정적,알 수 없음,긍정적,알 수 없음
2020-07,"대존맛탱 내가 볼때 여기가 즉떡 지구 1위인듯
계속 생각남",긍정적,긍정적,긍정적,알 수 없음,알 수 없음
2020-07,떡볶이 맛있어요,긍정적,긍정적,긍정적,알 수 없음,알 수 없음
2020-09,좋아용,긍정적,긍정적,긍정적,알 수 없음,알 수 없음
2020-05,메인요리 떡볶이 안주 맛 찾기보다는 가볍게 포차 느낌으로 굿,긍정적,긍정적,긍정적,알 수 없음,알 수 없음
2020-04,언제 가도 평균이상은 하는 맛 사진은 쫄면/라면 다 추가한 양입니다,긍정적,긍정적,긍정적,알 수 없음,긍정적
2020-06,재료가 신선한 것 같네요,긍정적,긍정적,긍정적,알 수 없음,알 수 없음
2020-06,맛나요~~ 맵지 않습니다,긍정적,긍정적,긍정적,알 수 없음,알 수 없음
2020-04,안주가싸고 맛있어요,긍정적,긍정적,긍정적,알 수 없음,알 수 없음
2020-04,너무맛있어요짱짱,긍정적,긍정적,긍정적,알 수 없음,알 수 없음
2020-04,즉석떡볶이 마싯어옹,긍정적,긍정적,긍정적,알 수 없음,알 수 없음
2020-03,말이 필요 없는 즉석떡볶이 맛집- 저녁에 한잔하러 와도 좋을만한 맛도리나는 안주들도 가득한 최애 맛집🥰,긍정적,긍정적,긍정적,긍정적,긍정적
2020-03,여기 진짜 즉떡 맛나요^^♡,긍정적,긍정적,긍정적,알 수 없음,알 수 없음
2020-02,떡볶이 맛있어요,긍정적,긍정적,긍정적,알 수 없음,알 수 없음
2020-04,9,긍정적,긍정적,알 수 없음,알 수 없음,알 수 없음
2020-01,점심 즉떡 맛남 저녁안주 떡볶이도 매콤하고 맛남,긍정적,긍정적,긍정적,알 수 없음,알 수 없음
2019-12,대만족합니다 강추합니다,긍정적,긍정적,긍정적,긍정적,알 수 없음
2019-12,대만족합니다 강추합니다,긍정적,긍정적,긍정적,긍정적,알 수 없음
2020-05,좋아요,긍정적,긍정적,알 수 없음,알 수 없음,알 수 없음
2019-12,마음에듭니다 굿굿굿굿,긍정적,긍정적,긍정적,알 수 없음,알 수 없음
2020-05,좋아요,긍정적,긍정적,알 수 없음,알 수 없음,알 수 없음
2019-09,가격 대비 푸짐한 즉석떡볶이. 만두에 볶음밥까지 배부르게 먹었어요:),긍정적,긍정적,긍정적,알 수 없음,긍정적
2019-03,갠춘 나쁘지않은 맛,긍정적,긍정적,긍정적,알 수 없음,알 수 없음
2024-05,굿～,긍정적,긍정적,긍정적,알 수 없음,알 수 없음
