Date,Review,sentiment,Sentiment2,맛,서비스,양
2024-10,여기는 진짜 찐 맛집❤️코로나19도 이겨낸 곳입니다😆 김치찌개와 두루치키 그리고 미나리삽겹살이 주메인인데 다 맛있어요! 재료가 다 국내산~~ 개운하니 시원한 찌개는 진짜 예술이에요~ 그리고 사이드메뉴 계란말이도👍🏻👍🏻🎈,긍정적,긍정적,긍정적,긍정적,긍정적
2024-10,고기도 너무 맛있고 미나리가 너무 고소해서 흡입했습니다 또 올게요 찌개도 완전 맛있거 자주올ㄹ거같아요 ㅎㅎㅎ,긍정적,긍정적,긍정적,알 수 없음,알 수 없음
2024-10,이모가 친절하시고 냉장고기라서 고기 맛이 꽤나 괜찮아요. 다만 삼겹살의 비계가 조금 많은 게 흠이에요.,긍정적,긍정적,긍정적,긍정적,부정적
2024-11,통돼지두루치기 정말 맛나요ㅎㅎ 육즙 가득한 돼지고기에 매콤한 양념이 어우러져 입맛 당기네요.,긍정적,긍정적,긍정적,알 수 없음,알 수 없음
2024-11,"아늑한 분위기 속에서 맛있는 두루치기 즐기기 딱 좋네요! 양도 푸짐하고, 정말 든든하게 잘 먹었어요^^ 다음에 또 와야겠다~",긍정적,긍정적,긍정적,알 수 없음,긍정적
2024-10,신선한 재료와 정성이 돋보이는 맛에 감탄했습니다 직원분들의 친절한 서비스도 인상적 ㅎㅎ,긍정적,긍정적,긍정적,긍정적,알 수 없음
2024-11,친절한 서비스에 감동했어요! 두루치기 양도 푸짐하고 맛있게 잘 먹었습니다~,긍정적,긍정적,긍정적,긍정적,긍정적
2024-10,매콤하면서도 담백 통돼지두루치기 강추! 🍲 매장도 넓고 쾌적한 분위기라 좋았어요! 😋,긍정적,긍정적,긍정적,긍정적,알 수 없음
2024-10,깔끔한 실내와 정갈한 음식 ✨ 계란말이도 맛있고 반찬도 다양해서 좋았어요 청결한 분위기에서 편하게 먹을 수 있어 자주 오게 될 것 같아요,긍정적,긍정적,긍정적,긍정적,알 수 없음
2024-10,맛있는 음식에 기분까지 좋아져요. 정성 가득한 요리에 마음이 따뜻해지네요. 양도 넉넉해서 든든하게 먹었어요. 다음에 또 오고 싶어요~,긍정적,긍정적,긍정적,알 수 없음,긍정적
2024-11,위치가 찾기 쉬운 곳에 있어서 좋았음. 통돼지김치찌개의 맛과 퀄리티가 기대 이상이었음!,긍정적,긍정적,긍정적,알 수 없음,알 수 없음
2024-11,"깔끔한 시설에 맘 편히 밥 먹었어요! 두루치기 양도 푸짐하고, 맛있게 잘 먹고 갑니다~ 든든하게 한 끼 해결했네요!",긍정적,긍정적,긍정적,알 수 없음,긍정적
2024-11,가격 대비 퀄리티 좋은 두루치기 맛집 강추합니다 양도 많고 고기도 부드러워요 친구들이랑 오기 좋은 곳이에요^^,긍정적,긍정적,긍정적,알 수 없음,긍정적
2024-11,분위기 끝내주는 맛집 발견~! 향긋한 김치찌개 냄새에 침샘 폭발하고 두루치기랑 환상의 조합^^,긍정적,긍정적,긍정적,알 수 없음,알 수 없음
2024-10,맛도 좋지만 가격이 더 착해서 자주 찾게 돼요🤗 가성비 갑인 이 곳에서 배불리 먹고 나면 행복지수가 올라가는 느낌 ><,긍정적,긍정적,긍정적,알 수 없음,긍정적
2024-11,고슬고슬 계란말이 최고! 분위기도 좋고 맛도 깔끔해요^^ 든든하게 잘 먹었어요!,긍정적,긍정적,긍정적,알 수 없음,알 수 없음
2024-11,손님 배려하는 모습이 보였고요 주문할 때마다 정성스럽게 응대해주셨어요 다음에 또 방문하고 싶네요,긍정적,긍정적,알 수 없음,긍정적,알 수 없음
2024-10,맛있게 먹었습니당,긍정적,긍정적,긍정적,알 수 없음,알 수 없음
2024-10,두루치기 찐맛집이에요! 🔥 푸짐한 양에 가격도 착해서 깜놀. 맛있게 먹고 나니 지갑이 웃어요 ^^,긍정적,긍정적,긍정적,알 수 없음,긍정적
2024-10,메뉴가 정갈하고 합리적인 가격이다. 두루치기와 김치찌개의 조화가 일품이다. 여러 메뉴를 한 번에 즐길 수 있어 좋다^^,긍정적,긍정적,긍정적,알 수 없음,긍정적
2024-11,식사후 포만감을 가득 느낍니다! 양이 푸짐해서 든든하게 식사했어요^^,긍정적,긍정적,긍정적,알 수 없음,긍정적
2024-10,통돼지두루치기 맛이 일품이네요. 양도 푸짐해서 가성비 최고입니다. 다음에 또 방문하고 싶은 맛집이에요^^,긍정적,긍정적,긍정적,알 수 없음,긍정적
2024-10,✨반짝반짝✨ 깨끗한 곳에서 먹으니까 더 맛있게 느껴지는 매직! 든든하고 맛있게 잘 먹고 갑니다~ 😋👍,긍정적,긍정적,긍정적,알 수 없음,긍정적
2024-10,통돼지두루치기 전문점답게 푸짐한 양! 든든하게 잘 먹었네요. 재방문 의사 있습니다^^,긍정적,긍정적,긍정적,알 수 없음,긍정적
2024-10,"맛있는 냄새에 이끌려 들어갔는데, 역시나 최고였어요. 두루치기에 김치찌개 완벽한 조합이네요~",긍정적,긍정적,긍정적,알 수 없음,알 수 없음
2024-10,부드럽고 촉촉한 통돼지두루치기가 정말 일품이에요! 양념이 잘 배어 있어서 감칠맛이 나는 게 특징~,긍정적,긍정적,긍정적,알 수 없음,알 수 없음
2024-10,아늑하고 편안한 분위기가 매력적인 곳 정갈한 인테리어가 식사를 편안하게 해줬어요 ^^,긍정적,긍정적,알 수 없음,긍정적,알 수 없음
2024-10,넓고 쾌적한 곳이라 친구들이랑 같이 밥 먹으러 가기 딱 좋았어요ㅎㅎ,긍정적,긍정적,알 수 없음,긍정적,알 수 없음
2024-10,맛있어요👍 자주가도 좋을 것 같아요 음식도 깔끔하고 분위기도 좋네요,긍정적,긍정적,긍정적,긍정적,알 수 없음
2024-10,여기 분위기 무엇?! 완전 괜찮네요ㅎㅎ 음식도 맛있고 기분 좋아지는 곳이에요~ 다음에 또 와야지! 👍,긍정적,긍정적,긍정적,알 수 없음,알 수 없음
2024-09,깔끔하고 아늑한 분위기에서 즐기는 맛있는 한 끼 ㅎㅎ 계란말이가 정말 신의 한수!!!,긍정적,긍정적,긍정적,알 수 없음,알 수 없음
2024-09,푸짐한 한 상~ 든든하게 먹고 왔어요. 역시 맛있는 곳은 다 이유가 있네요!,긍정적,긍정적,긍정적,알 수 없음,긍정적
2024-11,친절한 서비스에 감동했어요. 맛있는 두루치기 덕분에 기분 좋은 저녁이었네요. 또 방문하고 싶은 곳이에요. 양도 푸짐하고 만족스러웠습니다.,긍정적,긍정적,긍정적,긍정적,긍정적
2024-07,저번에 맛있게 먹어 친구랑 또 방문했어요 김치찌개 고기도 잔뜩들어가 너무 맛있어요!!자꾸 생각나는맛!밑반찬도 굿굿,긍정적,긍정적,긍정적,알 수 없음,긍정적
2024-07,확실히 고기의 육즙이랑 질이 남달랐어요! 김치가 아주 제가 좋아 맛이여서 자꾸 손이 가더라구요! 돌아서면 생각나는 맛이에요?😀,긍정적,긍정적,긍정적,알 수 없음,알 수 없음
2024-07,신랑이 이집 김치찌개랑 두루치기 너무 좋아해요 고기도 두툼하고 맛나요~갈때마다 사장님도 친절하시고 좋아요,긍정적,긍정적,긍정적,긍정적,긍정적
2024-02,"고기정말맛있어요 요몇년간 먹은 삼겹살 중 베스트오브베스트입니다.
신선한 재료와 담백한 김치찌개!!!
담엔 두루치기도 먹어볼꺼예요♡",긍정적,긍정적,긍정적,알 수 없음,알 수 없음
2024-07,해장하러 갔다가 너무 맛있어서 한잔 했습니다 ^_^,긍정적,긍정적,긍정적,알 수 없음,알 수 없음
2024-02,"두루치기랑 삼겹살 고민고민하다가 겨우 고른 미나리삼겹살..먹다가 아무래도 쏘주 주문 안할 수 없구요...

술 한잔 하는데 김치찌개+계란말이 주문안하면 섭섭하니까..사이드메뉴로 주문했습니더..

김치찌개 넘 맛있고 계란말이조합은 먹어도 먹어도
질리지 않는 것 같아요.

역삼동 점심메뉴로 좋기도하고
회식장소로 넘 좋아 오랜시간 뱅뱅사거리 김치찌개 맛집으로 10년이상을 지키고 있는 이 곳!

자주가도 질리지 않는 역삼동 맛집으로 인정합니다👏",긍정적,긍정적,긍정적,긍정적,알 수 없음
2024-03,여긴 진짜 고기 맛집!!! 이자 김치장인어르신 맛집이에요!!!김치숙성실이 따로 있을정도로 사장님이 직접 몇십년간 직접 담그시는 김치맛에 안갈수가 없는 예술적인 맛!!!! 너무너무 분위기 좋고 점심도 좋고 저녁은 더 좋은 상시 지글지글 !!! 갈때마다 너무 만족하고 오는곳 양도 많고 삼겹살땡길때 술땡길땥엄마김치땡길때 무조건 여깁니다!! 한라산까지 있어서 이보다 더 완벽할소냐 !!! 잡내없이 귀한 미나리랑 아낌없이 팍팍 먹어도 가격도 해자라 추천이요 사장님도 너무 좋고 장인정신으로 만드시는 김치랑 곁들여드시면 이거보다 완벽한 술상이 어딨나 싶고 늦게가면 자리없을 정도이오니 무조건 꼭 가세여 !! 서울살이 힘들때 꼭 들리는 곳이에요 강추!!,긍정적,긍정적,긍정적,긍정적,긍정적
2024-07,회식하러 갔다가 너무 맛있어서 또 오렵니다 ㅎㅎ,긍정적,긍정적,긍정적,알 수 없음,알 수 없음
2024-04,"자꾸 자꾸 생각나서 점심 식사메뉴로 통돼지김치찌개 먹으려고 또 방문했어요^^두말 할것없는 김치찌개가 얼큰하면서 두툼한 돼지고기가 아주 푸짐하게 들어있어요. 너무 맛있어서 밥을 두공기나 먹었어요.
그리고, 돼지두루치기는 양녕이 너무 잘 베어있어서 매콤한 양념과 육즙이 좔좔흘러요. 맛있게 잘 먹었습니다 😄",긍정적,긍정적,긍정적,알 수 없음,긍정적
2024-06,혼밥하기에도 좋은 김치찌개 집이에요!,긍정적,긍정적,긍정적,알 수 없음,알 수 없음
2024-04,맛없기 힘든게 김치찌개지만 반대로 엄청 맛있기도 힘든데 여긴 엄청 맛있네요..! 감칠맛이 미쳤어요👍 통돼지도 너무 실하게 들어가있어서 씹는 맛도 있네요! 진짜 딱 맛있는 김치찌개의 정석인 것 같아요👏👏,긍정적,긍정적,긍정적,알 수 없음,알 수 없음
2024-06,"통돼지 김치찜 평소에 좋아하는데 정말 맛있네요
잡내가 안나서 너무 좋아요
완전 밥도둑이네요👍",긍정적,긍정적,긍정적,알 수 없음,긍정적
2024-05,단체모임이 있어서 방문했어요. 미나리랑 삼겹살 조화는 처음 맛보는데 잘 어우러지고 맛있네요.,긍정적,긍정적,긍정적,알 수 없음,알 수 없음
2024-04,"자주 생각나는 집!! 언제와도 음식이 너무 맛있고 친절하세요.
최애 외식 메뉴입니다ㅎㅎ",긍정적,긍정적,긍정적,긍정적,알 수 없음
2024-08,맛나용,긍정적,긍정적,긍정적,알 수 없음,알 수 없음
2024-04,"매장 깔끔하구요 김치찌개 예술 !! 👍 👍 고기도 신선하고 진짜 국물맛이 끝내줘요ㅋㅋ
리뷰쓰면서도 또 먹고싶네용",긍정적,긍정적,긍정적,알 수 없음,알 수 없음
2024-05,찐 맛집입니다 육수도 진한지 깊은맛이네요,긍정적,긍정적,긍정적,알 수 없음,알 수 없음
2024-04,남자친구랑 방문했어요! 한식 너무 먹고싶었는데 ㅎㅎ 맛있게 먹고 왔네용 !!!! 나중에 또 방문할게요!!,긍정적,긍정적,긍정적,알 수 없음,알 수 없음
2024-03,친절하세요. 김치찌개는 msg맛인지 제 스타일은 아니었지만 미나리 삼겹살은 맛있었어요. 재료도 신선합니다. 주차도 매장 앞에 바로 가능하고 늦은 시간까지 영업하시니 자주 방문할 거 같아요.,긍정적,긍정적,부정적,긍정적,알 수 없음
2024-04,오랜만아 김치찜이 먹고싶어서 맛집 알아보다가 방문했어요~같이 간 친구는 김치찜 별로 안좋아하는데 맛있다고 다음에도 또 오자고 하네요.,긍정적,긍정적,긍정적,긍정적,알 수 없음
2024-04,지인들과 방문해서 맛있고 배부르게 먹었습니다. 자주 이용 할께요,긍정적,긍정적,긍정적,알 수 없음,긍정적
2024-03,두루치기 먹었는데 양도 많고 맛있어요 짜지도 않고 간도 잘 되어있어서 연령 상관없이 다 잘 먹을 것 같아요 사리 넣어먹으면 두배로 맛있습니다 강추에요,긍정적,긍정적,긍정적,알 수 없음,긍정적
2024-05,고기 좋은거만 쓰시는지 안질기고 너무맛있네요,긍정적,긍정적,긍정적,알 수 없음,알 수 없음
2024-05,가격도 착하고 양도많고 고기 진짜많아요,긍정적,긍정적,긍정적,알 수 없음,긍정적
2024-05,"매장깔끔하고 맛있게 잘먹었어요
양 많음",긍정적,긍정적,긍정적,알 수 없음,긍정적
2024-04,부모님 모시고 왔는데 고기랑 김치 둘다 너무 맛있어서 음식 맛있게 먹었네요!!!! ㅎㅎ 다음에 한식 땡기면 또 재방문할게요!,긍정적,긍정적,긍정적,알 수 없음,알 수 없음
2023-12,"사장님 넘친절하시구 두루치기,찌개모두 고기듬뿍들어있어요! 국내산이라 역쉬 맛있네요 김치 직접담구신다니 맛이 정말다릅니다♡♡
다음에는 미나리삼겹살먹으러올께용:)",긍정적,긍정적,긍정적,긍정적,긍정적
2023-12,와도와도 질리지가않는곳.. 음식은 당연히 맛있지만 사장님이 참 정겹게 맞아주는곳이라 자주 발길이 옮겨지는 곳이다👍👍 두루치기 김치찌개 완전 존맛탱🤟,긍정적,긍정적,긍정적,긍정적,알 수 없음
2024-02,김치찌개랑 두루치기 말이 필요없을 정도로 맛있었어요! 근처 지나가다 우연히 방문한 곳인데 찐 맛집 발견해서 너무 좋습니당ㅋㅋ 사장님도 친절하셨고 가게도 깔끔했어요 재방문의사 무조건 있습니당!,긍정적,긍정적,긍정적,긍정적,알 수 없음
2024-02,"친구랑 남편이랑 두루치기김치찌개 맛집 방문했네요 ㅎ
생각보다 음식들이 너무 맛있어서 극찬했네요
사장님과 직원분들이 친절하셔서 너무 좋았어요
재료들도 신선하고 매장도 쾌적해서 짱이였답니다",긍정적,긍정적,긍정적,긍정적,알 수 없음
2024-02,지나갈때마다 손님 많아서 맛있나?했는데 진짜 마싯어욬ㅋㅋㅋ...반찬도 디게 잘 나오고 정말 호불호없이 다 좋아할 맛이에요 사장님도 짱 친절하심 ㅎㅎ,긍정적,긍정적,긍정적,긍정적,알 수 없음
2024-03,"김치찌개를 굉장히 좋아히는 사람으로써 아주 만족이네요 ^^ 고기가 들어다거 그런지 국물이 ,, 김치도 너무 맛있었어욥 !! 밑 반찬도 너무 좋아서 밥 두공기 먹었네용 ㅋㅋ",긍정적,긍정적,긍정적,알 수 없음,긍정적
2024-02,리얼로 맛집이에요 👍 👍 두루치기 김치찌개 둘 다 완전 맛있어요🥹 진짜 간도 잘 맞고 밥 두공기 그냥 순삭하는 맛!!!,긍정적,긍정적,긍정적,알 수 없음,긍정적
2024-02,점심 식사로도 좋고 저녁 메뉴로도 무난하게 좋은 김치찌개 맛집을 찾았네용 ㅋㅋㅋ 통돼지로 올라가니까 더 푸짐하고 맛있었습니다 매장도 청결하고 직원분들께서 다 친절하셨습니다 ~~ 재방문의사 100%입니다 ㅎㅎ,긍정적,긍정적,긍정적,긍정적,긍정적
2024-03,실내도 깔끔하고 모던한분위기가 좋아요 음식도 깔끔하고 가성비좋아 식사하기 만족했습니다❤️,긍정적,긍정적,긍정적,긍정적,알 수 없음
2024-02,넘넘 맛있네요 ㅎㅎㅎㅎ든등하게 챙겨먹기 딱 좋은 식당입니다 김치찌개 평소 즐겨먹는데 이집은 아주 맛이 끝내줍니다 구우우우웃 !!!!,긍정적,긍정적,긍정적,알 수 없음,알 수 없음
2024-01,"집밥먹는 느낌쓰,, 든든해요",긍정적,긍정적,긍정적,알 수 없음,긍정적
2024-01,밑반찬도 깔끔하게 잘 나오는데 메인음식 김치두루치는 더 맛있어요. 고기가 두툼하면서 잡내도 없고 부드러워요. 남은 양념으로 밥도 볶아 먹을수 있으니 환상의 조합이에요.,긍정적,긍정적,긍정적,알 수 없음,긍정적
2024-01,고기도 큼직막하게 있고 김치와 같이 먹으면 그것이 바로 환상의궁합 술안주로 진짜 딱 너무 맛있어요 양도 많고! 친구들이랑 왔다 너무 맛있게 먹고갑니다,긍정적,긍정적,긍정적,알 수 없음,긍정적
2024-05,점심식사하러 방문했습니다~ 두루치기 양념이 너무 맛있어서 밥에 쓱쓱 비벼먹었더니 한공기 뚝딱했어요!,긍정적,긍정적,긍정적,알 수 없음,긍정적
2024-01,회사분들이랑 식사하려고 왔어요!! 고기 냄새도 안나고 김치랑같이 먹는데 너무 맛있어요! 저녁식사하러왔다 술한잔하기도 너무 좋아요!,긍정적,긍정적,긍정적,긍정적,알 수 없음
2024-02,삼겹살에 미나리 올려먹으니 완전 JMT이에요! 안먹어 보신분들은 꼭 미나리 삼겹살 추천드려요! 계란말이랑 마무리 볶음밥까지 야무지게 먹고 왔습니다 !,긍정적,긍정적,긍정적,알 수 없음,긍정적
2024-01,우연히 들리게된 맛집이였어요! 고기양도 많고 김치 가 맛있으면 음식은 다한거죠~ 고기랑김치랑 같이먹으면 짱짱맛! 집밥같은 느낌!,긍정적,긍정적,긍정적,알 수 없음,긍정적
2024-03,빠르게 입장했고 맛있네요.,긍정적,긍정적,긍정적,긍정적,알 수 없음
2024-02,점심때 김치찌개 먹었는데 김치가 좀 적게 들어있어요,부정적,부정적,부정적,알 수 없음,부정적
2024-01,친구랑 오랜만에 들린곳인데..고기도 두툼해서 씹감도 좋고 비린내도 안나고 묵은지도 넘 자극적이지 않아서 먹기 좋아요 밥두그릇은 기본인거 같아요,긍정적,긍정적,긍정적,알 수 없음,긍정적
2024-03,맛있어요. 잘 먹었습니다.,긍정적,긍정적,긍정적,알 수 없음,알 수 없음
2024-03,여기 완전 밥도둑이에요~ 밑반찬도 깔끔하고 맛있는데 고기도 많이 들어있어서 완전 배뷰르게 먹었습니다 사장님 친절하세용,긍정적,긍정적,긍정적,긍정적,긍정적
2024-01,"친구가 여기 맛나다고 해서 왔는데 역시 굿굿
고기가 비리지도 않고 적당히 두툼해서 육즙이 ㅠㅜ 그리고 김치찌개 넘 맛나요 ㅠㅠ 밥도둑!!!ㅠㅠ재방문있습니다.",긍정적,긍정적,긍정적,알 수 없음,긍정적
2024-01,김치찌개 구성이 좋고 재료들도 다 푸짐하게 들어있어서 좋아요 특히 고기가 잡내가 아예 안나서 좋았고요 양도 많이 들어 있어서 좋았습니다 너무 맛있어서 많이 먹었습니다 번창하세요,긍정적,긍정적,긍정적,알 수 없음,긍정적
2024-03,일단 고기자체가 너무 질이 좋고 맛있습니다!! 김치찌개 고기가 이렇게 많이 들어가고 질 좋은 곳은 처음이네요 ㅎㅎ 고기도 그렇고 맛도 진짜 고향에서 먹는 그 맛이라 너무 맛있어요~! 김치찌개 쳐돌이로써 앞으로 단골 예약입니당,긍정적,긍정적,긍정적,긍정적,긍정적
2024-01,끈을수없는맛! 친구들이랑 밥 추가해서 남김 없이 먹었네요~,긍정적,긍정적,긍정적,알 수 없음,긍정적
2024-03,매운 거 잘 못먹는데 얼큰하면서도 많이 맵지 않고 딱 좋았습니다! 내용물도 푸짐하고 기본 반찬 세팅도 맘에 들었어요 ㅎㅎ잘먹었네요~,긍정적,긍정적,긍정적,알 수 없음,긍정적
2024-05,김치찌개 양이 많고 진한 국물맛이 너무 맛있었어요 고기도 부드럽고 반찬도 깔끔 잘먹고 갑니당,긍정적,긍정적,긍정적,알 수 없음,긍정적
2024-01,오랜만에 통돼지 김치찌개가 급 땡겨서 방문했어요 돼지고기 잡내가 없어서 좋았아요 김치찌개는 지금까지 먹어본 집들 중에 여기가 제일 맛있는거 같아요 다음에도 또 방문할게용~,긍정적,긍정적,긍정적,알 수 없음,알 수 없음
2024-01,"집밥먹고싶을때 종종 옵니다
김치찌개 9000원 맛도 괜찮고 넓어서 언제 가도 편하게 식사할 수 있어요",긍정적,긍정적,긍정적,긍정적,알 수 없음
2024-01,두루치기가 식사용으로도 좋은데 술안주로도 딱이네요! 전체적으로 음식도 다 맛잇엇습니다! 매장도 너무 청결하네요,긍정적,긍정적,긍정적,긍정적,알 수 없음
2023-12,국물이 엄청 진하고 속이 후련해 지는 맛이었어요 고기도 큼직큼직하고 냄새도 안나요. 진짜 맛있게 먹고 갑니다.,긍정적,긍정적,긍정적,알 수 없음,긍정적
2024-01,단체모임으로 가기도 좋고 반찬도 음식도 깔끔하게 잘나오네요. 사장님이랑 직원분들도 친절하시고 맛있게 먹고 갑니다.,긍정적,긍정적,긍정적,긍정적,알 수 없음
2024-01,집에서도 김치찌개 많이 해먹고 좋아해서 가봤는데 진짜 맛집이네요~~ 국물 맛이 너무 좋고 돼지도 두툼하니 맛있어요!,긍정적,긍정적,긍정적,알 수 없음,긍정적
2024-05,가성비도 좋고 맛도 좋은 식당이에용ㅎㅎ 김치찌개에 고기가 듬뿍 들어있어서 좋았어용ㅎㅎ,긍정적,긍정적,긍정적,알 수 없음,긍정적
2024-04,좋아요,긍정적,긍정적,알 수 없음,알 수 없음,알 수 없음
2024-05,매장내부가 깔끔하고 음식도 맛있습니다~~^^ 특히 두루치기 속 고기가 잡내도 안나서 좋았어요~~^^,긍정적,긍정적,긍정적,알 수 없음,알 수 없음
2024-01,돼지집 가면 바닥에 기름이 찌들어 잇는곳이 많은데 여긴 기름때도 없엇고 음식까지 너무 맛잇엇어요!,부정적,긍정적,긍정적,알 수 없음,알 수 없음
2024-01,두루치기랑 김치찌개도 맛잇엇는데 서브메뉴까지 본메뉴만큼 맛잇는곳은 여기가 처음이네요!,긍정적,긍정적,긍정적,알 수 없음,알 수 없음
2023-12,친구추천으로 밥살일이 생겨 갔는데 김치찌개 무슨일인가요ㅎㅎ집에서 종종 먹는건데 우리집 김치찌개는 찌개도 아니였네요ㅎㅎㅎㅎ양도 어마어마하 합니다ㅎ,긍정적,긍정적,부정적,알 수 없음,긍정적
2024-01,돼지고기기도 두툼하고 찌개가 얼큰하니 맛있어요. 식당 내부도 깔끔하고 직원분들도 친절해서 계속 방문하고 싶은 곳이에요.,긍정적,긍정적,긍정적,긍정적,알 수 없음
2024-03,"진짜 존맛탱이에요,, 할머니 김치찌개 엄마 김치찌개를 이기는 통돼지김치찌개입니다!! ㅠㅠ 진짜 뭔가 그 감칠맛 나면서 칼칼하고 매콤한 맛을 저는 아무리 해도 안되서,, 그냥 포기하고 김치찌개 생각나면 여기로와요..ㅎㅎ",긍정적,긍정적,긍정적,알 수 없음,알 수 없음
2024-05,좋아요,긍정적,긍정적,알 수 없음,알 수 없음,알 수 없음
2024-02,"빠르게 나온 음식과 시원한 국물, 그리고 잡내없는 고기까지 완벽했고 제 입맛에 딱이었네요 담백하고 얼큰하기까지 해서 조만간 또 올거 같습니다!",긍정적,긍정적,긍정적,알 수 없음,알 수 없음
2024-01,"저의 최애음식점이 통돼지두루치기김치찌개!!
고기도 진짜 크게 들어있고 자르고 나면 양이 꽤 되서 생각보다 배불러요
김치도 어쩜 맛있는거 쓰는지 텁텁하지도 않고 맛있어서 자주와서 먹어요
김치찌개 사랑하시는분들 여기 방문해보세요",긍정적,긍정적,긍정적,긍정적,긍정적
2024-01,"추운날 따뜻한 국물이 먹고 싶어서 김치찌개 먹으러 왔어요! 이름이 통돼지김치찌개 인만큼 고기가…진짜 통으로ㅋㅋㅋ 들어있더라구요
자르고 나니 양도 많구 김치도 너무 맛있어서 공기밥 2개나 시켜 먹었네요!!
담에 또 방문할께용",긍정적,긍정적,긍정적,긍정적,긍정적
2024-03,김치찌개 양도 푸짐하고 얼큰하니 맛있어요 안에 들어간 돼지고기 도톰하고 냄새도 안났구요 밥한그릇 순삭했네요 ㅋㅋㅋ,긍정적,긍정적,긍정적,알 수 없음,긍정적
2024-05,좋아요,긍정적,긍정적,알 수 없음,알 수 없음,알 수 없음
2024-05,"친구들이랑 밥먹으러 방문했는데 김치랑 고기가 너무 맛있고 고기도 큼직큼직하게 잘라주셔서 너무 좋았어요
밑반찬들도 깔끔하고 정갈하게 나오면서 밑반찬 잘안먹는데 싹다 먹었네요 사장님 직원분들 친절하셔서 덕분에 맛있게 먹었네요 담에 또 올께요~",긍정적,긍정적,긍정적,긍정적,긍정적
2024-03,"김치찌개도 맛있고 고기도 맛있어요 ㅎㅎ
점심에는 통돼지 김치지개가 많이나갈것같고
저녁에는 고기가 많이나갈것 같아보였어요!
두개다 다시켜서 먹었는데 맛집이네용👍",긍정적,긍정적,긍정적,알 수 없음,긍정적
2024-05,굿,긍정적,긍정적,긍정적,알 수 없음,알 수 없음
2024-02,국물도 칼칼하고 고기도 정말 많이 들어가있어서 진짜 배터지는줄 알았어요ㅋㅋ 사이드 계란말이도 퐁실퐁실하니 김치찌개랑 너무 잘 어울렸습니다ㅎㅎ 다음에 미나리삼겹살도 먹어보러 올 예정이에요,긍정적,긍정적,긍정적,알 수 없음,긍정적
2023-12,회사 동료분이 타지역으로 이사가게되서 회식겸 모이게됐어요. 부장님 친구분이 여기 가보라고해서 왔는데 너무 잘왔네요^^ 고기 진짜 부드럽고 육즙많고 신선모드예요. 사장님 직원 다 친절하시고 담엔 저희가족 방문합니당ㅎㅎ,긍정적,긍정적,긍정적,긍정적,알 수 없음
2023-11,뭔가 입구부터 맛집냄새가 솔솔풍기는곳 ㅎㅎ 두루치기와 계란말이를 시켰어요ㅎㅎ 두루치기 비주얼 짱짱 국물이 자박자박하게 쫄여서 밥에 비벼먹으면 진짜 짱짱 ㅠㅠ 계란말이도 도톰도톰 아 너무맛있다...,긍정적,긍정적,긍정적,알 수 없음,긍정적
2023-11,돼지김치찌개 크으 소주한잔 팍 땡기는맛!! 양도 푸짐하고 국물이 계속 땡긴다 김치찌개에 라면사리 넣어먹는건 국룰!! 라면사리도먹고 밥도 이미 둘이서 3그릇 뿌셨다 계란말이도 맛있었다,긍정적,긍정적,긍정적,알 수 없음,긍정적
2024-01,돼지고기에서 잡내도 하나도 안나고 국물도 적당히 얼큰해서 너무 맛잇엇어요! 고기도 비계보다 살이 더 많앗네요!,긍정적,긍정적,긍정적,알 수 없음,긍정적
2024-01,예약하고 방문 햇어요 예약 시간보다 15분정도 먼저 도착햇는데 자리 안내도 바로 해주시고 세팅도 바로 해주시네요!!,긍정적,긍정적,알 수 없음,긍정적,알 수 없음
2024-05,보기에도 고기 때깔이 정말 좋았는데 맛도 좋았습니다❤️,긍정적,긍정적,긍정적,알 수 없음,알 수 없음
2024-05,부모님이랑 같이 갔는데 너무 맛있었어요~ 김치가 너무 맛있고 고기가 진짜 넘 부드럽네요~ ㅎㅎ 진짜 잘먹고 갑니다~ 굿굿!!,긍정적,긍정적,긍정적,알 수 없음,알 수 없음
2024-05,여자친구랑 같이 와서 먹었는데 너무 맛있네요~ ㅎㅎ 진짜 맛있게 먹고 갑니다~ 사장님도 너무 친절하셔서 굿굿!! 담에 또와야지~,긍정적,긍정적,긍정적,긍정적,알 수 없음
2023-11,미나리삼겹살과 김치찌개를 시켜먹었어요~~ 김치랑 콩나물이랑 버섯 양파 삼겹살 미나리 싹 구워서 먹는데 너무맛있었어요~~ 조합굳굳 김치찌개도 쌀쌀한날에 완전 제격~~ 뜨뜻하니 몸이 싹 녹아요~~ 김치찌개맛은 말해뭐해~~,긍정적,긍정적,긍정적,알 수 없음,알 수 없음
2023-10,삽겹살이 맛있네요.,긍정적,긍정적,긍정적,알 수 없음,알 수 없음
2023-08,김지찌개 맛있어요. 사장님이 말씀해주시는대로 오래 끓일수록 맛나네요,긍정적,긍정적,긍정적,긍정적,알 수 없음
2023-12,굿,긍정적,긍정적,알 수 없음,알 수 없음,알 수 없음
2023-07,"미나리삼겹살 맛집이라고 하는데 ,, 점심에 김치찌개나 두루치기만 먹으러 종종 들려요
가격은 저렴하지 않고 가격대비 양이 적게 느껴져요
그치만 밥은 솥에 한듯한 맛으로 집밥 먹고싶을때 들리기 괜찮아요 ! 보통 3인기준 돼지두루치기 중짜에 계란말이는 시켜줘야합니다~.~",부정적,긍정적,긍정적,알 수 없음,부정적
2023-08,"밥맛이 좋아요 두루치기 맛나요~~~ : )
미나리삼겹살도 맛있는집이래요",긍정적,긍정적,긍정적,알 수 없음,알 수 없음
2023-08,김치찌개 맛있어요~,긍정적,긍정적,긍정적,알 수 없음,알 수 없음
2023-11,굿,긍정적,긍정적,긍정적,알 수 없음,알 수 없음
2023-11,좋아요,긍정적,긍정적,알 수 없음,알 수 없음,알 수 없음
2023-05,두루치기가 김치찌개보다는 맛있는것 같음.,긍정적,긍정적,긍정적,알 수 없음,알 수 없음
2024-01,"통돼지라 그런지 두툼한 고기와 함께 들어간 두부와 김치까지 다양하게 들어가 있고, 국물 한 입 먹으면 칼칼하면서 시원한 맛까지 맛있었어요!",긍정적,긍정적,긍정적,알 수 없음,알 수 없음
2023-09,굳,긍정적,긍정적,긍정적,알 수 없음,알 수 없음
2023-07,한끼식사,알 수 없음,알 수 없음,긍정적,알 수 없음,부정적
2023-09,굿,긍정적,긍정적,긍정적,알 수 없음,알 수 없음
2023-05,청양고추도 기본으로 주면 좋겠어용,긍정적,긍정적,긍정적,알 수 없음,알 수 없음
2023-01,"두루치기 먹었어요!
소자 시켰는데 양 많아요 ㅎㅎ
집밥 느낌입니다",긍정적,긍정적,긍정적,알 수 없음,긍정적
2022-12,"삼겹살이 땡겨서 지인 추천으로
함께 가서 맛있게 먹었어요.
미나리와 먹는 삼겹살 괜찮네요",긍정적,긍정적,긍정적,알 수 없음,알 수 없음
2023-07,좋아요,긍정적,긍정적,알 수 없음,알 수 없음,알 수 없음
2023-10,굳,긍정적,긍정적,긍정적,알 수 없음,알 수 없음
2023-03,사장님이 친절하셨어요!!! 라면도 한 번 삶아서 나오는 덕에 불지도 않고 좋았어요 맛있게 먹었습니당~,긍정적,긍정적,긍정적,긍정적,알 수 없음
2023-05,굳,긍정적,긍정적,긍정적,알 수 없음,알 수 없음
2023-04,맛있어요,긍정적,긍정적,긍정적,알 수 없음,알 수 없음
2023-11,잘먹었아요,긍정적,긍정적,긍정적,알 수 없음,알 수 없음
2023-04,굳,긍정적,긍정적,긍정적,알 수 없음,알 수 없음
2022-11,김치찌개가 비싼감이 있음. 점심으로 인당 12000원짜리를 먹기엔 부담스러운 김치찌개집. 무뚝뚝하심,부정적,부정적,부정적,부정적,알 수 없음
2023-01,점심시간맛집,긍정적,긍정적,알 수 없음,긍정적,부정적
2023-08,맛있게 먹었어요,긍정적,긍정적,긍정적,알 수 없음,알 수 없음
2022-11,김치찌개 + 미나리사리 조합 강추~,긍정적,긍정적,긍정적,알 수 없음,알 수 없음
2023-01,마늘 맛!!,긍정적,긍정적,긍정적,알 수 없음,알 수 없음
2022-09,미나리도 추가해서 먹었는데 맛있었어요!!,긍정적,긍정적,긍정적,알 수 없음,알 수 없음
2022-11,김치찌개가 맛있어요,긍정적,긍정적,긍정적,알 수 없음,알 수 없음
2022-11,그냥그래요.,부정적,부정적,알 수 없음,알 수 없음,알 수 없음
2022-12,찌개가 맛있네요,긍정적,긍정적,긍정적,알 수 없음,알 수 없음
2022-08,"김치찌개는 집에서 먹는 맛이고
계란말이가 예술적으로 푸짐하고 맛있어요",긍정적,긍정적,긍정적,알 수 없음,긍정적
2022-08,김치찌게 맛있고 계란말이가 너무 좋네요,긍정적,긍정적,긍정적,알 수 없음,알 수 없음
2023-01,.,알 수 없음,알 수 없음,알 수 없음,알 수 없음,알 수 없음
2022-05,김치찌개에 국물이 별로 없어서 아쉬웠습니다. 맛도 조금 아쉽...근데 고기는 많이 들어 있어서 좋았어요. 근데 물먹으려고 컵 봤는데 컵 2개에 입닿는 부분에 김조각 작은게 들러붙어있어서... 실망이었습니다.,부정적,부정적,부정적,부정적,긍정적
2022-10,좋아요,긍정적,긍정적,알 수 없음,알 수 없음,알 수 없음
2022-10,굿,긍정적,긍정적,알 수 없음,알 수 없음,알 수 없음
2022-12,친절해요,긍정적,긍정적,알 수 없음,긍정적,알 수 없음
2022-10,좋ㅇㆍ요,긍정적,긍정적,알 수 없음,알 수 없음,알 수 없음
2022-10,친절해요,긍정적,긍정적,알 수 없음,긍정적,알 수 없음
2022-05,"제손모가지다걸고싶습니다 어떻게증명해야되나요
맛도별로인데 불친절에 밥은 성겁게 3/2도안되게 담아서줘요 반찬 콩나물 콩자반 간장(간장은뭐찍어먹으라고주는지.?)이게다고,김치찌게도 별로에요 김밥천국게 더맛있습니다 점심에 시간촉박해서 늦게나오냐 물엇을때 두루치기가늦고 찌게는금방나온다더니, 정말찌게만빨리나오더군요 ^^끓이고잇으라고하더니 국물반남앗을때까지 반찬을안줘서 몇번이나 제발 물이랑 밥이라도 좀갖다달라니,콩자반콩나물간장갖다주다구요 그러고또 한챰지나서 물 밥주고....
장사그런식으로하지마세요",부정적,부정적,부정적,부정적,부정적
2022-07,쏘쏘,부정적,부정적,알 수 없음,부정적,알 수 없음
2022-10,친절해요,긍정적,긍정적,알 수 없음,긍정적,알 수 없음
2022-08,굳,긍정적,긍정적,긍정적,알 수 없음,알 수 없음
2022-07,굿👍,긍정적,긍정적,긍정적,알 수 없음,알 수 없음
2022-06,굿,긍정적,긍정적,알 수 없음,알 수 없음,알 수 없음
2022-03,김치찌개는 그닥이지만 미나리삼겹살은 늘 맛있어요!! 그리고 가격이 찌끔 올랐네요!,부정적,긍정적,부정적,알 수 없음,긍정적
2022-05,굿,긍정적,긍정적,긍정적,알 수 없음,알 수 없음
2022-05,굿,긍정적,긍정적,긍정적,알 수 없음,알 수 없음
2022-01,두루치기 그냥 한번만 먹어보는걸로.,부정적,부정적,부정적,알 수 없음,알 수 없음
2022-06,이모가 일하기 싫은듯요,부정적,부정적,알 수 없음,부정적,알 수 없음
2022-03,맛있어요,긍정적,긍정적,긍정적,알 수 없음,알 수 없음
2021-11,2차로 가서 김치찌개에 소주 마셨어요. 나쁘지 않음.,긍정적,긍정적,긍정적,알 수 없음,알 수 없음
2022-04,좋아요,긍정적,긍정적,알 수 없음,알 수 없음,알 수 없음
2022-03,소소,긍정적,긍정적,긍정적,긍정적,알 수 없음
2021-11,미나리삼겹살 강추!,긍정적,긍정적,긍정적,알 수 없음,알 수 없음
2022-05,평범해요,부정적,부정적,알 수 없음,알 수 없음,알 수 없음
2022-02,좋아요,긍정적,긍정적,알 수 없음,알 수 없음,알 수 없음
2022-05,굳,긍정적,긍정적,긍정적,알 수 없음,알 수 없음
2021-11,"점심시간에 사람 진짜 많아서 정신이 좀 없습니다ㅠㅠ혼밥하러 11:40 쯤 갔었는데, 다음부터는 12:20 이후에 오라고 하시네요!ㅠㅠ그래도 맛은 괜찮았습니다!",부정적,부정적,긍정적,부정적,알 수 없음
2022-01,ㅏ,부정적,부정적,알 수 없음,알 수 없음,알 수 없음
2022-05,굿,긍정적,긍정적,긍정적,알 수 없음,알 수 없음
2022-03,맛있어요,긍정적,긍정적,긍정적,알 수 없음,알 수 없음
2021-10,.,알 수 없음,알 수 없음,알 수 없음,알 수 없음,알 수 없음
2021-08,맛있어요♡♡,긍정적,긍정적,긍정적,알 수 없음,알 수 없음
2021-12,좋아요~~♡,긍정적,긍정적,긍정적,알 수 없음,알 수 없음
2021-06,점심에 간단하게 먹기좋고 미나리도 넉넉하게 줌,긍정적,긍정적,긍정적,알 수 없음,긍정적
2021-05,점심에 김치찌개와 저녁에 미나리 삼겹살이 맛있습니다~,긍정적,긍정적,긍정적,알 수 없음,알 수 없음
2021-07,ㅐ,알 수 없음,알 수 없음,알 수 없음,알 수 없음,알 수 없음
2021-03,"점심 7500원, 연탄불고기 맛나욤",긍정적,긍정적,긍정적,알 수 없음,알 수 없음
2022-01,무난해요,알 수 없음,알 수 없음,알 수 없음,알 수 없음,알 수 없음
2021-12,무난해요,알 수 없음,알 수 없음,알 수 없음,알 수 없음,알 수 없음
2021-04,점심 먹기에 굿!,긍정적,긍정적,긍정적,알 수 없음,알 수 없음
2020-12,"맛은 좋습니다
직원분이 귀찮아서 자꾸 자리를 원하는곳에 옮기려고 한다던지 안쓴 컵을 이미 테이블에 얼라왔는데 설거지 안해도 된다며 가져간다 던지
이런부분이 좀 읭 스럽습니다",부정적,부정적,긍정적,부정적,알 수 없음
2021-03,굿,긍정적,긍정적,긍정적,알 수 없음,알 수 없음
2020-12,맛있게 잘 먹었습니다! 두부가 따로 사리로 추가해야하는 점이 살짝 아쉬웠어요ㅠ,긍정적,긍정적,긍정적,부정적,부정적
2021-03,좋아요,긍정적,긍정적,알 수 없음,알 수 없음,알 수 없음
2021-07,좋아요,긍정적,긍정적,알 수 없음,알 수 없음,알 수 없음
2021-02,굿,긍정적,긍정적,긍정적,알 수 없음,알 수 없음
2020-11,ㅂㅁ유유운루우우웅포,알 수 없음,알 수 없음,알 수 없음,알 수 없음,알 수 없음
2021-02,라면사리 삶지말고주세요 다뿔어서 이맛도저맛도 아니에요,부정적,부정적,부정적,알 수 없음,부정적
2021-01,맛나요~,긍정적,긍정적,긍정적,알 수 없음,알 수 없음
2020-10,정말 맛있어요.,긍정적,긍정적,긍정적,알 수 없음,알 수 없음
2020-11,굿,긍정적,긍정적,긍정적,알 수 없음,알 수 없음
2020-11,좋아요,긍정적,긍정적,알 수 없음,알 수 없음,알 수 없음
2020-11,굿,긍정적,긍정적,긍정적,알 수 없음,알 수 없음
2020-10,굿,긍정적,긍정적,긍정적,알 수 없음,알 수 없음
2020-09,맛집,긍정적,긍정적,긍정적,긍정적,알 수 없음
2020-07,완전 핵맛있어용💕,긍정적,긍정적,긍정적,알 수 없음,알 수 없음
2020-07,김치찌개,긍정적,긍정적,긍정적,알 수 없음,긍정적
2020-02,대만족입니다 강추합니다,긍정적,긍정적,긍정적,긍정적,알 수 없음
2020-02,"좋아요.. 두루치기, 계란말이",긍정적,긍정적,긍정적,알 수 없음,알 수 없음
2020-04,굳,긍정적,긍정적,긍정적,알 수 없음,알 수 없음
2020-04,좋아요,긍정적,긍정적,알 수 없음,알 수 없음,알 수 없음
2020-02,굳,긍정적,긍정적,긍정적,알 수 없음,알 수 없음
2020-02,좋아요,긍정적,긍정적,알 수 없음,알 수 없음,알 수 없음
2020-02,굿,긍정적,긍정적,알 수 없음,알 수 없음,알 수 없음
2019-03,무난,부정적,부정적,알 수 없음,알 수 없음,알 수 없음
