Date,Review,sentiment,Sentiment2,맛,서비스,양
2024-02,친절해요 저녁모임하기괜찮아요,긍정적,긍정적,알 수 없음,긍정적,알 수 없음
2024-02,저녁회식장소로 조용하고ㅠ좋습니당,오류,오류,알 수 없음,긍정적,알 수 없음
2024-01,저녁모임장소로 좋습니당,긍정적,긍정적,알 수 없음,긍정적,알 수 없음
2022-11,편안한 공간이네요,오류,오류,알 수 없음,긍정적,알 수 없음
2022-10,맥주 마시기 좋고 공개적노래도 부를 수 있어서 좋아요,긍정적,긍정적,긍정적,긍정적,알 수 없음
2022-02,굿,오류,오류,긍정적,알 수 없음,알 수 없음
2021-11,좋라료,긍정적,긍정적,알 수 없음,알 수 없음,알 수 없음
2021-05,.,알 수 없음,알 수 없음,알 수 없음,알 수 없음,알 수 없음
