Date,Review,sentiment,Sentiment2,맛,서비스,양
2024-08,"점심시간을 지나서 갔더니 한바탕 직장인들의 점심 전쟁이 휩쓸고간 웬지 모를 썰렁함이 느껴졌어요. 그래서 그런건지, 기분탓인지 몰라도 전에 갔을때 먹었던 맛과 정성이 느껴지지 않았어요. ㅜㅜ 시끄럽고 정신없어도 점심때 가서 따끈하게 준비해놓은 음식을 먹어야하려나봐요.",오류,오류,부정적,부정적,알 수 없음
2024-03,"밑반찬이 저렇게 나오구요.
주문한 음식은,
메밀 수제비
메밀 들께 수제비
비빔국수
보리밥
그리고 메밀전
아주 배부르게 먹고 왔습니다.
매우 근강한 맛이에용!!
사람 많아서 기다리는 사람들도 있습니다.",긍정적,긍정적,긍정적,알 수 없음,긍정적
2024-04,"메밀로 만든 수제비라서 건강에 좋을 것 같아요.
서비스 하시는 분들이 친절해요",오류,오류,긍정적,긍정적,알 수 없음
2024-01,"비빔막국수 주문했습니다
메밀을 직접 뽑아내는 거다보니까 소요시간이 다소 걸려요, 그만큼 건강한 맛 나는거겠죠??
근데 양념이 너무 쎄서 메밀 맛이 안느껴지더라구요 ㅠㅠ
반찬은 깔끔하고 장조림(계란) 나오니 괜찮았으나 기본 반찬의 국은 안주셨어요 ㅜ",부정적,부정적,부정적,긍정적,부정적
2024-01,수제비에 밥한공기 말아먹음 아주 든든해요..들깨수제비도 맛있어요!,긍정적,긍정적,긍정적,알 수 없음,긍정적
2024-01,요즘은 겨울이라 들깨수제비먹으러 갔네요. 사람많은 맛집입니다. 건강한맛이에요.,오류,오류,긍정적,알 수 없음,알 수 없음
2024-01,"너무너무너무 맛있는 집!!!!
들깨메밀수제비 두 번 추천!",긍정적,긍정적,긍정적,알 수 없음,알 수 없음
2023-11,"원래 자주 다녔었는데
오래간만에 갔더니
맛이변했어요!! ㅠ 부추전을10번도 더 먹어봤는데 오늘같이
맛없던적이 없었거든요!! 항상 바싹하게 해주셨는데 오늘은 억지로 먹었구요!!얼큰수제비도 간이 넘 싱겁고 고춧가루가 많이들어간건지 시원한맛없이 텁텁했어요!! 감자도 안익고 ㅠ수제비도 넘 두꺼워서 먹기 힘들었구요~~주인이 바뀌신건지 ㅠ 실망이예요~~!! 다시 또 방문할지
모르겠어요!!!",오류,오류,부정적,부정적,부정적
2023-11,회사 근처 맛집이라 점심 먹으러 갔는데 혼자서 4인 테이블에 먹고는 밀려드는 손님들 보며 눈치보여 수제비를 흡입했네요.어찌나 미안하던지... 근데 사장님이신지 계산하러 일어서니 엄청 째려보시더라구요. 단체 회식 하려고 했지만 무서워서 못가겠어요. 센스없는 내잘못이지.... ㅜ ㅜ,부정적,부정적,긍정적,부정적,알 수 없음
2024-02,좋아요,긍정적,긍정적,알 수 없음,알 수 없음,알 수 없음
2023-05,몰랐는데 지하에도 자리가 있었음.. 수제비만 먹다가 더워서 물막국수 먹었는데 맛있어요 ㅠㅠ 한가지 바람이 있다면 지하 테이블에 벨이 있었으면....🙏,오류,오류,긍정적,긍정적,알 수 없음
2024-01,좋아요,긍정적,긍정적,알 수 없음,알 수 없음,알 수 없음
2023-09,"이 근처 맛집
물막국수 엄청 시원하고 같이 주시는 보리밥도 맛있어요",오류,오류,긍정적,긍정적,알 수 없음
2023-09,"파전 보쌈 너무 맛있네요
모든 반찬도 다 맛있음",긍정적,긍정적,긍정적,알 수 없음,알 수 없음
2023-09,"맛있어서 점심 때 가끔 가는데
주문 후 바로 조리하기 때문에 늦는건 이해하겠는데, 서빙 하시는 분들이 우왕좌왕
주문표만 보고 서빙 해도 안그럴텐데
뭔가 미숙해요",부정적,부정적,긍정적,부정적,알 수 없음
2023-09,양도 많고 맛있어요 매장 넓은데도 사람들이 많이 와서 꽉 차더라구요,오류,오류,긍정적,알 수 없음,긍정적
2023-09,안에 손님이 진짜 많고 바빠요 음식이 맛있어서 더 그런 것 같음,긍정적,긍정적,긍정적,부정적,알 수 없음
2023-11,굳,긍정적,긍정적,알 수 없음,알 수 없음,알 수 없음
2023-08,음식도 맛있고 양도 많아요~,오류,오류,긍정적,알 수 없음,긍정적
2023-04,메밀면 삼삼하니 너무 맛있어요. 항상 맛있게 먹고 옵니다~,긍정적,긍정적,긍정적,알 수 없음,알 수 없음
2023-07,음식 넘 늦게나와요,오류,오류,알 수 없음,부정적,부정적
2023-07,점심쯤에 사람많은데 그래도 금방 빠져요! 맛도 좋았어요,긍정적,긍정적,긍정적,긍정적,알 수 없음
2023-06,강남에 이런곳이 있다니 진짜맛있어요,긍정적,긍정적,긍정적,알 수 없음,알 수 없음
2023-07,"면만먹긴 아쉬운데 시래기된장.장조림
언제나 맛있어요",오류,오류,긍정적,알 수 없음,알 수 없음
2023-02,전에 얼큰 수제비 먹고 넘 맛있어서 들깨수제비 먹으러 또갔어용 ㅎ,긍정적,긍정적,긍정적,알 수 없음,알 수 없음
2023-03,"평소에도 늦게 나오는곳이지만 20분넘게 안나와 얘기하면 퉁명스럽게 기다려라 순서대로 나간다 이야기만하고, 10분 더 기다려도 안나와 얘기하니 주방에서 아이 시끄러워 소리지르고 나중에 키오스크보고서 놓친거 확인후 금방나온다며 또 들어가고 40분을 기다렸어요 최소한 실수 인정하고 늦어져 미안하다 해야되는거아닙니까?",오류,오류,알 수 없음,부정적,부정적
2023-03,넘넘 맛잇어요! 예전엔 진짜 강원도넘어가서 먹고오고 했는데 여기도 그맛비슷하게나고 요새 입맛없었는데 넘넘 맛나요! 점심때 맛나게 먹고왓네요,긍정적,긍정적,긍정적,알 수 없음,알 수 없음
2023-05,양도 푸짐하고 비빔막국수 먹었는데 맛있었어요~ㅎㅎ,오류,오류,긍정적,알 수 없음,긍정적
2023-04,뱅뱅막국수 가지 말고 여기!!,긍정적,긍정적,긍정적,알 수 없음,알 수 없음
2023-09,친절해요,긍정적,긍정적,알 수 없음,긍정적,알 수 없음
2023-03,막국수 마있어요,오류,오류,알 수 없음,알 수 없음,알 수 없음
2023-03,물메밀맛있었어요~~식전에나오는 밥도 맛있고요~~,긍정적,긍정적,긍정적,알 수 없음,알 수 없음
2023-02,"보리밥을 시켰는데,
보리밥에 된장시래기가 같이 나왔어요.
된장시래기국 넘 맛있었고,
깍두기인지 석박지인지 반찬도 맛있었네요.
근처에 가면 재방문의사 있습니다.",오류,오류,긍정적,긍정적,알 수 없음
2023-05,좋습니당,긍정적,긍정적,알 수 없음,알 수 없음,알 수 없음
2022-11,"반찬도 맛있고요~
양도 으마으마해요!
그리고 무엇보다도.. 근강한 맛!
그러나 음식 기다리는 시간은 쫌... 생각보다 길어유~",긍정적,긍정적,긍정적,부정적,긍정적
2022-11,"이틀 연속 갔어요~저녁에 보쌈,해물파전,비빔막국수 먹었는데 한마디로 여기는 '음식에 진심인곳' 돈이 아깝지 않은곳
특히 저는 해물파전의 겉바속촉 넘 좋아요.",오류,오류,긍정적,알 수 없음,알 수 없음
2022-11,얼큰메밀수제비 시켰어요. 수제비 나오기전에 추어탕처럼 생긴 시레기국 나왔는데 전 잘못나온줄 알곸ㅋㅋㅋ 뭐냐고 여쭤보니깐 기본찬이래요..;; 기본찬이 거의 메인수준 ㅠㅠ 양이 넘 많아서 다 못먹은 게 아쉬움 ㅠㅠ 담엔 꼭 들깨수제비 먹을겁니다... 11:30쯤에 가서 바로 앉아서 먹을 수 있었는데 열두시부터 웨이팅 생기더라구요. 이동네 맛집인가봐요...,부정적,긍정적,긍정적,부정적,긍정적
2022-12,"맛있고 양많고 친절해요!
더이상 뭘 얘기해..💕",긍정적,긍정적,긍정적,긍정적,긍정적
2022-09,해물파전 너무 푸짐하고 해물도 많고 너무 맛있어요! 비빔국수도 너무 맛있었는데 사진을 못 찍었어요. 삼삼하니 너무 자극적이지 않은데 건강하게 맛있는 맛!,긍정적,긍정적,긍정적,알 수 없음,긍정적
2023-01,담백하고 맛있어요,오류,오류,긍정적,알 수 없음,알 수 없음
2022-12,가성비 짱 음식도 맛있고 친절해요~~,긍정적,긍정적,긍정적,긍정적,알 수 없음
2023-06,굿,오류,오류,긍정적,알 수 없음,알 수 없음
2022-06,"차는 주전자에 따뜻한 메밀차,
국수 시키면 보리밥, 반찬, 김치찜 나와요
가격이 올라서 명태회는 12000원짜리 먹어야 나오네요 그래도 맛있게 잘먹었어요!",긍정적,긍정적,긍정적,부정적,긍정적
2022-09,"글깨메밀칼국수, 시래기된장 맛있어요",오류,오류,긍정적,알 수 없음,알 수 없음
2023-04,쫄깃한 면빨이 너무 맛있어요~,긍정적,긍정적,긍정적,알 수 없음,알 수 없음
2022-07,"보리밥 하고 비빔막국수 먹었는데
남자 두분 아저씨랑 아들로보이는분은 친절한데 아주머니가 너무 불친절해서 나가고싶았어요
주문 좀이따 해라 지금 못준다 기다려라 나 준비하고이ㅛ다 반말하면서 얘기하는게 너무 싫었네요

보리밥은 맛없는데 딸려나오는 된장국이 너무 맛있어요",오류,오류,부정적,부정적,긍정적
2022-09,슴슴하니 건강하고 맛있는 메밀국수 맛. 같이 주는 보리밥도 가성비 있어서 좋네요!,긍정적,긍정적,긍정적,알 수 없음,긍정적
2022-09,밥도 주고 비빔 메밀면 맛있어요,오류,오류,긍정적,알 수 없음,알 수 없음
2022-12,맛잇어용,긍정적,긍정적,긍정적,알 수 없음,알 수 없음
2022-04,"양이 혜자에요 맛도 굿굿!
서빙해주시는 아저씨가 짱짱 친절하세요❤️
무김치는 옛날 할머니 김치 맛
정성 가득 들어간 음식 맛있게 먹었습니다☺️",긍정적,긍정적,긍정적,긍정적,긍정적
2022-08,음식맛있습니다. 그런데 일하시는분 너무 불친절합니다,오류,오류,긍정적,부정적,알 수 없음
2022-09,ㅇㅇ,부정적,긍정적,알 수 없음,알 수 없음,알 수 없음
2022-09,ㅇㅇ,오류,오류,알 수 없음,알 수 없음,알 수 없음
2022-11,막국수 수제비 맛집. 보리밥 서비스는 덤,긍정적,긍정적,긍정적,긍정적,알 수 없음
2022-07,서빙이 느린 거 빼곤 만족함,부정적,긍정적,알 수 없음,부정적,알 수 없음
2022-07,맛있는데 좀 느리다,오류,오류,긍정적,부정적,알 수 없음
2022-07,보리밥도 주시고 김치.음식 전체 다 맛있네요,오류,오류,긍정적,긍정적,알 수 없음
2022-10,굿,긍정적,긍정적,긍정적,알 수 없음,알 수 없음
2022-07,메밀 전문 음식점이예요,긍정적,긍정적,알 수 없음,알 수 없음,알 수 없음
2022-06,맛은있는데 느리고.... 불친절하고... 인원을 더쓰세요,오류,오류,긍정적,부정적,알 수 없음
2022-08,군,부정적,긍정적,알 수 없음,알 수 없음,알 수 없음
2022-07,메밀 종류 다 맛있어요~,오류,오류,긍정적,알 수 없음,알 수 없음
2022-07,굿굿,긍정적,긍정적,긍정적,알 수 없음,알 수 없음
2022-07,굿굿,긍정적,긍정적,긍정적,알 수 없음,알 수 없음
2022-05,"음식은 맛있었는데
계산해주시는분의 반말에 기분 상함..ㅠ",오류,오류,긍정적,부정적,알 수 없음
2022-07,좋아요,긍정적,긍정적,알 수 없음,알 수 없음,알 수 없음
2022-06,좋아요,오류,오류,알 수 없음,알 수 없음,알 수 없음
2022-05,요즘들어 불친절한 느낌,부정적,부정적,알 수 없음,부정적,알 수 없음
2022-06,완전굿!!!!,긍정적,긍정적,긍정적,알 수 없음,알 수 없음
2022-03,여거 메밀비빔국수와 밑반찬 보리밥 넘 좋아요,오류,오류,긍정적,알 수 없음,알 수 없음
2022-07,굿,긍정적,긍정적,긍정적,알 수 없음,알 수 없음
2022-05,단골,오류,오류,알 수 없음,알 수 없음,알 수 없음
2022-06,좋아요,긍정적,긍정적,알 수 없음,알 수 없음,알 수 없음
2022-04,good,오류,오류,알 수 없음,알 수 없음,알 수 없음
2022-08,맛있어요,긍정적,긍정적,긍정적,알 수 없음,알 수 없음
2022-04,맛있어요,긍정적,긍정적,긍정적,알 수 없음,알 수 없음
2022-05,좋아요.,오류,오류,알 수 없음,알 수 없음,알 수 없음
2021-11,"여기...진짜 메밀국수 맛있어요
비빔메밀 주문하면 보리밥도 주시는데 진짜 맛있고 비빔메밀에 명태회도 조금 딸려나와요",긍정적,긍정적,긍정적,긍정적,알 수 없음
2022-04,좋아요,오류,오류,알 수 없음,알 수 없음,알 수 없음
2022-04,맛있어용,긍정적,긍정적,긍정적,알 수 없음,알 수 없음
2022-03,굿,긍정적,긍정적,긍정적,알 수 없음,알 수 없음
2022-03,"맛잇는거랑별개로가격지속상승중, 요며칠전부터 1~2천원씩올랏어요 메밀수제비 기준 만원임. 가성비땜시잘안가게될듯이젠",오류,오류,긍정적,부정적,부정적
2022-04,맛있어요,긍정적,긍정적,긍정적,알 수 없음,알 수 없음
2022-03,ㅓ,오류,오류,알 수 없음,알 수 없음,알 수 없음
2022-06,좋아요,긍정적,긍정적,알 수 없음,알 수 없음,알 수 없음
2022-01,굿,긍정적,긍정적,긍정적,알 수 없음,알 수 없음
2022-02,맛있어요,긍정적,긍정적,긍정적,알 수 없음,알 수 없음
2022-01,굿,오류,오류,긍정적,알 수 없음,알 수 없음
2021-11,집밥같아요 김치맛있어요,긍정적,긍정적,긍정적,알 수 없음,알 수 없음
2022-01,좋아요,오류,오류,알 수 없음,알 수 없음,알 수 없음
2021-12,굿..,긍정적,긍정적,긍정적,알 수 없음,알 수 없음
2022-01,좋음,긍정적,긍정적,알 수 없음,알 수 없음,알 수 없음
2021-12,맛나요,오류,오류,긍정적,알 수 없음,알 수 없음
2022-01,맛있어요,긍정적,긍정적,긍정적,알 수 없음,알 수 없음
2021-12,굳,오류,오류,알 수 없음,알 수 없음,알 수 없음
2022-01,좋아요,긍정적,긍정적,알 수 없음,알 수 없음,알 수 없음
2021-12,굿,긍정적,긍정적,긍정적,알 수 없음,알 수 없음
2021-11,굿굿,오류,오류,긍정적,알 수 없음,알 수 없음
2021-12,굿,오류,오류,긍정적,알 수 없음,알 수 없음
2021-11,굿,긍정적,긍정적,긍정적,알 수 없음,알 수 없음
2022-03,좋아요,오류,오류,알 수 없음,알 수 없음,알 수 없음
2021-06,"메뉴주문확인 두번을 협박성있게 하시고
메뉴가 한 세번쯤 잘못나옵니다ㅋㅋㅋ
점심12시에 도착하니 메뉴가 30분걸려요... 회사 점심시간에 갈곳은 아닌듯합니다
물론 30분기다려서 먹을 맛은 더더욱아니구요",부정적,부정적,알 수 없음,부정적,부정적
2022-03,좋아요,긍정적,긍정적,알 수 없음,긍정적,알 수 없음
2021-11,좋아요,오류,오류,알 수 없음,알 수 없음,알 수 없음
2021-10,맛있어요,긍정적,긍정적,긍정적,알 수 없음,알 수 없음
2021-04,"근처에서 5년동안 간판만 보았는데
완전 맛있는 맛집이예요
음식 하나하나가 정성가득하고
맛있어요 내일 또 갈래요 ~",오류,오류,긍정적,긍정적,알 수 없음
2021-06,비빔 강추~! 자극적이지 않으면서도 맛있어요!,긍정적,긍정적,긍정적,알 수 없음,알 수 없음
2021-04,"점심때 바쁘던데 오늘 금요일 저녁7시이후에 오니 음식 빨리 나와요.

서빙하는 아주머니가 좀 짜증을 내시는데 무슨 일인지 ㅋㅋ 오늘은 응대가 약간 친절해졌네요. 그동안 여기 별점은 그 아주머니가 왕창 깍아먹었을 듯...

메밀국수 맛은 정말 괜찮아요 굿굿👍👍",긍정적,긍정적,긍정적,부정적,알 수 없음
2021-05,좀 느리고.. 맛은 잇는데 금액도 너무 오름,오류,오류,긍정적,부정적,부정적
2021-08,좋아요,긍정적,긍정적,알 수 없음,알 수 없음,알 수 없음
2021-08,맛있어요,오류,오류,긍정적,알 수 없음,알 수 없음
2021-06,음식 구성이 괜찮습니다.,긍정적,긍정적,긍정적,알 수 없음,알 수 없음
2021-02,"비빔이 살짝 싱거웠지만 나머지는 너무 맛있었습니다. 식전에 기본으로 나오는 장조림, 메밀묵, 보리밥, 청국장도 깔끔하고요. 수제비도 쫄깃한 식감과 맛 다 잡았습니다.",긍정적,긍정적,부정적,긍정적,긍정적
2021-07,맛있어요,오류,오류,긍정적,알 수 없음,알 수 없음
2021-07,맛있어요.,긍정적,긍정적,긍정적,알 수 없음,알 수 없음
2021-03,집 근처에 있어서 가족들과 자주가요. 여기 사장님 친절하시고 맛있어서 저만 알고 싶은 집이예요!!,오류,오류,긍정적,긍정적,알 수 없음
2021-04,음식은 너무 맛있는데 점심시간때 매장내 질서와 태도가 너무 아쉽네요,긍정적,긍정적,긍정적,부정적,알 수 없음
2021-04,맛집,긍정적,긍정적,알 수 없음,알 수 없음,알 수 없음
2021-05,맛있어요,오류,오류,긍정적,알 수 없음,알 수 없음
2021-03,완즈이 맛집임,긍정적,긍정적,알 수 없음,알 수 없음,알 수 없음
2020-12,"물막국수 먹었는데 막국수만 먹어도 보리밥, 된장찌게 서비스로 주셔서 든든하게 먹을 수 있습니다. 막국수 육수가 담백해서 건강하게 잘 먹었네요~",오류,오류,긍정적,긍정적,긍정적
2021-07,조아요,긍정적,긍정적,알 수 없음,알 수 없음,알 수 없음
2020-11,들깨는 나오는데 시간이 걸려요.,오류,오류,긍정적,부정적,알 수 없음
2021-07,좋아요,긍정적,긍정적,알 수 없음,알 수 없음,알 수 없음
2021-03,맛있어요,긍정적,긍정적,긍정적,알 수 없음,알 수 없음
2021-07,좋아요,오류,오류,알 수 없음,알 수 없음,알 수 없음
2021-07,좋아요,긍정적,긍정적,알 수 없음,알 수 없음,알 수 없음
2020-11,"맛있어요
건강한 맛 이예요
넘 기다리는것이 좀 그래요",오류,오류,긍정적,부정적,알 수 없음
2021-02,맛있어요,긍정적,긍정적,긍정적,알 수 없음,알 수 없음
2020-10,"직접면을 뽑으시는거로 아는데...맛있어요항상 친절하세요
서비스로주시는보리밥.우거지찌개 너무맛있어요",긍정적,긍정적,긍정적,긍정적,알 수 없음
2020-10,맛은 있는데 가격이쎄요 양도넘만코 양좀줄이고 가격내리면 굿일듯,오류,오류,긍정적,부정적,부정적
2020-12,맛있어요!,긍정적,긍정적,긍정적,알 수 없음,알 수 없음
2021-01,"맛난 막국수, 해물 파전",오류,오류,긍정적,알 수 없음,알 수 없음
2020-02,들깨 수제비가 맛있었던 아니고 맴급수도 맛있어 치면 조금 비싸다고 할 수 있는 그런 집이 라고 할 수 있겠지만 하지만 밑반찬들이 나오는 걸 보면 가격이라 뜨기 되며 특히나 다른 곳에서는 건덕이 뚜렿게 없는 세기가 여기는 엄청 건덕이 영역한 시력이 국으로 밑반찬으로 나온다 그리고 음식 맛도 상당히 정가라고 깔끔하고 건강한 마시며 직접 채소를 재배해서 가게에서 쓰는 것이다 깔끔하고 맛있고 양이 굉장히 많기 때문에 배를 많이 빌고 가도 배 부르게 먹을 수 있을 듯하다 그리고 들길 수제비는 정말 맛있었다,긍정적,긍정적,긍정적,알 수 없음,긍정적
2020-09,맛최고 친절최고 서비스최고,오류,오류,긍정적,긍정적,알 수 없음
2020-09,너무늦게 나옴,부정적,긍정적,알 수 없음,부정적,부정적
2020-03,"#가성비 #맛집
반찬부터 메인까지 다 맛있네요
잘 먹고 갑니다",긍정적,긍정적,긍정적,알 수 없음,알 수 없음
2020-08,옛맛 시골맛,오류,오류,긍정적,알 수 없음,알 수 없음
2020-11,맛있어요 맛점 굳,긍정적,긍정적,긍정적,알 수 없음,알 수 없음
2020-07,"비빔메밀 맛있어요.
오늘 수육은 고기 퀄리티가 평소와 달라서 약간 실망..ㅠ",오류,오류,긍정적,부정적,알 수 없음
2020-08,싱거움,부정적,긍정적,부정적,알 수 없음,알 수 없음
2020-09,좋아요,긍정적,긍정적,알 수 없음,알 수 없음,알 수 없음
2020-09,맛있어요,오류,오류,긍정적,알 수 없음,알 수 없음
2020-04,"건강한 느낌, 들깨수제비도 맛있고 양도 많고 메밀도 괜찮다",긍정적,긍정적,긍정적,알 수 없음,긍정적
2020-08,"친절하신데, 비빔막국수가 싱거워요",오류,오류,부정적,긍정적,알 수 없음
2020-03,맛있는데 요즘 좀 짜네요 간이 슴슴해졌으면 합니다,부정적,긍정적,긍정적,부정적,알 수 없음
2020-02,맛있는데 바쁠 때나 한가할 때나 항상 늦게 주심요,부정적,긍정적,긍정적,부정적,알 수 없음
2020-01,음식이 좀 늦긴한데 맛있고 정성스러운 음식입니다.,오류,오류,긍정적,부정적,알 수 없음
2021-01,정신없긴한데 맛있어요,오류,오류,긍정적,알 수 없음,알 수 없음
2020-04,좋ㅇᆢ요,긍정적,긍정적,알 수 없음,알 수 없음,알 수 없음
2020-02,좋습니다. 또 방문할게요~,오류,오류,알 수 없음,긍정적,알 수 없음
2020-02,여기 맛있어요~,긍정적,긍정적,긍정적,알 수 없음,알 수 없음
2020-02,",",알 수 없음,알 수 없음,알 수 없음,알 수 없음,알 수 없음
2019-09,음식이 깔끔하고 맛있다. 막국수 비빔이랑 물 다맛있고 수육시키면 같이나오는 샐러드 맛있음. 만드는 속도가 좀 느린편이니 점심때 피해서 가야함,오류,오류,긍정적,부정적,알 수 없음
2019-08,들깨 칼국수는 진짜 최고예요,긍정적,긍정적,긍정적,알 수 없음,알 수 없음
