Date,Review,sentiment,Sentiment2,맛,서비스,양
2024-11,"우선 새로 생긴곳이라 매장이 너무 깨끗하고 넓어서 조아요!
모듬회 소자로 두명이서 먹기 좋았고 방어도 기름기가 완벽했습니다 맛있어요!! 그리고 기본반찬은 올해 가본 횟집중 가장 잘나오는 집입니다. 친구에게 추천할수 있는 집입니다.",긍정적,긍정적,긍정적,긍정적,긍정적
2024-10,"강남에서 이렇게 깔끔한 횟집 흔하지 않은데, 새로생겨서 진짜 깔끔하고 자리도 널찍해서 편했어요! 우럭막회 김에 상추샐러드에 싸먹는게 진짜 맛있었어용❤️",긍정적,긍정적,긍정적,긍정적,알 수 없음
2024-10,"저번에 먹고 맛있어서 또 왔는데 사장님이 너무 친절하시고 음식도 넘 맛있어여!!
여기 가리비 진짜 맛있네요
다음엔 저녁에 와서 조개 먹어보고싶네오!!",긍정적,긍정적,긍정적,긍정적,알 수 없음
2024-10,친구들과 모임이 있어서 찾아보다가 방문했습니다 우선 가게 내부가 너무 넓고 좋았고 주차도 편리했어요 그리고 메뉴중에 추천받은 막회를 먹었더니 이런 회는 처음 먹어봤어요 완전 진짜 여기는 한번먹으면 빠지는 그런 맛이였어요~ 양도 너무 많았고 같이왔던 친구들이 다들 다음 모임도 여기서 하자고하네요~ 😀다음에는 예약하고 넓은 룸에서 먹어보겠습니다 회춘식당 뱅뱅사거리 맛집 👍,긍정적,긍정적,긍정적,긍정적,긍정적
2024-10,"단짝친구랑 기분좋게 식사했습니당☺️
해산물을 너무너무 좋아하는데, 우럭막회는 처음 먹어봤어요!
어떻게 먹어야 맛있는지 친절하게 알려주셔서 좋았고, 중간중간 잘 챙겨주셔서 감사했습니다🙏🏻

우럭 자체가 싱싱해서 식감도 좋았지만 곁들여먹는 야채무침이 질리지 않고 맛있었어요~!
친구도 입맛이 까다로운 편인데, 계속 맛있다고 감탄하더라구요!
둘이서 저 많은 양을 거의 다 먹고왔네요😋😋

매장은 넓고 쾌적했고, 무엇보다 화장실에 면봉과 핸드크림이 구비되어있다는게 세심하게 느껴졌어요👍🏻👍🏻 다음번에 또 방문하고싶네요! 번창하세용~",긍정적,긍정적,긍정적,긍정적,긍정적
2024-10,"점심 먹으려고 식당 찾다가 보이길래 들어왔는데 우동이며 초밥이며 진짜 맛있네요
초밥이 하나도 안비리고 부드럽고 맛있어여
락교도 다른 곳 가면 누진내? 나고 그러는데 아주 아식하니 신선하고 좋아요!",긍정적,긍정적,긍정적,긍정적,알 수 없음
2024-11,"매장 내부 깔끔
사방님 친절 & 유쾌하심
메뉴도 신선 회도 맛있고 서비스고 너무좋아요
단체회식하기에도 너무 좋습니다👍",긍정적,긍정적,긍정적,긍정적,알 수 없음
2024-10,찐 맛집 발견했어요!!! 대방어회 먹었는데 신선하구 맛있어서 먹는내내 행복했어요❤️ 강남역 오면 또 방문할 거예요😆🌟,긍정적,긍정적,긍정적,긍정적,알 수 없음
2024-09,뱅뱅사거리에 맛있는 홧집 없는데 드디어 생겼습니다 룸도있고 쾌적하고 나오는 메뉴들도 너무 좋고 점심에 와서 맛있어서 저녁도 바로 방문했더니 역시나 입니다 앞으로 뱅뱅 사거리 우성아파트사거리 횟집는 회춘식당이예요 넓어서 단체모임도 넘 좋을듯해요,긍정적,긍정적,긍정적,긍정적,알 수 없음
2024-11,"친구랑 같이 대방어 먹으러왔는데 가성비 좋고, 맛도 되게 맛있었습니다.
나중에 또 방문할거같아요!",긍정적,긍정적,긍정적,알 수 없음,알 수 없음
2024-09,"우연히 지나가다 만난 찐맛집
사장님너무친절하시고 서비스초밥도주시고
처음왔지만 반했습니다
음식도맛있고~~회맛이 거기가거기지가 아니고
완전히 맛있고 달아요~~

짱짱짱

단골되겠습니닷!!!",긍정적,긍정적,긍정적,긍정적,알 수 없음
2024-11,점심특선 장어한마리 덮밥 실하고 맛있네요^^ 혼밥으로도 넓어서 눈치 안보고 좋습니다!,긍정적,긍정적,긍정적,알 수 없음,긍정적
2024-10,"아 이집 음식에 진심이네요 전복도 살아있구 해산물자체가 다 신선하네요 이가격에 이퀄리티에 강남에 이런데가 있다니 자주와야 겠어요 사장님 계속 해주세요
부탁드려요 이런데는 돈쭐나야되요",긍정적,긍정적,긍정적,긍정적,부정적
2024-10,오픈하기전부터 한번 와야지 햇는데 오늘 드디어 왓네요 ㅎ 간단히 반주겸 광어회를 시켯는데 신선하고 맛잇습니다~야외테라스도 있어서 여름에도 좋을것 같아요~매장도 넗고 좋아요^^,긍정적,긍정적,긍정적,긍정적,알 수 없음
2024-10,"저번에 모임이 있어서 방문했는데 기대했던거보다 너무 맛있고 좋아서 이번에는 점심에 밥먹으려고 들렸습니다 역시나 초밥이 너무 맛있더라고요 ㅎㅎ
점심특선초밥은 확실히 점심에 먹기 딱 좋고 배부르게 먹었습니다 저랑 같이왔던분도 너무 맛있게 먹었고 강남에서 주차가능한 음식점이 많이 없지만 이곳은 주차도편했고 매장이 너무 청결하다고 다음에 또 방문해야겠다네용~ 👍😀 역시 뱅뱅사거리 맛집 👍다음에는 꼬막비빔밥도 먹어봐야겠어요~ 😄",긍정적,긍정적,긍정적,긍정적,긍정적
2024-11,"모듬 중짜 주문, 다른 횟집 소짜정도의 양
신선하지 않아서 냄새남
매운탕은 생선 내장탕? 처럼 찌꺼기만 나오고 손도 안댐,
궁금하면 사진 참고
반찬종류:샐러드,묵은지,홍합탕,마카로니,쌈채소 끝
주문마다 결제필요(현금결제하면 나중에 결제 하면된다? 미리 이야기 안해줌)

결론 : 비싼맛에 넓은데서 술먹고 싶으면 가도 댐, 근데 이 돈 내고 그 정도의 서비스 받고싶다? 절대 비추",부정적,부정적,부정적,부정적,긍정적
2024-10,"장어 한마리 덮밥, 장어가 부드럽고 소스가 촉촉해서 밥이랑 완벽한 조합이에요! 양도 충분해서 든든한 한 끼로 딱이네요😋.",긍정적,긍정적,긍정적,알 수 없음,긍정적
2024-11,"매장도 깔끔하고 바로 앞 주차도 가능해서 편했어요 !
음식도 맛있고 직원분들도 다들 넘 친절하세요 ㅎㅎ
맛있게 잘먹구 갑니당 ❤️",긍정적,긍정적,긍정적,긍정적,알 수 없음
2024-11,"배고프고 회땡겨서 왓는ㄷ
완전 맛나요~~",긍정적,긍정적,긍정적,알 수 없음,알 수 없음
2024-11,"회는 기본적으로 맛있고
직원분들도 친절하셔서 기분좋게 식사했습니다

특히 큰횟집인데 매장에 비린내가 거의 안날정도로 깔끔했습니다",긍정적,긍정적,긍정적,긍정적,알 수 없음
2024-11,대방어 잘나와요!! 맛있어요 ㅎㅎ,긍정적,긍정적,긍정적,알 수 없음,알 수 없음
2024-10,"여기 직원분들 너무 친절하시고 음식도 맛있어요!
회사 근처 초밥먹고싶을때마다 배달시키고 참고 다른거 먹구 그랬는데 이제 마음편히 여기루 와야겠어요 ㅠㅠ
직원분들 너무 감사합니다 ,, 🫧❤️",긍정적,긍정적,긍정적,긍정적,알 수 없음
2024-10,"맛있게 잘 먹었어요
가격도 좋고 푸짐했어요
배부르게 잘 먹고갑니다.",긍정적,긍정적,긍정적,알 수 없음,긍정적
2024-10,너무 맛있어요. 회식때 와도 좋을 것 같아요.,긍정적,긍정적,긍정적,알 수 없음,알 수 없음
2024-11,"아직 춥지 않지만 대방어 먹으러 왔어요~~
방어는 이제 시작인데도 고소한 맛이 올라오네요
앞으로 더 기대 됩니다 ㅎㅎ
시설도 깔끔하고 새로 생긴 곳 도전 잘 안하는데 괜찮네요!! ㅎㅎ
다음에 또 오겠습니다~~",긍정적,긍정적,긍정적,긍정적,알 수 없음
2024-11,와.... 진짜 맛있어요 매운탕도 기가막힙니다 술이 술술 들어가요,긍정적,긍정적,긍정적,알 수 없음,알 수 없음
2024-10,"집근처에 이런 횟집이생겨서 너무좋아요🩷🫶🏻👍🏻
친절하고 깨끗하고 맛있고-😘👍🏻",긍정적,긍정적,긍정적,긍정적,알 수 없음
2024-11,"사진과 다릅니다 밑에 리뷰들 예약금 삼만원 표시 없는거보니..(판단은 알아서)
대방어 먹으려고 온건데 옆테이블 비주얼 보고 안시킴
모둠회 대자 시켰는데 양이적고 말라있었습니다.
딱 무한리필 뷔페 초밥 회 퀄리티입니다.
직원호출 불러도 안오고 손님도 없는데 기싸움을 하는건지 기본찬 세팅만 계속 하고 있습니다.
쌈채소는 아끼시는건지 달라고 해야줍니다.
예약금도 말하니까 그제서야 부랴부랴 찾아보고 환불해주시고(방법을모르시는듯) 예약을 했음에도 텅텅빈 홀 일반석중 안내받았습니다.
예약을 헷갈렸다고 서비스로 총알오징어, 가자미 튀김, 꽁치구이 주셨는데 가자미튀김이 제일 나았고 나머지는 냄새났습니다.
송별회 자리였는데 돈이 아까운 음식, 불러도 오지 않는 일하기 싫은 직원. 모셔온 분들께 미안할 정도였습니다.",부정적,부정적,부정적,부정적,부정적
2024-11,해산물이 많이 들어있어 해산물맛이 많이 나요 매장도 넓어서 기다리지않고 먹을수있어요,긍정적,긍정적,긍정적,긍정적,알 수 없음
2024-11,사장님께서 너무 친절하시고 서비스도 많이 주십니다 음식도 너무 맛있어요 방어먹으러왔는데 대박입니다,긍정적,긍정적,긍정적,긍정적,알 수 없음
2024-09,"시끄러운 대학교 친구들과 즐거운 술 자리즐겼습니다~~ 메뉴 추천도 너무 잘 해주시고 친절하셔서 너무 좋았어요
다음에 또 장소에서 회식하고 싶어요~~",긍정적,긍정적,긍정적,긍정적,알 수 없음
2024-10,"새로 생겼다고 해서 방문했는데 친절하고 음식도 맛있어서 재방문 할거 같아요~!
광어우럭 &딱새우 맛있어옹",긍정적,긍정적,긍정적,긍정적,알 수 없음
2024-10,"점심 회덮밥
회 양도 많고 맛있어요👍🏻 신선하고 점심메뉴로 추천👍🏻👍🏻",긍정적,긍정적,긍정적,알 수 없음,긍정적
2024-11,맛있어요...둘이서 대 사이즈 하나 떵개했습니다,긍정적,긍정적,긍정적,알 수 없음,긍정적
2024-09,"동네에 새로 생긴 횟집~~~~
물회 정말 맛있어요👏🏻👏🏻👏🏻👏🏻👏🏻
부모님이랑 오기 좋아요~!",긍정적,긍정적,긍정적,알 수 없음,알 수 없음
2024-11,재료신선하고 매장 깔끔하고 음식 빨리 나오고 서비스 좋고. 더 바랄게 없네요,긍정적,긍정적,긍정적,긍정적,알 수 없음
2024-11,맛있어요!! 서비스를 엄청 많이 주십니다,긍정적,긍정적,긍정적,긍정적,알 수 없음
2024-10,넘 맛있게 잘 먹었어요!! 회가 신선하고 라면도넘맛있었습니당~~,긍정적,긍정적,긍정적,알 수 없음,알 수 없음
2024-10,"근처에 점심으로 먹을만한 초밥집이 없었는데 생겨서 너무 좋아요 !!
횟집이라 그런가 활어 횟감들이 매우 좋네요 ~
맛있게 잘먹었습니다 ^^",긍정적,긍정적,긍정적,알 수 없음,알 수 없음
2024-10,진짜 양도 엄청 많아서 배불리 먹었습니다 회춘식당 꼭 한번씩 오세여 강추 🤍👋👋,긍정적,긍정적,긍정적,알 수 없음,긍정적
2024-09,광어회 너무 맛나요!! 일단 너무 깔끔하고 맛이 좋아서 놀랐어요! 번성하시길요~ 동네주민인데 자주 올거같아요!!,긍정적,긍정적,긍정적,긍정적,알 수 없음
2024-11,"처음 왔는데 너무 맛있어요🤤
또 올게요 사장님!",긍정적,긍정적,긍정적,긍정적,알 수 없음
2024-11,"사진을 못 찍어서 없는데 메뉴 다 맛있었어요!
가자미구이, 음료수 서비스도 주셔서 감사히 먹었습니다. 다른 메뉴들도 맛있었는데 가자미구이도 진짜 맛있었어요!!!",긍정적,긍정적,긍정적,긍정적,알 수 없음
2024-10,가게 앞에 주차도 가능하고 직원들도 정말 친절하네요. 뱅뱅사거리 맛집이에요 이 근처에 오면 회춘식당 방문 할것 같습니다,긍정적,긍정적,알 수 없음,긍정적,알 수 없음
2024-10,회 신선하구 맛있습니다 강추 ㅎㅎ,긍정적,긍정적,긍정적,알 수 없음,알 수 없음
2024-10,점심메뉴도 있어서 가격대도 괜찮고 맛있었어요!,긍정적,긍정적,긍정적,알 수 없음,알 수 없음
2024-10,점심특선초밥 맛있습니다,긍정적,긍정적,긍정적,알 수 없음,알 수 없음
2024-10,식당 넓고 쾌적하고 음식 깔끔하고 키오스크 편하고 국물 시원하고 맛있습니더,긍정적,긍정적,긍정적,알 수 없음,알 수 없음
2024-09,"오늘 첫 방문인데 서빙해주시는 이모님
너무 착하시고, 서비스 많이 주십니다
매장 넓어서 시끄럽지않고 너무 청결해요
번창하세요 😊",긍정적,긍정적,알 수 없음,긍정적,알 수 없음
2024-10,너무 맛있어요~ 꼭 한번 방문해보세요,긍정적,긍정적,긍정적,알 수 없음,알 수 없음
2024-10,"서울에서 횟집을 찾다가 우연히 발견해서 와서 먹었는데

고향 목포가 생각나는 맛이에요 너무맛있게 먹고갑니다.

가까우면 자주가고싶은 그런 식당인거같아요",긍정적,긍정적,긍정적,긍정적,알 수 없음
2024-11,"음식 양 뿐 아니라 너무 신선해서 잘 먹었어요☺️
회도 그렇고 나머지 매운탕이랑 다른 음식들도 잘 먹었습니다!",긍정적,긍정적,긍정적,알 수 없음,긍정적
2024-11,맛있어요! 양도 많아요!,긍정적,긍정적,긍정적,알 수 없음,긍정적
2024-10,회가 신선하고 맛있습니다!,긍정적,긍정적,긍정적,알 수 없음,알 수 없음
2024-09,"된장열무물회
낯설지만 계속 땡겨요ㅋㅋㅋㅋㅋ국물 계속 집어먹게되고, 시원한데 구수하고 새콤해요
회도 엄청많이 넣어주세요
직원분들 친절하고, 여름에 색다른 물회생각나면 여기서 먹을듯👍",긍정적,긍정적,긍정적,긍정적,긍정적
2024-09,"회도 두툼하고 맛있습니다 !!
직원분들도 친절하시고 내부도 넓고 쾌적합니다!
강추 😁",긍정적,긍정적,긍정적,긍정적,알 수 없음
2024-10,"넘 맛있고 사장님도 친절하시고~
룸도 있어서 단체 모임하기 넘 좋아요^^",긍정적,긍정적,긍정적,긍정적,알 수 없음
2024-10,된장열무물회를 처음 접하는데 독특하고 맛있습니다!,긍정적,긍정적,긍정적,알 수 없음,알 수 없음
2024-10,점심 메뉴도 있고 메뉴도 다양하고 맛있우요~~~,긍정적,긍정적,긍정적,알 수 없음,알 수 없음
2024-09,"오픈한지 얼마 안 된 곳인데 사케동,장어덮밥 너무 맛있게 먹었습니다
번창하세요!",긍정적,긍정적,긍정적,알 수 없음,알 수 없음
2024-10,우럭막회 너무 맛있어요!!>_<,긍정적,긍정적,긍정적,알 수 없음,알 수 없음
2024-10,"친구랑 지나가다 급 가게된 식당 맛있고 분위기도좋네요

잘먹고 갑니다 또 올께요",긍정적,긍정적,긍정적,긍정적,알 수 없음
2024-09,점심특선으로 먹었습니다! 맛있고 너무 깨끗하고 양도 많고 친절하세요!!!,긍정적,긍정적,긍정적,긍정적,긍정적
2024-09,새로 생겨서 와봤는데 맛있어요~~~,긍정적,긍정적,긍정적,알 수 없음,알 수 없음
2024-10,회랑 야채들이 시들시들하지않고 싱싱하고 맛있어요 ! 한그릇 싹싹 긁어먹었어요 생긴지 얼마안된거 같아보였는데 매장도 넓고 깨끗합니다,긍정적,긍정적,긍정적,긍정적,알 수 없음
2024-09,"드디어 회사 주변에 생긴 초밥집!

맛있어서 자주 찾아올것같네요ㅎㅎ",긍정적,긍정적,긍정적,알 수 없음,알 수 없음
2024-10,쾌적하고 깔끔해서 모임하기 좋습니다 :),긍정적,긍정적,알 수 없음,긍정적,알 수 없음
2024-09,단골집인데 가계가 새로단장해 방문해봤어요~ 막회주문했는데 너무좋아요 ~야채무침이 새롭고 너무맛있어 놀랐어요 ㅎㅎ 회귀신 우리신랑 신났어요~ ♡♡♡♡,긍정적,긍정적,긍정적,알 수 없음,알 수 없음
2024-09,"급하게 먹기부터 해서 사진을 못찍었네요
뚝배기는 해장하기 좋네요",부정적,부정적,긍정적,알 수 없음,알 수 없음
2024-10,원래 양이 푸짐하고 맛도 맛있습니다 막회지만 뼈가 없어서 먹기 편했습니다! 서비스도 많이 주셔서 좋았습니다!,긍정적,긍정적,긍정적,긍정적,알 수 없음
2024-11,깔끔하고 조아요^^,긍정적,긍정적,긍정적,알 수 없음,알 수 없음
2024-09,맛있습니다 양도많고 매장이깔끔합니다,긍정적,긍정적,긍정적,알 수 없음,긍정적
2024-10,새로 생겨서 그런지 깨끗하고 맛있어영 회도 신선 합니다 감사합니다,긍정적,긍정적,긍정적,긍정적,알 수 없음
2024-09,"너무나 맛있게 푸짐하게 잘먹고 간집!
메뉴하나로 남자5이서 남기고갈만큼 푸짐합니다
강추!",긍정적,긍정적,긍정적,알 수 없음,긍정적
2024-09,"회덮밥 회랑 야채 모두신선하고
양념장과 진한 참기름 어우러져
정말 맛있게 먹었어요~",긍정적,긍정적,긍정적,알 수 없음,긍정적
2024-09,진짜 맛있어요!!!,긍정적,긍정적,긍정적,알 수 없음,알 수 없음
2024-09,"별로에요.
1. 반찬이 너무 적어요
2. 맛도 별로
3. 직원들도 불친절
4. 키오스크도 먹통
5. 음식양도 적어요
6. 우당탕탕 소음이 심해요

다시 안갈것 같네요",부정적,부정적,부정적,부정적,부정적
2024-10,쏘쏘합니다,부정적,부정적,알 수 없음,부정적,알 수 없음
2024-10,"재료가 신선한 것 같아요
맛있어요
건강한 맛입니다 해장에도 좋을 것 같아요",긍정적,긍정적,긍정적,알 수 없음,알 수 없음
2024-09,"오픈해서
한번 가보았습니다.",긍정적,긍정적,알 수 없음,알 수 없음,알 수 없음
