Date,Review,sentiment,Sentiment2,맛,서비스,양
2024-10,"""승상, 저는 도무지 이해가 되지 않습니다. 어찌하여 근처에 2개의 스벅이 있는데 이곳에 또 세우셨습니까?""
""우선 이 땅 위로 커피의 역사를 계속 흐르게 하고 싶었네. 짧았지만 강렬했던 커피의 인상을 남겼던 곳인 만큼, 이곳에는 다른 세력이 오게 해서는 안 되었지.""
""그래도 다른 두 곳 때문에 상대적으로 부진...""
""허허. 이 사람. 그렇지 않아도 내 오늘 다녀왔네. 매장도 넓고, 좋은 향도 나고 이야기를 나누기엔 더없이 좋은 공간이었네.""
""그래도 사람이 올까요?""
""뱅뱅사거리를 끼고 있어 사통팔달 교통이 편한데다, 정류장이 눈 앞인데 뭐가 걱정인가? 거기다 🌳집, 🦀집, 🚗집, 💰집이 인근에 있어서 걱정이 없다네.""
""그래도...""
""허어. 이 사람! 어느 매장을 가도 같은 품질이네. 됐나?""",부정적,부정적,긍정적,부정적,알 수 없음
2024-10,집근처 뱅뱅사거리점 없어지구ㅜ 바로 맞은편에 스벅 새로 생겼네요 넘좋아요~~집이랑 젤 가까운곳🩷 역시 항상 사람 많네용😊,긍정적,긍정적,알 수 없음,긍정적,알 수 없음
2024-09,"오늘 오픈한 서초태우빌딩점...2만원이상 머그컵 증정 행사가 있길래 꾸역꾸역 2만원 구매해서 받음ㅋㅋㅋ
머그컵이 모라고 ㅋㅋㅋㅋ
집근처라 앞으로 자주 방문할거 같음.",긍정적,긍정적,알 수 없음,긍정적,긍정적
2024-10,"얼마전까지 공사하구 있었는데
오늘 소니깐 오픈한거 같아서
들어가 봤는데^~^
분위기 좋음",긍정적,긍정적,알 수 없음,긍정적,알 수 없음
2024-09,"좋아요.급 작업해야해서 들어왔는데
집중 최고 잘 됩니다.",긍정적,긍정적,알 수 없음,긍정적,알 수 없음
2024-11,"오늘 추워서 병원가다말고 들림. 이시간에도 만석이네..
따뜻한 아메 한잔 먹고 가던길 가자ㅎㅎㅎ",긍정적,긍정적,긍정적,긍정적,알 수 없음
2024-11,직원분이 엄청 친절하시고 음료가 빨리나와서 좋아요~!!,긍정적,긍정적,알 수 없음,긍정적,알 수 없음
2024-10,"새로운 스벅
조용하고 집중하기 좋아요.

스벅 예전에는 샐러드도 맛있었는데..
없고
빵도 예전같지 않아요 ㅜㅜ",긍정적,긍정적,부정적,알 수 없음,부정적
2024-10,"새로오픈한 스타벅스
직원들과 냠냠 ㅎㅎ",긍정적,긍정적,알 수 없음,긍정적,알 수 없음
2024-10,"사무실
식구들이랑
모닝티타임할려고 들렀어요.
대기20번째…",부정적,부정적,알 수 없음,부정적,부정적
2024-10,회사근처라 자주가요,긍정적,긍정적,알 수 없음,알 수 없음,알 수 없음
2024-10,인테리어 깔끔하고 직원분들 너무 친절하셔요,긍정적,긍정적,알 수 없음,긍정적,알 수 없음
2024-10,"이번달에 오픈한 스타벅스 서초태우점 .
좋아요",긍정적,긍정적,알 수 없음,긍정적,알 수 없음
2024-11,굿,긍정적,긍정적,긍정적,알 수 없음,알 수 없음
2024-11,굿,긍정적,긍정적,긍정적,알 수 없음,알 수 없음
2024-10,굿,긍정적,긍정적,긍정적,알 수 없음,알 수 없음
2024-11,맛있어요,긍정적,긍정적,긍정적,알 수 없음,알 수 없음
2024-10,굿!,긍정적,긍정적,긍정적,알 수 없음,알 수 없음
2024-10,굿,긍정적,긍정적,긍정적,알 수 없음,알 수 없음
2024-10,굿~~,긍정적,긍정적,긍정적,알 수 없음,알 수 없음
2024-09,맛있어요,긍정적,긍정적,긍정적,알 수 없음,알 수 없음
