Date,Review,sentiment,Sentiment2,맛,서비스,양
2024-10,"오늘은 오만대
오뎅만두대구탕
이것도 좋아요. 대구탕이랑 국물 베이스는 같으면서도
고명이 다양해 취양껏 기본버전이나 이거 먹음 될듯
가격은 1.3",긍정적,긍정적,긍정적,알 수 없음,알 수 없음
2024-11,"대구살만으로 승부하는 시원한 대구탕입니다.
완전 반했습니다^^.
대구 살만 먹어도 배불러요 ~~",긍정적,긍정적,긍정적,알 수 없음,긍정적
2024-08,"대접하고 싶을 때
모시고 가면 항상 만족도가 높은 곳입니다.
시원한 국물, 쫄깃한 대구살, 정갈한 반찬들.
깔끔한 매장!!
맛이 변함없이 동일함이 최고.👍",긍정적,긍정적,긍정적,긍정적,알 수 없음
2024-06,"온리 대구만 들은 대구탕
국물이 오만대와 비교해서 조금 더 깔끔 시원!!
취향차이겠고 해장 하려 왔는데.
바로 해장됨 ㅋㅋㅋㅋ
가격이 조금 있지만(1.3) 맛과 반찬퀄 모든 게 훌륭",긍정적,긍정적,긍정적,긍정적,알 수 없음
2024-04,"매장이 깔끔하고 대구탕의 대구살이 탱글탱글해요.
밑반찬도 맛있고 친절하셔서
또 방문하고 싶네요",긍정적,긍정적,긍정적,긍정적,알 수 없음
2024-05,강남이지만 가격이 착하며 가성비가 높은 음식점입니다 대구탕이 시원하며 대구살도 많아 만족도가 높고 반찬도 맛있습니다 담에도 근처 갈일 있으면 꼭 방문하겠습니다 ^^,긍정적,긍정적,긍정적,알 수 없음,긍정적
2024-03,매번 가기엔 부담스럽지만 해장하거나 점심을 든든히 먹고 싶을 때 꼭 찾는 시원한 대구탕집입니다. 이름 대로 시원한대구탕이 이름이고 그 맛만큼 훌륭하게 조리되어 나옵니다. 대구탕은 살 가득 있는 부위들이 푹 고아져서 나오고 오만대는 오뎅만두가 같이 섞여서 나옵니당. 훌륭해요. 또 밥도 든든히 먹으라고 김 + 간장 조합으로 나오는데 이게 또 꿀맛입니다. 계속 먹게되요 ㅎㅎ 너무 잘 먹고 갑니다~,긍정적,긍정적,긍정적,긍정적,긍정적
2024-03,"식당 분위기가 좋고
대구탕이 참 맛있어요
방문할 때마다 맛이 유지됩니다!!",긍정적,긍정적,긍정적,알 수 없음,알 수 없음
2024-01,"회사 인근 최애 맛집!!
올 때마다 만족도 만점 줍니다
대구탕은 물론 밥과 김치까지 맛있어요
감사합니다",긍정적,긍정적,긍정적,긍정적,긍정적
2024-03,대구가 부드러워요,긍정적,긍정적,긍정적,알 수 없음,알 수 없음
2024-06,굿,긍정적,긍정적,긍정적,알 수 없음,알 수 없음
2024-01,뱅뱅사거리 숨은 맛집입니다. 살점이 큰 대구가 여러덩이 들어있어요. 지인이 왔을 때 추천하여 식사하기에도 좋은 곳입니다.,긍정적,긍정적,긍정적,긍정적,긍정적
2024-02,맑고 시원해요 어묵 안좋아하는 편인데 여기꺼는 맛있에료,긍정적,긍정적,긍정적,알 수 없음,알 수 없음
2023-09,칼칼한 국물이 일품입니다. 대구도 엄청 큰 덩어리가 두어개 들어있어서 다 먹지못하고 남길때도 있어요. 밑반찬이 많진 않지만 정갈하고 국물과 같이 먹기 좋아요. 그리고 다른 식당과 달리 공깃밥이 떡밥이 아니라 엄마가 해준 집밥 같아요~,긍정적,긍정적,긍정적,긍정적,부정적
2024-01,대구가 너무 부드러워요,긍정적,긍정적,긍정적,알 수 없음,알 수 없음
2023-08,"회사 인근에서
제가 가장 좋아하는 메뉴!
여름이라 웨이팅 없이
입장했어요

맛이 그대로~
국물맛이 일품이고
대구살도 탱글탱글~
맵찔이인 저는 다대기를
빼달라고 합니다만
매운 걸 즐기는 친구는 첫 입에
아주 좋아하네요",긍정적,긍정적,긍정적,긍정적,알 수 없음
2023-11,"회사 근처 최애 맛집입니다
국물이 아주 시원하고
대구살도 탱탱합니다",긍정적,긍정적,긍정적,알 수 없음,알 수 없음
2024-06,굿,긍정적,긍정적,알 수 없음,알 수 없음,알 수 없음
2023-11,국물이 시원하고 맛있어요,긍정적,긍정적,긍정적,알 수 없음,알 수 없음
2023-10,"국물이 너무 시원해요
맛있어요",긍정적,긍정적,긍정적,알 수 없음,알 수 없음
2024-02,좋아요,긍정적,긍정적,알 수 없음,알 수 없음,알 수 없음
2024-02,맛나요,긍정적,긍정적,긍정적,알 수 없음,알 수 없음
2024-02,해장 하기 좋은 곳,긍정적,긍정적,알 수 없음,긍정적,알 수 없음
2023-09,음식이 빨리 나와서 좋고 오뎅국 먹고 싶을 때 가끔 가요. 반찬이 맛있어요.,긍정적,긍정적,긍정적,긍정적,알 수 없음
2023-11,맛있어요,긍정적,긍정적,긍정적,알 수 없음,알 수 없음
2023-12,굿,긍정적,긍정적,긍정적,알 수 없음,알 수 없음
2023-11,맛있어요 시원합니다,긍정적,긍정적,긍정적,알 수 없음,알 수 없음
2023-11,굿,긍정적,긍정적,긍정적,알 수 없음,알 수 없음
2023-06,"대구탕 진짜 칼칼하고 튼실해요
살도 탱글탱글하니 맛있어요",긍정적,긍정적,긍정적,알 수 없음,알 수 없음
2023-06,밥 양이 좀 적은지 그래도 남기는 것 보다는 낫다고 생각해서 괜찮습니다. 양도 많고 맛있어요,긍정적,긍정적,긍정적,알 수 없음,긍정적
2023-06,밥이 빨리 나와서 후다닥 먹기 좋아요. 정말 오랜만에 갔는데 여전히 맛있네요. 가격이 좀 올랐지만 요즘 물가가 후덜덜해서..,긍정적,긍정적,긍정적,긍정적,알 수 없음
2023-11,오만대 시원하고 맛있어요^^,긍정적,긍정적,긍정적,알 수 없음,알 수 없음
2023-04,"두번째 먹는데
국물맛이 시원하고
대구살도 탱글탱글 맛있습니다

단, 양은 조금 줄이고
가격인하 했으면 좋겠어요",긍정적,긍정적,긍정적,부정적,부정적
2023-10,오만대 시원하고 맛있어요^^,긍정적,긍정적,긍정적,알 수 없음,알 수 없음
2023-04,기본반찬 맛있고 오뎅탕도 맛있어요,긍정적,긍정적,긍정적,알 수 없음,알 수 없음
2023-10,"오만대 맛있어요^^
오뎅+만두+대구가 들어있어요",긍정적,긍정적,긍정적,알 수 없음,긍정적
2023-03,사장님이 친절하시고 푸짐한데다 맛있어서 또 가려구요,긍정적,긍정적,긍정적,긍정적,긍정적
2023-03,오뎅탕 대구탕 반찬 다 맛있어요,긍정적,긍정적,긍정적,알 수 없음,알 수 없음
2022-11,"넘 개운하고 얼큰하고
만두 오뎅 대구탕을 같이 먹어서 더 좋았어요
아삭한배추김치에 김도 생각나요",긍정적,긍정적,긍정적,알 수 없음,알 수 없음
2023-03,양도 많고 비린내 하나 안나고 너무 맛있어요,긍정적,긍정적,긍정적,알 수 없음,긍정적
2022-09,"지인추천.
해장목적으로 방문했어요~
토요일 방문했는데 11시경 오픈하시는듯.

대구탕.뽈대구탕 주문했습니다.
음식이나 차림새.식기들이 모두 정갈한 느낌이었어요!
대구탕국물은 해장으로 👍👍",긍정적,긍정적,긍정적,긍정적,알 수 없음
2022-12,요즘같은 날씨에 오만대 짱이예요😁👍👍,긍정적,긍정적,긍정적,알 수 없음,알 수 없음
2022-12,오만대 너무 맛있어요!! 매번 대구탕만 먹다가 오만대 처음 시도해 봤는데 정말 맛있네요😊,긍정적,긍정적,긍정적,알 수 없음,알 수 없음
2022-11,"애매한곳에 위치 했는데 가계안은 손님이 많아요
특히, 점심시간은 오만대 손님으로 가득합니다
오뎅+만두+대구탕(오만대)이 묘하게 어울려요
칼칼한 오뎅국물이 주를 이루며 대구가 묘하게 어울립니다. 전 맨두는 soso
두 번째 방문했어요. 해장하러 가심 됩니다",긍정적,긍정적,긍정적,긍정적,알 수 없음
2023-02,"서울에 드문 대구탕집
시원하고 살도 도톰하니
맛있어요",긍정적,긍정적,긍정적,알 수 없음,긍정적
2022-10,대구탕 너무 시원하고 맛있습니다^^,긍정적,긍정적,긍정적,알 수 없음,알 수 없음
2022-12,맛있게 먹었어요.,긍정적,긍정적,긍정적,알 수 없음,알 수 없음
2023-08,굿 좋아요,긍정적,긍정적,긍정적,알 수 없음,알 수 없음
2022-09,"오만대😋 날이 더 추워지면 더 맛날거 같아요!!
두번째 방문인데 맛있게 잘 먹었습니다:)",긍정적,긍정적,긍정적,긍정적,알 수 없음
2022-11,국물이 끝내줍니다,긍정적,긍정적,긍정적,알 수 없음,알 수 없음
2022-10,맛있습니다. 칼칼하고 시원해서 해장하기 좋아요.,긍정적,긍정적,긍정적,알 수 없음,알 수 없음
2022-12,☆ 3~5시 브레이크타임입니다.☆,긍정적,긍정적,알 수 없음,긍정적,알 수 없음
2022-11,"오뎅만두대구탕 오만대 꿀맛!
밥반찬도 끝내줘요!!",긍정적,긍정적,긍정적,알 수 없음,알 수 없음
2022-08,칼칼하고 맛있어요,긍정적,긍정적,긍정적,알 수 없음,알 수 없음
2022-12,좋아요~,긍정적,긍정적,알 수 없음,긍정적,알 수 없음
2022-12,좋아요,긍정적,긍정적,알 수 없음,알 수 없음,알 수 없음
2023-01,"해장하기 좋음
요즘인기가 아주 많아 많이 붐벼요",긍정적,긍정적,알 수 없음,긍정적,부정적
2022-11,맛있어요,긍정적,긍정적,긍정적,알 수 없음,알 수 없음
2022-11,맛있어요~,긍정적,긍정적,긍정적,알 수 없음,알 수 없음
2022-10,맛있어요,긍정적,긍정적,긍정적,알 수 없음,알 수 없음
2022-11,추운날 뜨끈한 국물 줄서서 먹네요,긍정적,긍정적,긍정적,알 수 없음,알 수 없음
2022-11,오만대 엉뚱한 조합 근데 맛은 좋아요,긍정적,긍정적,긍정적,알 수 없음,알 수 없음
2022-11,아주 시원한 오만대,긍정적,긍정적,긍정적,알 수 없음,알 수 없음
2022-05,"맑은 대구탕입니다, 대구양이 많고 살이 부드럽네요.
간이 세지 않아 부담스럽지 않은 한끼입니다.",긍정적,긍정적,긍정적,알 수 없음,긍정적
2022-09,굿,긍정적,긍정적,긍정적,알 수 없음,알 수 없음
2022-09,맛있음,긍정적,긍정적,긍정적,알 수 없음,알 수 없음
2022-11,맛있게 먹었어요,긍정적,긍정적,긍정적,알 수 없음,알 수 없음
2022-12,맛있어요,긍정적,긍정적,긍정적,알 수 없음,알 수 없음
2022-09,좋아요,긍정적,긍정적,알 수 없음,알 수 없음,알 수 없음
2022-06,"대구가 신선하지 않아요~~
오뎅탕을 드세요~^^",부정적,부정적,부정적,긍정적,알 수 없음
2022-04,혼자가서 식사해도 부담없어요. 국물도 칼칼해서 좋구 맛있어요,긍정적,긍정적,긍정적,알 수 없음,알 수 없음
2022-08,좋아요,긍정적,긍정적,알 수 없음,알 수 없음,알 수 없음
2022-10,굿,긍정적,긍정적,긍정적,알 수 없음,알 수 없음
2022-07,좋아요,긍정적,긍정적,알 수 없음,알 수 없음,알 수 없음
2022-06,👍👍,긍정적,긍정적,긍정적,알 수 없음,알 수 없음
2022-05,맛있어요~,긍정적,긍정적,긍정적,알 수 없음,알 수 없음
2022-06,굿,긍정적,긍정적,긍정적,알 수 없음,알 수 없음
2022-01,메뉴가 거의 단일메뉴에 가까운데 오래 걸리네요.,부정적,부정적,알 수 없음,부정적,긍정적
2022-01,"🐟😋👍존맛 다만 위에 뿌려져잇는 고춧가루가 맵찔이나
위가 약한 사람에게 속쓰림 유발할수잇음",긍정적,긍정적,긍정적,부정적,알 수 없음
2021-12,국물은 찐하고 대구는 실하고..존맛..,긍정적,긍정적,긍정적,알 수 없음,알 수 없음
2022-05,날씨가 더운날 먹긴는 매장이 너무 덥네요,부정적,부정적,알 수 없음,부정적,알 수 없음
2021-12,추운날엔 오만대만한게 없어요ㅠㅠ,부정적,긍정적,알 수 없음,긍정적,알 수 없음
2022-03,好,긍정적,긍정적,알 수 없음,알 수 없음,알 수 없음
2022-03,좋아요,긍정적,긍정적,알 수 없음,알 수 없음,알 수 없음
2022-01,굿,긍정적,긍정적,긍정적,알 수 없음,알 수 없음
2022-02,굿,긍정적,긍정적,긍정적,알 수 없음,알 수 없음
2022-01,굿,긍정적,긍정적,긍정적,알 수 없음,알 수 없음
2022-02,굿,긍정적,긍정적,긍정적,알 수 없음,알 수 없음
2021-08,제 최애집입니다! 너무 맛있어요~해장에듀 좋고 겨울에는 맨날 먹고 싶어요,긍정적,긍정적,긍정적,긍정적,알 수 없음
2021-11,맛있어요,긍정적,긍정적,긍정적,알 수 없음,알 수 없음
2021-12,굿 맛나요,긍정적,긍정적,긍정적,알 수 없음,알 수 없음
2021-12,시~~~~원한 국물 생각날때 딱!,긍정적,긍정적,긍정적,알 수 없음,알 수 없음
2022-02,무난해요,부정적,부정적,알 수 없음,알 수 없음,알 수 없음
2021-08,시원한 오만대,긍정적,긍정적,긍정적,알 수 없음,알 수 없음
2021-10,좋아요,긍정적,긍정적,알 수 없음,알 수 없음,알 수 없음
2022-03,맛나요,긍정적,긍정적,긍정적,알 수 없음,알 수 없음
2021-04,대구탕 시원하고 맛있어요 오만대도 추천,긍정적,긍정적,긍정적,알 수 없음,알 수 없음
2021-05,역쉬 맛나요,긍정적,긍정적,긍정적,알 수 없음,알 수 없음
2021-10,맛나요,긍정적,긍정적,긍정적,알 수 없음,알 수 없음
2021-02,시원하구 맛있어요,긍정적,긍정적,긍정적,알 수 없음,알 수 없음
2021-02,오뎅탕 오만대 굿굿,긍정적,긍정적,긍정적,알 수 없음,알 수 없음
2021-02,맛집,긍정적,긍정적,알 수 없음,알 수 없음,알 수 없음
2021-02,깔끔해요,긍정적,긍정적,알 수 없음,긍정적,알 수 없음
2021-01,좋아요,긍정적,긍정적,알 수 없음,긍정적,알 수 없음
2020-09,맛있어요 술먹은 다음날 해장하기에 굿!,긍정적,긍정적,긍정적,알 수 없음,알 수 없음
2020-09,"시원한 국물
맛있는 반찬
심지어 물도 맛있다",긍정적,긍정적,긍정적,알 수 없음,알 수 없음
2021-03,시원한맛,긍정적,긍정적,알 수 없음,알 수 없음,알 수 없음
2020-12,굿,긍정적,긍정적,긍정적,알 수 없음,알 수 없음
2020-10,완전 맛있어요,긍정적,긍정적,긍정적,알 수 없음,알 수 없음
2020-10,양도 많고 맛있어요,긍정적,긍정적,긍정적,알 수 없음,긍정적
2020-10,맛있었어요 :),긍정적,긍정적,긍정적,알 수 없음,알 수 없음
2021-05,맛나요,긍정적,긍정적,긍정적,알 수 없음,알 수 없음
2020-08,오만대 정말 맛나요.,긍정적,긍정적,긍정적,알 수 없음,알 수 없음
2020-08,시원하고 맛나요,긍정적,긍정적,긍정적,알 수 없음,알 수 없음
2020-09,맛있네요,긍정적,긍정적,긍정적,알 수 없음,알 수 없음
2020-06,오만대는 단연 일품,긍정적,긍정적,긍정적,알 수 없음,알 수 없음
2020-07,음식도 빨리나오고 맛도 있습니다,긍정적,긍정적,긍정적,긍정적,알 수 없음
2020-04,시원하니 맛나요,긍정적,긍정적,긍정적,알 수 없음,알 수 없음
2020-05,좋아요좋아요좋아요 맛있어요,긍정적,긍정적,긍정적,알 수 없음,알 수 없음
2020-05,.,알 수 없음,알 수 없음,알 수 없음,알 수 없음,알 수 없음
2020-03,시원해요!!!,긍정적,긍정적,긍정적,알 수 없음,알 수 없음
2020-04,굿,긍정적,긍정적,긍정적,알 수 없음,알 수 없음
2020-02,점심먹으러 자주가요,긍정적,긍정적,알 수 없음,긍정적,알 수 없음
2020-04,굿,긍정적,긍정적,긍정적,알 수 없음,알 수 없음
2020-04,굿,긍정적,긍정적,긍정적,알 수 없음,알 수 없음
2020-02,거의 9년째 가는데.. 가격이 계속 오르네여,부정적,긍정적,알 수 없음,부정적,알 수 없음
2020-03,맛있습니다,긍정적,긍정적,긍정적,알 수 없음,알 수 없음
2019-12,"대구탕이 넘 시원하고 맛있어요.
자꾸 생각나는 맛이에요.",긍정적,긍정적,긍정적,알 수 없음,알 수 없음
2019-03,맛있어요,긍정적,긍정적,긍정적,알 수 없음,알 수 없음
