Date,Review,sentiment,Sentiment2,맛,서비스,양
2024-09,부찌에 마늘 아낌없이 넣어서 국물을 계속 먹고 싶었어요 ㅎㅎ 어렸을때 자주 갔던 집인데 정말 오랜만에 들렸는데도 변함없이 맛나더라구요! 철판구이도 버터의 은은한 향이 나도록 맛나게 구워주셔서 잘먹었습니다~ 근처 밥집에 비해 가성비도 굿 :D,긍정적,긍정적,긍정적,긍정적,긍정적
2024-10,"맛: 보통
서비스: 친절",부정적,부정적,부정적,긍정적,알 수 없음
2024-08,"사장님 친절하세요
사리추가 하셔야 푸짐하게 먹을수 있어요",긍정적,긍정적,알 수 없음,긍정적,부정적
2024-08,"맛있어요~ 라면사리 추가 필수
개인적으로 이 근처 부대찌개 중에 제일 나은 듯",긍정적,긍정적,긍정적,알 수 없음,긍정적
2024-07,부대찌개 먹고왔어요~맛도 담백하니 밑반찬도 깔끔하고 추천드려요!,긍정적,긍정적,긍정적,알 수 없음,알 수 없음
2024-05,"가성비 좋고 맛있습니다
근데 밥을 조금 더 주시면 좋을 듯합니다 부족함ㅠㅠ
하지만 자주 갑니다 ㅋㅋ",긍정적,긍정적,긍정적,부정적,부정적
2024-02,"어른들이 좋아할만한 부대찌개에요
인스턴트 가득 들어간 맛이 아니라 마늘이 가득한... 여튼 맛있습니다 ㅎ 좋아요",긍정적,긍정적,긍정적,알 수 없음,알 수 없음
2024-02,굿,긍정적,긍정적,알 수 없음,알 수 없음,알 수 없음
2023-11,일요일 영업하는 얼마없는 부대찌개집. 잘 먹었습니다. 특별한 맛은 아니었어요.,긍정적,긍정적,긍정적,알 수 없음,알 수 없음
2023-09,"오랜 단골집~
항상 친절하시고 음식 맛도 좋아요",긍정적,긍정적,긍정적,긍정적,알 수 없음
2023-10,괜찮아요,긍정적,긍정적,알 수 없음,알 수 없음,알 수 없음
2023-09,좋아요 :),긍정적,긍정적,긍정적,알 수 없음,알 수 없음
2023-07,양도 많고 음식이 금방 나와요!,긍정적,긍정적,긍정적,긍정적,긍정적
2023-07,부대찌개 맛있어요~,긍정적,긍정적,긍정적,알 수 없음,알 수 없음
2023-04,"맛은 보통입니다.
직원은 친절한 편입니다.",부정적,부정적,부정적,긍정적,알 수 없음
2023-06,부대찌개 좋아요,긍정적,긍정적,긍정적,알 수 없음,알 수 없음
2023-05,맛있어요 :),긍정적,긍정적,긍정적,알 수 없음,알 수 없음
2023-05,굿,긍정적,긍정적,긍정적,알 수 없음,알 수 없음
2023-03,빨리 준비돼서 근처에서 식사 빨리 해결하셔야 할 경우 추천합니다~,긍정적,긍정적,알 수 없음,긍정적,긍정적
2022-12,"음식도 빨리 나와서 점심으로 딱이에요
계란말이 맛있는데 부대찌개랑 가격이 비슷해요..ㅎㅎ",긍정적,긍정적,긍정적,긍정적,부정적
2023-04,부대찌개 맛있어요!!!,긍정적,긍정적,긍정적,알 수 없음,알 수 없음
2023-03,주말을 불토 식당 입니다.,긍정적,긍정적,알 수 없음,알 수 없음,알 수 없음
2022-11,가끔 철판 먹으러 오는데 너무 맛나요! 사장님이 떡 달라붙지 않는지 확인도해주시고 양도 넉넉히 주세요 ㅎㅎ 마지막에 부대찌개로 마무리하면 완벽!,긍정적,긍정적,긍정적,긍정적,긍정적
2023-04,굿,긍정적,긍정적,긍정적,알 수 없음,알 수 없음
2023-02,불호 옶는 부찌집!,부정적,부정적,부정적,알 수 없음,알 수 없음
2023-03,굿,긍정적,긍정적,알 수 없음,알 수 없음,알 수 없음
2023-03,맛나여,긍정적,긍정적,긍정적,알 수 없음,알 수 없음
2022-11,"점심 때 사람 많길래 가봤어요
양도 푸짐하고 맛도 좋아요 다음에 또 갈게요",긍정적,긍정적,긍정적,알 수 없음,긍정적
2023-03,맛있습니다,긍정적,긍정적,긍정적,알 수 없음,알 수 없음
2023-06,좋아요,긍정적,긍정적,알 수 없음,알 수 없음,알 수 없음
2022-10,음 뱅뱅사거리쪽에서 가격대비 무난해요,긍정적,긍정적,알 수 없음,알 수 없음,긍정적
2022-10,부대찌개 양 많고 맛있어요!,긍정적,긍정적,긍정적,알 수 없음,긍정적
2022-12,빨리나옴,긍정적,긍정적,알 수 없음,긍정적,알 수 없음
2022-11,좋아요,긍정적,긍정적,알 수 없음,알 수 없음,알 수 없음
2022-12,부대찌개 맛있어요,긍정적,긍정적,긍정적,알 수 없음,알 수 없음
2022-10,좋아요,긍정적,긍정적,알 수 없음,알 수 없음,알 수 없음
2022-11,좋아요,긍정적,긍정적,알 수 없음,알 수 없음,알 수 없음
2022-11,굿,긍정적,긍정적,알 수 없음,알 수 없음,알 수 없음
2022-10,맛나요,긍정적,긍정적,긍정적,알 수 없음,알 수 없음
2022-10,굿,긍정적,긍정적,알 수 없음,알 수 없음,알 수 없음
2022-10,굿,긍정적,긍정적,알 수 없음,알 수 없음,알 수 없음
2022-07,할배 완전 불친절하고 개맛없어요 진짜...도망치세요~,부정적,부정적,부정적,부정적,알 수 없음
2022-07,ㅓ,알 수 없음,알 수 없음,알 수 없음,알 수 없음,알 수 없음
2022-06,좋아요,긍정적,긍정적,알 수 없음,알 수 없음,알 수 없음
2022-04,좋아요,긍정적,긍정적,알 수 없음,알 수 없음,알 수 없음
2022-05,굿👍,긍정적,긍정적,긍정적,알 수 없음,알 수 없음
2022-06,그저그래요,부정적,부정적,알 수 없음,알 수 없음,알 수 없음
2022-03,好,긍정적,긍정적,알 수 없음,알 수 없음,알 수 없음
2022-03,굿,긍정적,긍정적,알 수 없음,알 수 없음,알 수 없음
2022-01,너무 맛있어요!!😋,긍정적,긍정적,긍정적,알 수 없음,알 수 없음
2022-06,좋아요,긍정적,긍정적,알 수 없음,알 수 없음,알 수 없음
2021-08,맛난 부대찌개와 계란말이,긍정적,긍정적,긍정적,알 수 없음,알 수 없음
2022-03,ㅡ,부정적,부정적,긍정적,부정적,부정적
2021-11,캬캬캬 진짜 갈때마다 굿굿,긍정적,긍정적,긍정적,알 수 없음,알 수 없음
2022-06,좋아요,긍정적,긍정적,알 수 없음,알 수 없음,알 수 없음
2021-12,양도 많고 맛있어요,긍정적,긍정적,긍정적,알 수 없음,긍정적
2021-11,너무 맛이3):5,긍정적,긍정적,긍정적,알 수 없음,알 수 없음
2021-09,좋아요,긍정적,긍정적,알 수 없음,알 수 없음,알 수 없음
2021-08,굿,긍정적,긍정적,긍정적,알 수 없음,알 수 없음
2021-06,그냥 부대찌개 맛이에요~,긍정적,긍정적,알 수 없음,알 수 없음,알 수 없음
2021-09,좋아요,긍정적,긍정적,알 수 없음,알 수 없음,알 수 없음
2021-05,친절해요,긍정적,긍정적,알 수 없음,긍정적,알 수 없음
2021-01,노맛 ㅠㅠ,부정적,부정적,부정적,알 수 없음,알 수 없음
2021-02,맛있어요,긍정적,긍정적,긍정적,알 수 없음,알 수 없음
2020-10,"사장님 친절하고
음식 맛있어요
요즘 7천원하는 부대찌개 잘 없어요",긍정적,긍정적,긍정적,긍정적,부정적
2020-10,부대찌개에 햄소세지쥐꼬리만큼들어있고 김치도 맛없는거들어있어서 제대로맛도안나네요 고춧가루풀은국물맛나고...,부정적,부정적,부정적,알 수 없음,긍정적
2020-08,"여러가지햄은아니지만
싸고맛있어요~~~",긍정적,긍정적,긍정적,알 수 없음,알 수 없음
2020-11,맛나요~,긍정적,긍정적,긍정적,알 수 없음,알 수 없음
2020-05,햄이정말맛있어요!마늘많이들어가고파많이들어간 좀특이한부대찌개구요~햄이고기처럼 맛있어요!!! 색다른부대찌개에요ㅎ,긍정적,긍정적,긍정적,알 수 없음,알 수 없음
2020-10,맛있어요^^,긍정적,긍정적,긍정적,알 수 없음,알 수 없음
2020-10,맛있어요^^,긍정적,긍정적,긍정적,알 수 없음,알 수 없음
2021-02,부대찌개육수 진함. 콩나물 무침맛있음,긍정적,긍정적,긍정적,알 수 없음,알 수 없음
2020-10,무난한 부대찌게 집 해장가능,긍정적,긍정적,긍정적,알 수 없음,알 수 없음
2020-07,국물이 진해서 맛있어요,긍정적,긍정적,긍정적,알 수 없음,알 수 없음
2020-07,다녀갑니다. 정심 한끼 때웠네요,긍정적,긍정적,긍정적,알 수 없음,알 수 없음
2020-06,"거의 20년 된 단골이예요 ㅎㅎㅎ
맛있어요",긍정적,긍정적,긍정적,알 수 없음,알 수 없음
2020-02,맛있어요 근데 2명이가 4명가면 테이블당 라면이 1개니까ㅋㅋㅋ 좀,부정적,긍정적,긍정적,부정적,부정적
2020-02,👏🏻,긍정적,긍정적,알 수 없음,알 수 없음,알 수 없음
2020-02,굳,긍정적,긍정적,긍정적,알 수 없음,알 수 없음
2019-05,부대찌개 넘 맛있습니다,긍정적,긍정적,긍정적,알 수 없음,알 수 없음
2019-05,jmt!!,긍정적,긍정적,긍정적,알 수 없음,알 수 없음
