Date,Review,sentiment,Sentiment2,맛,서비스,양
2024-11,"매장 깔끔하고 좋아요! 커피 너무 맛있어요...
솔티드 밀크티 엄청 짭잘하고 달고
크림라떼는 엄청 부드러워요",긍정적,긍정적,긍정적,알 수 없음,알 수 없음
2024-11,"회사 앞이라서 커피 마시러 오는데 사장님이 친절하고 음료가 맛있어요🫶🏻
그리고 오전에 오면 아아+크로와상까지 먹을 수 있어서 든든하게 아침을 시작할 수 있습니다!!
이번달은 빼빼로데이 이벤트로 크림라떼랑 솔티드 밀크티 1+1 이벤트 진행 중이라 크림라떼 먹어봤는데 넘 맛있어용!!! 리뷰에 올린 메뉴가 크림라떼입니다 ㅎㅎ
우리 오래 봐요 파라노이드!! 번창하세용!!",긍정적,긍정적,긍정적,긍정적,긍정적
2024-11,"크림커피가 맛있어요
매장도 넓고 깔끔해서 좋아요",긍정적,긍정적,긍정적,긍정적,알 수 없음
2024-10,라떼랑 치즈케익 모두 맛있어요.,긍정적,긍정적,긍정적,알 수 없음,알 수 없음
2024-10,"시그니처 크림라떼가 부드럽고 좋았어요~ 까페라떼도 고소하고 맛있어서 매우 만족스러웠고, 매장전체가 밝고 깨끗한 느낌이라 편안하게 이야기 나눌 수 있어서 좋았습니당",긍정적,긍정적,긍정적,긍정적,알 수 없음
2024-10,카페가 조용하니 공간도 넓어서 작업하기에 좋네요! 가격도 합리적인 편이고요. 앞으로도 종종 애용할 거 같아요!,긍정적,긍정적,알 수 없음,긍정적,알 수 없음
2024-11,"지금 크림라떼 리뷰 행사하고있는데
행사하기도 전에 파라노이드 크림라떼
자주 마셨어요~!! 맛있어요♡
맛있습니당ㅋㅋㅋ 인테리어도 예쁘구",긍정적,긍정적,긍정적,알 수 없음,알 수 없음
2024-11,"회사앞이라 자주오는데, 사실 회사 건물에도 카페가 있는데 거긴...안가고 굳이 나와서 여기로와요ㅎㅎ 메뉴도 많고 맛도 좋아요! 아침엔 커피사면 크로와상도 함께 주셔서 너무 조아요ㅎㅎㅎ",긍정적,긍정적,긍정적,긍정적,긍정적
2024-09,얼죽아라 항상 아이스만 먹다가 감기걸린김에 따뜻한 라떼 먹엇는데 맛잇네요,긍정적,긍정적,긍정적,알 수 없음,알 수 없음
2024-09,"점심시간 친구랑 밥먹고 커피먹으러 왓어요 ㅎㅎ
인테리어도 이쁘고 분위기도 너무 좋고
커피가 맛있네요 ㅎㅎ",긍정적,긍정적,긍정적,알 수 없음,알 수 없음
2024-11,케이크랑 커피가 이쁘네요. 직원분도 친절하세요,긍정적,긍정적,긍정적,긍정적,알 수 없음
2024-11,"좌석 간 거리도 멀고 대화하기 좋아요
커피도 맛있습니다",긍정적,긍정적,긍정적,긍정적,알 수 없음
2024-11,솔티드 밀크티 맛있어요 !!!!!! 올때마다 시켜용 !!!!!,긍정적,긍정적,긍정적,알 수 없음,알 수 없음
2024-08,"요즘 나의 카공스팟!!!

카페갈때 맛도중요하지만 불친절하면 여러번 안가게되더라구요!

친절하신데 매장도 깔끔하고 맛도좋아서 자주가용",긍정적,긍정적,긍정적,긍정적,알 수 없음
2024-11,시그니처 메뉴가 너무 맛있어요~~,긍정적,긍정적,긍정적,알 수 없음,알 수 없음
2024-07,좌석도 편하고 테이블 간격도 넓고 가격도 비싸지 않고.. 음료도 맛있습니다! 인테리어도 깔끔하고 매장도 조용해서 카공하거나 대화 나누기에 딱 좋은 곳이에요 ㅎㅎ,긍정적,긍정적,긍정적,긍정적,알 수 없음
2024-09,쾌적하고 시야가 넓어서 좋아요~ 커피도 맛있고 주차도 편합니당♡,긍정적,긍정적,긍정적,긍정적,알 수 없음
2024-11,"점심시간에 항상 이용하는 카페입니다
사장님도 친절하시고 커피도 맛있습니다 ㅎㅎ",긍정적,긍정적,긍정적,긍정적,알 수 없음
2024-11,커피가 너무 맛있어요 분위기도 좋아요,긍정적,긍정적,긍정적,알 수 없음,알 수 없음
2024-11,맛있고 매장도 깔끔해요,긍정적,긍정적,긍정적,알 수 없음,알 수 없음
2024-11,"커피가 맛있고 회사 근처라 자주와요
추천입니당👍👍👍",긍정적,긍정적,긍정적,알 수 없음,알 수 없음
2024-11,분위기 좋고 음료도 맛있어요,긍정적,긍정적,긍정적,알 수 없음,알 수 없음
2024-11,사장님이 친절하고 커피가 맛있어요 ~ ☕️,긍정적,긍정적,긍정적,긍정적,알 수 없음
2024-11,항상 친절하신 사장님 맛있는 커피 감사합니다!😀,긍정적,긍정적,긍정적,긍정적,알 수 없음
2024-10,"친구와 방문해서 수다도 떨고, 맛있는 라떼도 마셨네요.
편안한 분위기 맛있는 라떼~
좋아요.",긍정적,긍정적,긍정적,긍정적,알 수 없음
2024-05,"너무 이쁘고 감각적인 곳
처음에 솔티드 밀크티 시켰는데 크림이 맛있었다 보통 아이스로 시키면 음료를 느리게 먹는편이여서 절반정도 남기는 편인데 싹싹먹음 크림 먹을수 잇는 수저도 주시고.. 다먹자마자 커피도 시킴 후기에 커피도 맛있다고 햇어서..
와 대 존맛이다 고소한 원두 시키기 잘함! 추",긍정적,긍정적,긍정적,긍정적,알 수 없음
2024-06,"회사 앞 공간 좋은 카페에요!
여름 세일도 해서 가격이 너무 착하네요~
라떼가 고소하게 맛있어요
커피 원두 고를 수 있어요 좋아요 :-)",긍정적,긍정적,긍정적,긍정적,알 수 없음
2024-08,처음으로 푸르티 라떼 시켜봤는데괜찮았어요!,긍정적,긍정적,긍정적,알 수 없음,알 수 없음
2024-06,"인테리어가 시원하고 매력적인 카페였어요.
음료도 시원해서 잘 마시고 즐겁게 얘기하며 좋은시간 보냈습니다.",긍정적,긍정적,긍정적,긍정적,알 수 없음
2024-07,"카페가 쾌적하고 밝은 분위기라 너무 마음에 들었어요!!
거기다 메뉴 가격도 적당하고, 대화하기도 좋은 소음 수준이라 더 만족스러웠어요ㅎㅎㅎ 주말이라 그랬을 것 같지만, 양재 가면 계속 찾을 카페입니다✨️",긍정적,긍정적,알 수 없음,긍정적,긍정적
2024-11,너무 맛있어요,긍정적,긍정적,긍정적,알 수 없음,알 수 없음
2024-07,맛잇구 항상 친절하세요 적당히 조용하고좋아요!,긍정적,긍정적,긍정적,긍정적,알 수 없음
2024-08,아침에 커피시키면 크로와상이랑 같이줘서 좋아요,긍정적,긍정적,긍정적,긍정적,알 수 없음
2024-08,"회사 앞 자주 가는 곳이에요
넓고 쾌적합니다",긍정적,긍정적,알 수 없음,긍정적,알 수 없음
2024-08,크림라떼 쨩마싯써요!!,긍정적,긍정적,긍정적,알 수 없음,알 수 없음
2024-11,회사 옆 카페..넘 좋네요~,긍정적,긍정적,긍정적,알 수 없음,알 수 없음
2024-09,맛잇어용,긍정적,긍정적,긍정적,알 수 없음,알 수 없음
2024-09,라떼가 진짜 맛있어요!,긍정적,긍정적,긍정적,알 수 없음,알 수 없음
2024-05,"지인 추천으로 커피숍을 방문하였는데...커퓌 디게 맛나고 직원들도 다 친절하시고!!!
어디를 찍어도 사진이 기가 막혀요 ^^
꼭 한번이라도 커피 드시러 오시면 좋겠어용♡
(아이스랑 핫 다 다 맛나용)",긍정적,긍정적,긍정적,긍정적,알 수 없음
2024-09,라떼 맛집이에요!!!!!!! 오늘 처음 아아 시켜봤는데 안먹어봐도 맛있어요,긍정적,긍정적,긍정적,알 수 없음,알 수 없음
2024-07,"크림라떼가 완전 맛있어요.
자리도 넓고 커피 즐기기에 좋아요",긍정적,긍정적,긍정적,긍정적,알 수 없음
2024-08,매장도 넓고 쾌적해서 강남역 부근 애견동반 카페로 추천해용!,긍정적,긍정적,알 수 없음,긍정적,알 수 없음
2024-09,인테리어가 깔끔하고 커피도 넘 맛있어용,긍정적,긍정적,긍정적,알 수 없음,알 수 없음
2024-05,"매장도 넓고 메뉴가 빠르게 나와서
점심시간에 오기 좋아요!!
자주 방문하게될거같아요😆",긍정적,긍정적,알 수 없음,긍정적,알 수 없음
2024-03,"여유롭고 깔끔한 분위기입니다.

음악이 너무 크지 않아 좋았고,
비지니스 미팅이든 일상 토크든 편하게 오기 좋아보이네요!!

무엇보다 커피가 맛있습니다.
여쭤보았더니 로스팅 제조 업체가 직접 운영하는 카페라네요;
개별점포 로스터리 카페가 아니라,
전문 로스팅 회사가 운영하는 카페라네요!!

맛이 없을 수 없었네요~!
잘 마시고 갑니다~",긍정적,긍정적,긍정적,긍정적,알 수 없음
2024-07,가게가 이쁘고 음료가 맛있어용 ^_^,긍정적,긍정적,긍정적,알 수 없음,알 수 없음
2024-07,"파라노이드가 있어
출근이 행복합니다.
비가 내리는 오늘 같은 날은
커피향이 더 많이 생각나서
직장 동료와 커피 한잔 합니다.
강추 합니다^^♡♡",긍정적,긍정적,긍정적,긍정적,알 수 없음
2024-09,역시 회사근처 커피 맛. 집.,긍정적,긍정적,긍정적,알 수 없음,알 수 없음
2024-06,자주가는 곳이에요 커피맛이 좋아요*_*,긍정적,긍정적,긍정적,알 수 없음,알 수 없음
2024-08,커피가 맛있고 매장이 넓고 깨끗해요^^,긍정적,긍정적,긍정적,긍정적,알 수 없음
2024-03,"커피 맛있어요~!! 내부도 화이트 블루로 완전 깔끔~!
채광도 좋고, 대화나누기도 좋고, 굿굿굿!!ㅎ",긍정적,긍정적,긍정적,긍정적,알 수 없음
2024-06,음료도 맛있고 지인들이랑 방문하기 좋습니다!!?,긍정적,긍정적,긍정적,알 수 없음,알 수 없음
2024-07,"스무디를 처음 먹어 봤는데..
넘 맛있고
사장님도 친절하고
분위기도
최고 입니다.
또 오겠습니다^^",긍정적,긍정적,긍정적,긍정적,알 수 없음
2024-07,"테이크아웃 할인도 있어서
점심에 오기 좋아요 !",긍정적,긍정적,알 수 없음,긍정적,알 수 없음
2024-10,미팅하기 좋아유,긍정적,긍정적,알 수 없음,긍정적,알 수 없음
2024-06,파라노이드 아이스크림 진짜 맛있어요!,긍정적,긍정적,긍정적,알 수 없음,알 수 없음
2024-08,맛잇어요! ㅎㅎ,긍정적,긍정적,긍정적,알 수 없음,알 수 없음
2024-09,굿,긍정적,긍정적,알 수 없음,알 수 없음,알 수 없음
2024-03,"흐미 여기 크림라떼 제가 먹어본 곳 중에 제일제일 맛있었어요..
보통 크림라떼 먹으면 한입두입세입 먹었을때만 맛있고 그 뒤루 마시면 마실수록 끝이 보이면 맛이 없던뎅.. 🤔 여긴 한입두입만 맛있는게 아니구 처음부터 끝까지 맛나여..ㅠㅠ
청포도 에이드두 여기가 제일 맛있네여ㅠㅠㅠㅜㅠㅜㅠㅠㅠ 알갱이도 맛있구 😭😭😭😭😭 왜케 맛있쥬..? ㅠㅠ",긍정적,긍정적,긍정적,알 수 없음,알 수 없음
2024-04,커피도 디저트도 맛있구 매장도 넓어 좋아요,긍정적,긍정적,긍정적,알 수 없음,알 수 없음
2024-05,자주 가는 곳이에용 친절하시고 맛있어요🩷🩷🩷,긍정적,긍정적,긍정적,긍정적,알 수 없음
2024-05,"사무실 근처라서 종종 이용하는데, 라떼 종류 커피가 참 맛있어요. 아침에 방문하면 베이커리를 서비스로 주는데, 크로와상이 맛있어요.",긍정적,긍정적,긍정적,긍정적,알 수 없음
2024-05,커피 진하고 맛있어서 가끔 오는데 매장도 깔끔하니 좋아요!!,긍정적,긍정적,긍정적,긍정적,알 수 없음
2024-05,"커피랑 음료가 맛있어서 자주 가는 카페입니다. 들어가면 시원한 느낌이 드는 인테리어가 좋아요. 테이크아웃도 좋지만, 오후에 한적하게 머무르고 싶은 곳이에요.",긍정적,긍정적,긍정적,긍정적,알 수 없음
2024-04,커피가맛잇어요!,긍정적,긍정적,긍정적,알 수 없음,알 수 없음
2024-04,두번째 오는거지만 인테리어도 좋고 조용해서 좋습니다,긍정적,긍정적,알 수 없음,긍정적,알 수 없음
2024-04,"크림라떼 맛있고, 아이스크림도 고소하니 맛있습니다~
자주 오겠습니다!",긍정적,긍정적,긍정적,알 수 없음,알 수 없음
2024-05,"음료도 빨리 나오고 맛있어요
인테리어도 깨끗하고 넓어서 좋아요",긍정적,긍정적,긍정적,긍정적,알 수 없음
2024-03,케이크가 너무 맛있었어요. 카페 분위기가 너무 좋고 조용해서 얘기하기에 좋았습니다 😽,긍정적,긍정적,긍정적,긍정적,알 수 없음
2024-05,분위기 좋고 음료도 맛있어요😆👍,긍정적,긍정적,긍정적,알 수 없음,알 수 없음
2024-03,"은경과 데이트
리뉴얼되고 커피가 더 맛있어짐",긍정적,긍정적,긍정적,알 수 없음,알 수 없음
2024-03,"캔커피 맛있습니다.
다른데는 요새 넘 비싸져서 후덜덜하는데
요기는 가격도 저렴하고 진짜 가성템이네요!!
맛있어서 사무실에서 같이 먹으려고 종류별로 사갑니다!!",긍정적,긍정적,긍정적,부정적,긍정적
2024-03,아침에 커피 주문하면 빵도 서비스로 주고 너무 맛있아요!! 회사앞이라 자주 가는데 더 자주 가야겠아요! ㅎㅎ,긍정적,긍정적,긍정적,긍정적,알 수 없음
2024-04,원두 선택할 수 있어서 좋아요 베이커리ㅜ냄새가 너무 황홀해여...,긍정적,긍정적,긍정적,알 수 없음,알 수 없음
2024-05,커피 너무 맛있어요! 매일 갑니다 :),긍정적,긍정적,긍정적,알 수 없음,알 수 없음
2024-04,음료가 맛있고 공간이 좋아요,긍정적,긍정적,긍정적,알 수 없음,알 수 없음
2024-09,굿,긍정적,긍정적,알 수 없음,알 수 없음,알 수 없음
2024-03,분위기도 좋고 사장님도 친절하시고 조용해서 너무 좋습니다,긍정적,긍정적,알 수 없음,긍정적,알 수 없음
2024-03,여기 커피가 너무 맛있고 아침에 베이커리 주시는게 너무 좋은데 심지어 이것도 맛있어요 항상 잘 이용합니다 감사합니다,긍정적,긍정적,긍정적,긍정적,알 수 없음
2024-04,너무너무 좋아요. 강력 추천합니다..,긍정적,긍정적,긍정적,알 수 없음,알 수 없음
2024-03,너무 맛있고 자주 들려요~^^,긍정적,긍정적,긍정적,알 수 없음,알 수 없음
2024-02,테이블 간격이 넓어서 좋아요! 트레이에 커피 흘린 자국이 너무 많던데 위생은 잘 모르겠어요;;,긍정적,긍정적,알 수 없음,부정적,알 수 없음
2024-03,"인테리어도 좋고 집중하기 좋아요!
커피도 맛있어요~^^",긍정적,긍정적,긍정적,알 수 없음,알 수 없음
2024-03,카페 분위기 좋아요,긍정적,긍정적,알 수 없음,알 수 없음,알 수 없음
2024-05,맛잇어용!!,긍정적,긍정적,긍정적,알 수 없음,알 수 없음
2024-01,분위기 좋은 카페예요,긍정적,긍정적,알 수 없음,알 수 없음,알 수 없음
2024-01,라떼가 우유맛이 넘 진한 듯,긍정적,긍정적,긍정적,알 수 없음,알 수 없음
2023-11,분위기좋고 커피맛도 좋고,긍정적,긍정적,긍정적,알 수 없음,알 수 없음
2023-09,"평일 저녁에 가서 그런지 조용하고 대화하기 좋은 분위기였음
인테리어 깔끔하고 콘센트 자리도 있어서 한적할 때 노트북 작업하기도 좋을 거 같음",긍정적,긍정적,알 수 없음,알 수 없음,알 수 없음
2023-09,프로틴 쉐이크랑 밀크티 먹었음 솔직히 프로틴 쉐이크는 그냥 그렇고 밀크티는 맛있었다 매장이 넓고 쾌적해서 좋앗다!,긍정적,긍정적,긍정적,긍정적,알 수 없음
2024-04,너무맛나요,긍정적,긍정적,긍정적,알 수 없음,알 수 없음
2024-01,맛있어요,긍정적,긍정적,긍정적,알 수 없음,알 수 없음
2023-10,매장 넓고 깨끗하고 커피 도넛도 맛있어요!,긍정적,긍정적,긍정적,알 수 없음,알 수 없음
2023-08,"커피도 맛있고
내부가 환해서 좋아요
창밖을 바라볼 수 있는 좌석이 특이해요
혼자 와서 멍 때리기 좋네요 ㅎㅎ",긍정적,긍정적,긍정적,긍정적,알 수 없음
2024-01,굳,긍정적,긍정적,긍정적,알 수 없음,알 수 없음
2023-07,"환하고 아담해요
커피맛도 좋고
친절하고
무엇보다 시원해요
오늘같이 더운 날 피서하기 딱이네요
힐링 하고 갑니당",긍정적,긍정적,긍정적,긍정적,알 수 없음
2023-09,"벌써 3번째!!
단골이 된 듯!
커피맛이 입맛에 딱 맞아요",긍정적,긍정적,긍정적,알 수 없음,알 수 없음
2023-05,복숭아 어쩌구 에이드... 곤약젤리같은 게 씹히는데 너무 맛있음 .. 여름에 꼭 마셔야될 에이드임,긍정적,긍정적,긍정적,알 수 없음,알 수 없음
2023-06,매장 깔끔하고 커피도 괜찮네요 ^^,긍정적,긍정적,긍정적,알 수 없음,알 수 없음
2024-01,굿,긍정적,긍정적,알 수 없음,알 수 없음,알 수 없음
2023-07,아침에 가면 좋은곳 언젠가부터 근데 아침에 크로와상이 없네요 소소한 힐링인데 아쉬ㅜ어요,부정적,긍정적,알 수 없음,부정적,부정적
2023-11,굿,긍정적,긍정적,긍정적,알 수 없음,알 수 없음
2023-02,디저트맛집... 시그니처만 먹다가 피치..어쩌구 에이드 먹는데 이거 진짜 상큼 달달 짱맛,긍정적,긍정적,긍정적,알 수 없음,알 수 없음
2023-05,"근처 일해서 거의 매일 아침 갔습니다^^
알바분들도 친절하시고 커피가 맛있어요

그런데 에스프레소와 우유를 미리 따라 논 모습을 보고 충격을 받았는데요.
설령 단체주문이라 할지라도 그런 모습은 다른 곳에서도 못본것 같아요

한 여름 우유 잘못 먹고 배탈 날까 우려스럽네요

관리 차원의 문제라 여겨 직접 말하는 건 의미가 없을 것 같더라고요",긍정적,긍정적,긍정적,부정적,알 수 없음
2023-05,뱅뱅사거리 멋진카페,긍정적,긍정적,긍정적,알 수 없음,알 수 없음
2023-09,굿,긍정적,긍정적,알 수 없음,알 수 없음,알 수 없음
2023-01,복숭아자몽에이드 짱맛;; 안에 젤리 같은 거 있는데 너무 맛있음 ㅜㅜ 달콤상콤... 음료도 빨리 나와서 점심시간 힐링구간이에요^^*,긍정적,긍정적,긍정적,긍정적,알 수 없음
2023-07,조아요,긍정적,긍정적,알 수 없음,알 수 없음,알 수 없음
2023-07,라떼맛나요,긍정적,긍정적,긍정적,알 수 없음,알 수 없음
2023-08,굿,긍정적,긍정적,긍정적,알 수 없음,알 수 없음
2023-01,"갈때마다 느끼는데 알바생 너무 너무 불친절해요

아침에 커피구매하면 크로와상 서비스로 주시는데
복불복으로 탄 빵이 서비스로 나올 때가 많은 것 같아요….
아무리 서비스여도 질에 신경써주셨으면 합니다..",부정적,부정적,알 수 없음,부정적,부정적
2023-02,"매장 넓고 자리도 편해요!
근데 날벌레가 좀 날라다니네요....ㅠ",긍정적,긍정적,알 수 없음,부정적,알 수 없음
2023-01,아침에 일찍가면(9시전에) 크로와상을 서비스로 주는데 아주 맛나네요 ㅎ 아아는 산미 말고 바디감있는걸로 먹는데 원두 퀄리티 좋은것 같아요~ 강추합니다!,긍정적,긍정적,긍정적,긍정적,알 수 없음
2023-04,바밤바라떼 존맛이에요,긍정적,긍정적,긍정적,알 수 없음,알 수 없음
2022-11,파라노이드 라떼만 먹는편 ㅠ 당수혈할 때 꼭 오는 곳 ㅎㅎ 이날은 스모어쿠키 먹었는데 당폭발... 스트레스 풀려요,긍정적,긍정적,긍정적,알 수 없음,부정적
2023-06,굿,긍정적,긍정적,알 수 없음,알 수 없음,알 수 없음
2023-01,"커피 원두를 산미있는 것과 없는 것 선택할 수 있고, 매장도 넓고 좋습니다. 대신 점심시간은 자리가 잘 없어요.",긍정적,긍정적,긍정적,긍정적,부정적
2023-07,굿,긍정적,긍정적,알 수 없음,알 수 없음,알 수 없음
2023-01,직원이 불친절해요. 음료 맛은 괜찮아요.,부정적,부정적,긍정적,부정적,알 수 없음
2022-12,강남 일대에서 커피 가장 맛있어요… 근데 디저트도 맛있고 잘해요… 자주 가고 있지만 더 자주 갈게요!,긍정적,긍정적,긍정적,긍정적,알 수 없음
2022-12,위치랑 카페는 좋은데 맛이..,긍정적,긍정적,부정적,알 수 없음,알 수 없음
2023-02,맛도좋고 공간도 좋아요,긍정적,긍정적,긍정적,알 수 없음,알 수 없음
2022-12,맛나는 음료가 많아요,긍정적,긍정적,긍정적,알 수 없음,알 수 없음
2022-11,"베리홉은 가져가서 사진을 못찍었네요
에이드랑 라떼 둘다 달달하니 괜찮고 자리도 편해요",긍정적,긍정적,긍정적,알 수 없음,알 수 없음
2022-07,"쇼콜라파운드케익, 블루라벨원두아메리카노 주문. 깔끔한 매장 센스있는 브금, 편한 좌석, 시원한 통유리창 너무 좋아요, 아메리카노 맛도 좋구요, 쇼콜라파운드도 부담스럽게 달지 않아서 맛있게 먹었어요👍",긍정적,긍정적,긍정적,긍정적,알 수 없음
2023-06,맛있어요,긍정적,긍정적,긍정적,알 수 없음,알 수 없음
2022-12,도넛 새로 출시돼서 먹어봤는데 진짜맛있었어요!! 도넛 짱좋아하는데 이제 여기 자주올듯 ㅠㅠㅠ,긍정적,긍정적,긍정적,알 수 없음,알 수 없음
2022-12,조용하고 집중하기 좋습니다~,긍정적,긍정적,알 수 없음,긍정적,알 수 없음
2022-12,분위기깡패 시그니차도 맛잇어요,긍정적,긍정적,긍정적,알 수 없음,알 수 없음
2022-12,인스타 감성으로 쨍한 파랑에 들어갔는데 커피맛 나쁘지 않았어요 대신 가격은 좀 있어요,긍정적,긍정적,긍정적,알 수 없음,부정적
2023-03,굳,긍정적,긍정적,긍정적,알 수 없음,알 수 없음
2022-12,파라노이드 첨 갔는데 아주 만족! 도넛 왜케 맛있징?,긍정적,긍정적,긍정적,알 수 없음,알 수 없음
2022-10,콘센트 많고 작업하기 정말 좋아요,긍정적,긍정적,알 수 없음,긍정적,알 수 없음
2022-11,커피도 디저트도 맛있어요~,긍정적,긍정적,긍정적,알 수 없음,알 수 없음
2022-11,맛있어요 비싸지만....,긍정적,긍정적,긍정적,알 수 없음,알 수 없음
2022-11,회사 근처라 자주 이용해요 복숭아자두에이드 맛있어요,긍정적,긍정적,긍정적,알 수 없음,알 수 없음
2022-11,복숭아 자두 에이드 맛나용!,긍정적,긍정적,긍정적,알 수 없음,알 수 없음
2023-08,친절행6,부정적,부정적,알 수 없음,긍정적,알 수 없음
2023-08,친절해요,긍정적,긍정적,알 수 없음,긍정적,알 수 없음
2022-06,매장도 깔끔하고! 특히 밀크티랑 밀푀유 마스카포네 시켰는데 너무 너무 맛있네요💛💛 재방문 예정입니다!,긍정적,긍정적,긍정적,알 수 없음,알 수 없음
2022-12,ㆍ,알 수 없음,알 수 없음,알 수 없음,알 수 없음,알 수 없음
2022-09,주말에 조용하고 사람 없고 좋아요,긍정적,긍정적,알 수 없음,긍정적,부정적
2022-10,밤 라떼가 달달하니 맛있어요,긍정적,긍정적,긍정적,알 수 없음,알 수 없음
2022-09,디저트 맛있네요,긍정적,긍정적,긍정적,알 수 없음,알 수 없음
2022-04,"할일 하기 좋고, 콘센트도 거의 자리마다 있어요~! 커피, 디저트 가격도 합리적이에요 :) 다만 아쉬운 점이 있다면, 모든 음료를 테이크아웃 잔에 주시더라구요🥺 매장 이용 고객에게는 매장컵 사용해주시면 더 좋겠다는 생각을 했습니다!",긍정적,긍정적,긍정적,부정적,알 수 없음
2022-05,"할일 하기 좋고 쾌적해요. 👍🏻👍🏻 매장에서 마시고 가도 음료를 일회용에 주셔서, 오늘은 텀블러 챙겨왔어용",긍정적,긍정적,알 수 없음,긍정적,부정적
2022-07,파라노이드라떼 달달한데 고급진맛이에요.,긍정적,긍정적,긍정적,알 수 없음,알 수 없음
2022-05,내부가 깔끔하고 커피 맛도 깔끔해요,긍정적,긍정적,긍정적,알 수 없음,알 수 없음
2022-07,젤리식감이 들어가 잇고 상큼달콤,긍정적,긍정적,긍정적,알 수 없음,알 수 없음
2022-08,인테리어도 이쁘고 커피도 맛있어요,긍정적,긍정적,긍정적,알 수 없음,알 수 없음
2022-07,같은층에 근무해서 자주 이용하는데 음료 11잔을 시켰는데 잘못 나와서 말씀드렸더니 이미 다 알고 계시더군요 그래서 다시 주셨는데 죄송합니다 말한마디 없으시고 복숭아자몽에이드였는데 자몽이 올라가 있어서 잘못 나온거 아니냐고 여쭤보자 토핑이 그런거라고 말하시고 바로 등돌려서 한숨을 크게 에휴 쉬시던데 이게 맞는 행동인가요? 음료를 사먹으면서 기분까지 더러워 지네요,부정적,부정적,부정적,부정적,알 수 없음
2022-11,두번째,알 수 없음,알 수 없음,긍정적,긍정적,부정적
2022-07,아이스크림맛있어용,긍정적,긍정적,긍정적,알 수 없음,알 수 없음
2022-07,종이컵에 한 번 더 담아줘서 좋아요!,긍정적,긍정적,알 수 없음,긍정적,알 수 없음
2022-08,디저트 맛있어요,긍정적,긍정적,긍정적,알 수 없음,알 수 없음
2022-11,좋아요,긍정적,긍정적,알 수 없음,알 수 없음,알 수 없음
2022-03,매장도 넓찍 넓찍 하고 여기서 직접 만드신다는 바스크 치즈케이크도 2종 모두 맛나네요🥰 편하게 앉아있다 가기 좋은 카페라 자주 방문할 듯 합니다.,긍정적,긍정적,긍정적,긍정적,알 수 없음
2022-11,굿,긍정적,긍정적,알 수 없음,알 수 없음,알 수 없음
2022-09,굿,긍정적,긍정적,알 수 없음,알 수 없음,알 수 없음
2022-08,커피 맛있습니다.,긍정적,긍정적,긍정적,알 수 없음,알 수 없음
2022-07,"맛있어용
인테리어도 이뻐서 구경하는 재미도 있어요~
또갈께요",긍정적,긍정적,긍정적,알 수 없음,알 수 없음
2022-10,커피맛굿,긍정적,긍정적,긍정적,알 수 없음,알 수 없음
2022-04,"도넛이 맛있는 카페네요
이번엔 벨지움초코를 먹어봤는데
다음엔 그랜드부다페스트를 먹어보려합니다

직원들도 친절하고 잘쉬고갑니다.",긍정적,긍정적,긍정적,긍정적,알 수 없음
2022-10,맛남,긍정적,긍정적,긍정적,알 수 없음,알 수 없음
2022-06,근처에서 가장 깔끔,긍정적,긍정적,알 수 없음,긍정적,알 수 없음
2022-10,맛있어요,긍정적,긍정적,긍정적,알 수 없음,알 수 없음
2022-07,좋아요 좋아요 좋아,긍정적,긍정적,긍정적,알 수 없음,알 수 없음
2022-09,맛나요,긍정적,긍정적,긍정적,알 수 없음,알 수 없음
2022-06,"시그니처 라테
달다",긍정적,긍정적,긍정적,알 수 없음,알 수 없음
2022-04,아침에 커피사면 미니크로와상 주는데 주는날있고 안주는날있어요 맘대로에요ㅋ,긍정적,긍정적,긍정적,알 수 없음,알 수 없음
2022-08,좋아요,긍정적,긍정적,알 수 없음,알 수 없음,알 수 없음
2022-07,됴아요,부정적,긍정적,알 수 없음,알 수 없음,알 수 없음
2022-04,"커피는 양도 많고 맛있는데,
에그타르트는 냉동 제품으로…비추 입니다ㅠㅠ",부정적,부정적,긍정적,알 수 없음,긍정적
2022-04,쿠키가 통통하니 맛나네요 고르곤졸라크로아상도 맛있었어요,긍정적,긍정적,긍정적,알 수 없음,알 수 없음
2022-07,아..,부정적,부정적,알 수 없음,알 수 없음,알 수 없음
2022-06,커피가 맛있어영,긍정적,긍정적,긍정적,알 수 없음,알 수 없음
2022-08,좋아요,긍정적,긍정적,알 수 없음,알 수 없음,알 수 없음
2022-07,맛있어요,긍정적,긍정적,긍정적,알 수 없음,알 수 없음
2022-08,굿,긍정적,긍정적,긍정적,알 수 없음,알 수 없음
2022-12,굿좋아요,긍정적,긍정적,긍정적,알 수 없음,알 수 없음
2022-08,맛있어요,긍정적,긍정적,긍정적,알 수 없음,알 수 없음
2022-01,강남대로랑 거리가 좀 있지만! 주말에는 회사원들이 쉬어서!! 진짜 카페 조용하고 좋아요. 커피맛도 수준급!!!,긍정적,긍정적,긍정적,알 수 없음,알 수 없음
2022-07,친절하고 맛있어요.,긍정적,긍정적,긍정적,긍정적,알 수 없음
2021-11,"시그니처 메뉴인 파라노이드 라떼 + 블랜디드랑 브라운치즈 크로플 주문 !
메뉴도 모두 맛있었고 매장이 완전 따뜻해요 💛
테이블이 높고 콘센트가 많아서 일하기 좋은 곳 !
조용해서 분위기 좋아요 ㅎㅎ 강추 👍",긍정적,긍정적,긍정적,긍정적,알 수 없음
2022-05,너무 맛있어요!,긍정적,긍정적,긍정적,알 수 없음,알 수 없음
2022-05,넓고 음료수도 맛있어용,긍정적,긍정적,긍정적,알 수 없음,알 수 없음
2022-11,굿 좋아요,긍정적,긍정적,긍정적,알 수 없음,알 수 없음
2022-03,매장이 넓고 좌석도 많고 좋아요,긍정적,긍정적,알 수 없음,긍정적,알 수 없음
2022-03,커피가맛잇고 인테리어가 좋더라구요,긍정적,긍정적,긍정적,알 수 없음,알 수 없음
2022-07,맛나요,긍정적,긍정적,긍정적,알 수 없음,알 수 없음
2021-10,"강남에서 컴퓨터 작업하기 아주 좋은 카페를 찾았습니다! 시그니처라떼와 달달한무화과의 조합이 든든하더라구용 벽면에콘센트가2개씩 아주 많아 평일에는 직장인들이 가득할 풍경이 절로 상상이 되네요
조금 한적함을 맛보고 싶다면 주말에 가시면 좋을 거 같아요^^",긍정적,긍정적,긍정적,긍정적,알 수 없음
2022-03,비싸지만 맛있고 매장 청결 매장 넘 예뿜,긍정적,긍정적,긍정적,알 수 없음,알 수 없음
2021-10,분위기도 좋고 디저트 크로플이 정말 맛있어서 감탄사가 나오더라구요. 무화과랑 과일이 싱싱해서 크로플과 먹으니 최고의 디저트!! 인생 크로플 찾았어요. 또 와야지 🥰,긍정적,긍정적,긍정적,알 수 없음,알 수 없음
2022-03,커피가 맛있습니다,긍정적,긍정적,긍정적,알 수 없음,알 수 없음
2022-06,굿,긍정적,긍정적,알 수 없음,알 수 없음,알 수 없음
2022-02,회사출근전에 들러서 잠시 멍때리다갑니다,긍정적,긍정적,알 수 없음,긍정적,알 수 없음
2022-04,맛있고 좋아요!,긍정적,긍정적,긍정적,알 수 없음,알 수 없음
2022-08,친절해요,긍정적,긍정적,알 수 없음,긍정적,알 수 없음
2022-02,커피 맛있고 매장도 크고 청결해요!,긍정적,긍정적,긍정적,알 수 없음,알 수 없음
2022-02,매장이 깨끗합니다,긍정적,긍정적,알 수 없음,알 수 없음,알 수 없음
2022-06,굿,긍정적,긍정적,긍정적,알 수 없음,알 수 없음
2022-06,맛있,긍정적,긍정적,알 수 없음,알 수 없음,알 수 없음
2022-06,좋아요,긍정적,긍정적,알 수 없음,알 수 없음,알 수 없음
2022-01,언제와도 깔끔하고 친절해요. 분위기도 잔잔해서 너무 좋아요.,긍정적,긍정적,알 수 없음,긍정적,알 수 없음
2022-06,굿,긍정적,긍정적,알 수 없음,알 수 없음,알 수 없음
2022-01,"마론 블랜디드
첫맛은 샴푸 맛
먹다보면 바밤바 맛",부정적,부정적,부정적,알 수 없음,알 수 없음
2021-10,분위기가 좋아보여서 맨날 눈독만 들이다가 처음 가봤는데 진짜 맛있어요! 인테리어도 좋고 매장도 청결해서 좋았어요. 무엇보다 자리마다 콘센트가 두개씩 있어서 작업하기 너무너무 좋았습니다. 친구랑 녹차스콘이랑 마론블렌디드도 먹어봤는데 깜짝 놀랄만큼 맛있었어요…ㅠㅠ다음에 또 가려구요,긍정적,긍정적,긍정적,긍정적,알 수 없음
2022-02,커피맛도 좋고 오전에는 모닝빵도 함께 주셔요~^^,긍정적,긍정적,긍정적,긍정적,알 수 없음
2022-02,ㅎ항상 사람이 많네요,부정적,긍정적,알 수 없음,긍정적,부정적
2021-11,"회사근처에 조용한카페 찾다가 발견했어요.노트북작업하기 편하게 콘센트 빵빵해서 좋았고, 근처에 크로플 맛집 별로 없는데 크로플 쫀득쫀득 식감 넘 좋았어요 👍",긍정적,긍정적,긍정적,긍정적,알 수 없음
2022-03,ㅅ,부정적,긍정적,알 수 없음,알 수 없음,알 수 없음
2022-02,우연히 들르게 되어 테이크아웃 했는데 매장 안이 깔끔했어요!,긍정적,긍정적,알 수 없음,긍정적,알 수 없음
2022-05,굿,긍정적,긍정적,긍정적,알 수 없음,알 수 없음
2021-12,샌드위치 내용물이 완전 실해서 맛있고 배불렀어요. 간단하게 식사대용으로 먹기 좋고 밀크티도 넘 맛있네요! 카페 분위가 조용하고 넓고 콘센트가 자리마다있어서 노트북하기도 넘 좋을 것 같아용,긍정적,긍정적,긍정적,긍정적,긍정적
2022-02,자리는 불편한데 맛잇,긍정적,긍정적,긍정적,부정적,알 수 없음
2022-01,음료가 너무 맛있고 원두 종류가 다양해서 좋아요. 친절하시고 매장도 깨끗합니다.,긍정적,긍정적,긍정적,긍정적,알 수 없음
2022-03,커피맛은 괜찮은데 직원이 너무 불친절해서 금방 나왔습니다,부정적,부정적,긍정적,부정적,알 수 없음
2022-01,"시그니처 라떼
향도 좋고
부드러워요

카페 구석에
커피나무
열매가 달렸어요
신기해서 찰칵!!",긍정적,긍정적,긍정적,알 수 없음,알 수 없음
2021-10,매장 인테리어 되게 깔끔하고 이뻐요! 커피 맛도 맛있어요!! 지인들한테도 강추해야겠어요. 그리고 청포도리치에이드 안에 들어있는 젤리 식감도 좋고 새콤달콤해서 맛도 있고 먹는 재미도 있네요,긍정적,긍정적,긍정적,알 수 없음,알 수 없음
2022-03,바닐라라떼 맛있어요,긍정적,긍정적,긍정적,알 수 없음,알 수 없음
2022-05,굳,긍정적,긍정적,긍정적,알 수 없음,알 수 없음
2022-05,맛있어요,긍정적,긍정적,긍정적,알 수 없음,알 수 없음
2022-02,새로생겨서인지 조용하고 깨끗합니다 딸기카스테라가 생각보다 맛있었어요,긍정적,긍정적,긍정적,알 수 없음,알 수 없음
2021-10,음료랑 스콘도 맛있고 인테리어가 깔끔해서 좋았어요. 벽에 빔으로 유투브 음악 틀어주시는 것도 분위기가 좋아요.,긍정적,긍정적,긍정적,긍정적,알 수 없음
2021-11,카페가 하얗고 쾌적해서 작업에 집중하기 너무 좋았습니다! 직원분도 친절하시고 디저트랑 커피도 맛있었어요 자주 방문할 듯 하네요!! :),긍정적,긍정적,긍정적,긍정적,알 수 없음
2021-12,라떼 핫초코 밀크티 다 먹어봤는데 맛있어요,긍정적,긍정적,긍정적,알 수 없음,알 수 없음
2022-01,신라스테이서초랑 가깝습니다!!! 커피가 맛있어요!!마론블레이드는 밤맛이 진해서 맛닜어요!!!음료 추천추천,긍정적,긍정적,긍정적,알 수 없음,알 수 없음
2022-02,너무더워서 사장님께 에어컨 틀어달라고부탁드렸는데 흔쾌히틀어주셨어요 감사합니다 ❤,긍정적,긍정적,알 수 없음,긍정적,알 수 없음
2022-03,굿,긍정적,긍정적,긍정적,알 수 없음,알 수 없음
2021-10,너무너무 깔끔하고 크로플 진짜 맛있었어요!,긍정적,긍정적,긍정적,알 수 없음,알 수 없음
2022-04,굿,긍정적,긍정적,알 수 없음,알 수 없음,알 수 없음
2022-02,언제가도 맛있는 커피와 쿠키맛집 ♥,긍정적,긍정적,긍정적,알 수 없음,알 수 없음
2022-03,좋아요,긍정적,긍정적,알 수 없음,알 수 없음,알 수 없음
2022-04,굿,긍정적,긍정적,긍정적,알 수 없음,알 수 없음
2022-03,마싯어요,긍정적,긍정적,긍정적,알 수 없음,알 수 없음
2021-12,카페가 조용하고 디저트가 맛있도 카페인테리어가 좋아서 사진도 잘나와서 마음에들었어요 ㅎㅎ,긍정적,긍정적,긍정적,알 수 없음,알 수 없음
2022-01,인테리어 깔끔하고 직원친절하며 파라노이드시그니쳐 라테 깊은 맛 납니다,긍정적,긍정적,긍정적,긍정적,알 수 없음
2021-10,이 근처 볼 일이 있어서 오랜만에 재방문했는데 전보다 더 예뻐지고 커피랑 디저트 종류가 많아졌어요! 커피는 여전히 맛있네요🙆🏻‍♀️,긍정적,긍정적,긍정적,알 수 없음,알 수 없음
2021-10,콘센트가 많아서 공부하거나 일하기 좋아요! 매장도 깔끔하고 음료도 괜찮네요,긍정적,긍정적,긍정적,긍정적,알 수 없음
2022-02,커피맛있어요,긍정적,긍정적,긍정적,알 수 없음,알 수 없음
2021-09,"회사근처 새로 생긴 카페.
커피 맛나고 쪼매난 빵 서비스로 받아서 기분업.
다른 메뉴도 맛이 궁금.",긍정적,긍정적,긍정적,긍정적,알 수 없음
2022-04,좋아요,긍정적,긍정적,알 수 없음,알 수 없음,알 수 없음
2022-01,음료 맛있어요,긍정적,긍정적,긍정적,알 수 없음,알 수 없음
2022-01,너무 맛있는데 가격대가 좀 있습니다..,긍정적,긍정적,긍정적,알 수 없음,알 수 없음
2021-10,너무 예쁜곳에서 잘 놀았어요~!ㅎㅎ 카페 메뉴 다 맛있어용^^,긍정적,긍정적,긍정적,알 수 없음,알 수 없음
2021-10,카페넓고 쾌적한데다 무화과크로플 너무 맛있어요. 다음에 또 올께요 ❤❤,긍정적,긍정적,긍정적,알 수 없음,알 수 없음
2021-09,인테리어도 깔끔하고 화이트&블루의 색상조합도 예뻐요!! 음료도 넘 맛있네요♡♡,긍정적,긍정적,긍정적,알 수 없음,알 수 없음
2021-08,"간단히 대화하면서 마시기 좋아요 깔끔합니다!
직장인분들 회의하면서 있으시더라구요! 다만 너무 추워요ㅜㅜ",긍정적,긍정적,알 수 없음,긍정적,부정적
2021-09,"회사 근처에 새로 생긴 카페라서 가봤습니다.
보통 크고 힙하게 되어 있는곳은 커피 맛이 없는데, 여기는 커피맛까지 갖췄네요!
쿠폰도 있어서 점심시간에 자주 이용할 것 같습니다ㅎㅎㅎ 굳굳",긍정적,긍정적,긍정적,긍정적,알 수 없음
2022-02,좋아요,긍정적,긍정적,알 수 없음,알 수 없음,알 수 없음
2021-10,점심시간이 좀 지났는데도 대기가 좀 길었네요. 그만큼 찾는 사람은 많은 것 같은데 커피는 맛이 아주 특별한 것 같지는 않고 다른 음료는 인위적인 맛이 강한 느낌적인 느낌은 좀 있습니다. ^^;;;;,부정적,긍정적,부정적,부정적,알 수 없음
2022-02,좋아요,긍정적,긍정적,알 수 없음,알 수 없음,알 수 없음
2021-09,인테리어 넘 이뻐요ㅠㅠ 바닐라라떼 마셨는데 맛있었어요. 담에 또 방문할게용!,긍정적,긍정적,긍정적,알 수 없음,알 수 없음
2021-11,"안경 쓴 남자분, 가식적인 친절함 불편해요.",부정적,부정적,알 수 없음,부정적,알 수 없음
2021-08,오!파랑파랑 내가좋아하는 롱테이블 이시간엔 확실히한가 아메한잔 좋다 삼실들어가는길에 신규브랜드인듯 가끔와서 놀아야겠다 ㅋ,긍정적,긍정적,긍정적,알 수 없음,알 수 없음
2021-09,"라떼 맛집이네요 !!
깨끗하고 좌석이 많아서 자주 올것같아요",긍정적,긍정적,긍정적,긍정적,알 수 없음
2021-12,맛있고 이뻐요,긍정적,긍정적,긍정적,알 수 없음,알 수 없음
2021-09,"아침마다 서비스로 주시는 빵이 너무 맛있어서 이번엔 미니트리플로 구매해서 먹었어요~~
오늘도 맛있어요",긍정적,긍정적,긍정적,긍정적,알 수 없음
2021-11,커피가 맛있어요.,긍정적,긍정적,긍정적,알 수 없음,알 수 없음
2021-10,조용하고 좋았어요! 다음에 또 갈게요!,긍정적,긍정적,알 수 없음,긍정적,알 수 없음
2022-02,굿,긍정적,긍정적,긍정적,알 수 없음,알 수 없음
2021-09,카페 분위기도 좋은데 커피도 맛있었어요!🙋🏻‍♀️,긍정적,긍정적,긍정적,알 수 없음,알 수 없음
2022-02,굿,긍정적,긍정적,긍정적,알 수 없음,알 수 없음
2022-09,굿,긍정적,긍정적,알 수 없음,알 수 없음,알 수 없음
2022-02,굿,긍정적,긍정적,긍정적,알 수 없음,알 수 없음
2021-09,사무실근처에 이런느낌에 카페가 없었는데 갤러리느낌도나고 좀 멋진거같네요. 파라노이드라떼? 시그니처라고해서 먹었는데 달달한데 바닐라? 카라멜? 이런류의 커피랑 다른게 막 달지않고 맛나요,긍정적,긍정적,긍정적,긍정적,알 수 없음
2022-01,굿,긍정적,긍정적,알 수 없음,알 수 없음,알 수 없음
2021-10,직원분들 친절하고 카페 분위기 엄청 좋아요~!! 커피도 시그니쳐 먹어봤는데 엄청 독특하고 맛있어요~!!,긍정적,긍정적,긍정적,긍정적,알 수 없음
2021-09,분위기 좋아요,긍정적,긍정적,알 수 없음,알 수 없음,알 수 없음
2021-10,사원증 할인 좋아요...,긍정적,긍정적,알 수 없음,긍정적,알 수 없음
2021-09,뱅뱅사거리에 이런 곳이? 핫플느낌 낭낭하고 음료도 맛있네요~~,긍정적,긍정적,긍정적,긍정적,알 수 없음
2021-12,마싯,긍정적,긍정적,알 수 없음,알 수 없음,알 수 없음
2021-12,커피 맛있음,긍정적,긍정적,긍정적,알 수 없음,알 수 없음
2021-10,깔끔한 갬성카페에요 내부가 크고 쾌적해서 좋았어요~~!,긍정적,긍정적,알 수 없음,긍정적,알 수 없음
2021-10,"매우 맛있었습니다.
애용해야겠어요 감사합니다~",긍정적,긍정적,긍정적,알 수 없음,알 수 없음
2022-01,좋아여,긍정적,긍정적,알 수 없음,알 수 없음,알 수 없음
2021-10,진짜 존맛입니다 매일 가고있어요...,긍정적,긍정적,긍정적,알 수 없음,알 수 없음
2021-10,집앞에 새로생긴 카페 여자친구랑 같이 가기 너무 굿굿 사진 셔틀만 했네...,긍정적,긍정적,알 수 없음,긍정적,부정적
2021-10,너무 맛있습니다...진짜 마이 페이보륏 카페!!!,긍정적,긍정적,긍정적,알 수 없음,알 수 없음
2021-10,음료 진짜 맛있어요,긍정적,긍정적,긍정적,알 수 없음,알 수 없음
2021-10,음료가 맛잇어요,긍정적,긍정적,긍정적,알 수 없음,알 수 없음
2022-02,순수우유카스텔라 생각보다 퍽퍽했어요ㅠ 부드러울줄알았는데 커피는 맛있어요~ 디카페인이없는건 조금 아쉽ㅜㅠ,부정적,긍정적,부정적,알 수 없음,알 수 없음
2021-09,파라노이드 라떼가 시그니처 음료라고해서 먹어봤는데 맛있네요~!,긍정적,긍정적,긍정적,알 수 없음,알 수 없음
2021-10,신상카페,긍정적,긍정적,긍정적,긍정적,알 수 없음
2022-07,맛있습니다,긍정적,긍정적,긍정적,알 수 없음,알 수 없음
2022-03,굿,긍정적,긍정적,긍정적,알 수 없음,알 수 없음
2021-09,새로 오픈해서 좋아요,긍정적,긍정적,알 수 없음,긍정적,알 수 없음
2021-08,"피치우롱티 베스트가 맞긴맞네요
향이 너무 좋아서 담에또먹고싶네요",긍정적,긍정적,긍정적,알 수 없음,알 수 없음
2021-09,음료 너무 맛있어요 ~~,긍정적,긍정적,긍정적,알 수 없음,알 수 없음
2021-11,좋아요,긍정적,긍정적,알 수 없음,알 수 없음,알 수 없음
2021-11,좋아요,긍정적,긍정적,알 수 없음,알 수 없음,알 수 없음
2021-09,요거트 맛있어요,긍정적,긍정적,긍정적,알 수 없음,알 수 없음
2021-10,:),긍정적,긍정적,알 수 없음,알 수 없음,알 수 없음
2021-09,맛남,긍정적,긍정적,긍정적,알 수 없음,알 수 없음
2021-10,좋아요,긍정적,긍정적,알 수 없음,알 수 없음,알 수 없음
2021-09,굿,긍정적,긍정적,긍정적,알 수 없음,알 수 없음
2021-05,시그니처라떼 맛있어요! 점심엔 사람 너무 붐비던데 아침엔 한산해서 사가기 좋네요 친절하셨어요,긍정적,긍정적,긍정적,긍정적,알 수 없음
2021-01,콘센트가 많은 카페라서 노트북하기 좋은 듯!! 테이블도 흰색이라서 사진도 예쁘게 잘 나와용 :) 스콘이랑 딸기쨈 조합 짱짱!!!다음에는 노트북 들고 가려구요!!,긍정적,긍정적,긍정적,알 수 없음,알 수 없음
2021-09,맛있어요,긍정적,긍정적,긍정적,알 수 없음,알 수 없음
2020-12,생긴지 얼마안된듯 깔끔하고 조용한 분위기는 넘 좋았어요🥰콘센트 많아서 공부하거나 미팅하기 딱조음. 큰거울있어가지구 포토존도 뚝딱입니다 ㅋㅋㅋ 디저트 비줠도 굿굿 맛있게잘먹었어요😃,긍정적,긍정적,긍정적,긍정적,알 수 없음
2021-02,"분위기도 좋고 음료랑 디저트도 맛있네요!
조용하고 편안한 분위기라 공부하기도 좋을 것 같아요",긍정적,긍정적,긍정적,알 수 없음,알 수 없음
2021-08,맛있어요,긍정적,긍정적,긍정적,알 수 없음,알 수 없음
2021-04,리뉴얼해서 더 좋아졌어요,긍정적,긍정적,긍정적,알 수 없음,알 수 없음
2021-02,청결하고 카페메뉴도 맛있으나 가격이 꽤 비싸다,긍정적,긍정적,긍정적,알 수 없음,부정적
2022-01,좋아요,긍정적,긍정적,알 수 없음,알 수 없음,알 수 없음
2021-02,점심시간에 직장인들이 많아요!,긍정적,긍정적,알 수 없음,긍정적,알 수 없음
2021-03,굿,긍정적,긍정적,긍정적,알 수 없음,알 수 없음
2021-01,커피맛있어요^^,긍정적,긍정적,긍정적,알 수 없음,알 수 없음
2021-01,카페가 세련되고 이뻐요,긍정적,긍정적,알 수 없음,알 수 없음,알 수 없음
2021-02,좋아요오,긍정적,긍정적,알 수 없음,알 수 없음,알 수 없음
2021-02,좋아요.,긍정적,긍정적,알 수 없음,알 수 없음,알 수 없음
2021-02,좋아요,긍정적,긍정적,알 수 없음,알 수 없음,알 수 없음
2021-01,좋아요!!,긍정적,긍정적,긍정적,알 수 없음,알 수 없음
