Date,Review,sentiment,Sentiment2,맛,서비스,양
2024-10,"냉삼 가격이 저렴하고 고기퀄리티가 좋아서 정말 맛있었어요. 백김치 함께 익혀먹으니 완선 별미네요.
김치생삼겹전골 고기와 두부, 김치가 골고루 푸짐하게 들어있고 적당히 칼칼해서 너무 맛있었어요.",긍정적,긍정적,긍정적,알 수 없음,긍정적
2024-10,"또 이 근처에 올일이 있다면지 재방문하고 싶은 곳이였어요.
고기잡내도 없고 맛이 좋거드용~
다른 곳보다 구워먹는 재료가 다양해서 입이 즐거웠어요.
익은 파김치는 무조건 쌈싸 드셔보세요~ 정말 맛있어요!!
최애조합이라 쌈채소랑 파김치는 더 가져다 먹었네요.
된장술밥이 느끼한 속을 잡아줘서 후식으로 먹으니까 딱 좋았어요!
홀이 넓고 좌석 수가 많아서 역삼 회식장소도로도 괜찮을 것 같아요.",긍정적,긍정적,긍정적,긍정적,긍정적
2024-10,"돼지벅스~런치스푼
점심 뷔폐 2 오더 굿
오늘의 메뉴 ~ 닭볶음탕,잡채,샐러드, 김말이튀김, 청포묵김무침,깎두기, 무나물,야쿠르트, 아삭이고추무침,연두부계란국,냄비라면 무한리필
가성비 짱 ,고물가 시대에 9000원에 이걸 다 먹을 수 있으니 정말 혜자스럽네요
11시 되니 벌써 직장인들 줄서있네요 ~ ㅠ
10시30분 일빠로 와서 첫손님으로 맛있게 얌얌 먹고 왔네요
간도 적당하고 메뉴 설정도 굿, 후식 아쿠르트 쪼아쪼아
친절한 사장님과 직원분들 ~ 돈쭐 내셩^^
재방문의사 100프로",긍정적,긍정적,긍정적,긍정적,긍정적
2024-10,"강남역 냉삼집 발견!!
접근성도 좋고 손님도 많더라고요!!
냉삼도 맛있고 끓여서 먹는 짜파게티 필수
이거 킥이에요. 마지막에 요구르트도 주셨어요😆
잘 먹고가요~~~",긍정적,긍정적,긍정적,긍정적,알 수 없음
2024-10,가격이 저렴해서 걱정했는데 걱정이 무색하게 냉삼이랑 삼겹살 먹었는데 맛있어요! 찌개류도 자극적이지 않고 담백!! 👍🏻,긍정적,긍정적,긍정적,알 수 없음,알 수 없음
2024-09,돼지물갈비 독특하면서도 매콤하니 좋았습니다! 사이드로 시킨 푸즐리콘크림이랑 백김치말이국수도 모두 대만족이었습니다!,긍정적,긍정적,긍정적,알 수 없음,알 수 없음
2024-10,"돼지 김치찌개에 고기도 많이 들어있고
국물과 김치도 넘 맛있어용
밥 두그릇먹고 운동하고와서
배가 고팠는지 갈비살도 주문해서 많이
먹었는데 웃음이나오네요 맛있어서!!^_^",긍정적,긍정적,긍정적,긍정적,긍정적
2024-10,"냉삼 비싼데 여기는 가격도 저렴하고!
질도 양도 많아서 너무 만족했어요!
너무 맛잇어서 계속 생각나네요!",긍정적,긍정적,긍정적,알 수 없음,긍정적
2024-06,"가게 엄청넓어서 회식에 딱인듯
물갈비 맛있어서 놀랐어요!!!!
고기 굽기만 하는거보다 여기서 2차까지 국물로 좋다!
당면 맛도리이고 고기는 하나도 안질겨서 부들부들!
직원분들 사장님들 짱 친절하시구
짜계치 꼭 드세요!",긍정적,긍정적,긍정적,긍정적,알 수 없음
2024-10,"고기가 진짜 맛있어요!
가격도 저렴하고 양도 많아요!!",긍정적,긍정적,긍정적,알 수 없음,긍정적
2024-05,"시원한 해물느낌의 국물이 일품인곳입니다!
해물된장전골과 돼벅비빔국수 조합이 넘나좋아 한그릇 뚝딱해버렸네요~
창가자리도 있어 시원하고 전골종류도 다양하니 다음에 또 방문해야겠어요^^!",긍정적,긍정적,긍정적,긍정적,알 수 없음
2024-05,"여러 야채들도 같이 구워먹을 수 있어 좋아요!
고기도 맛있고 셀프코너 있어서 부족한 반찬 원하는대로 갖다먹을 수 있어 너무 좋았어요!
고기 너무 맛있었어요!!
회사 많은 곳 근처라 회식하기 좋을 것 같아요!",긍정적,긍정적,긍정적,긍정적,긍정적
2024-10,가성비도 좋고 샐러드바가 있어서 좋았어요!!! 이름부터 끌려서 들어간 곳인데 직원들도 친절하시구 반찬들도 맛있어용ㅎㅎㅎ😊,긍정적,긍정적,긍정적,긍정적,알 수 없음
2024-10,"고기가 너무 맛있습니다 질도 좋고 너무 부드러워서 좋았어용 ㅎㅎ
가게 내부도 깔끔했고 넓어서 좋았어용 히히
사장님도 엄청 친절하셔요 만족합니당 다음에 또 방문할
예정이에용 굿굿 👍🏻👍🏻👍🏻",긍정적,긍정적,긍정적,긍정적,알 수 없음
2024-08,"오늘도 정말 맛나게 먹다갑니다 ㅎㅎ
항상 갈때마다 친절하게 응대해주시고 맛난거 주셔서 감사해요💕",긍정적,긍정적,긍정적,긍정적,알 수 없음
2024-10,고기도 맛있고 사장님도 친절하십니닷,긍정적,긍정적,긍정적,긍정적,알 수 없음
2024-08,지인 추천 받고 회식이라 방문했는데 너무 친절하시고 맛있어요 !! 삼겹살 목살 다른 사이드메뉴도 💖(っ◔◡◔)っ ♥ jmt ♥💖❤️ 다음에 또 갈게요,긍정적,긍정적,긍정적,긍정적,알 수 없음
2024-08,"아니 ,, 먹누라 정신 없어서 사진이 없어요 ,,,,, 다들 너무 맛있는데 아니 진짜 다들 안가세요 !!!!!!!! ????? 파김치? 존맛탱 ,,,된장술밥 미쳤구요 ! 제 배는 더 나와서 미쳤습니다 ,, 다들 맛난거 먹으러 꼭 가세유!!!",긍정적,긍정적,긍정적,알 수 없음,긍정적
2024-07,우선 가성비최고!!그리고 메뉴 구성이 다양해서 가족이 같이 와도 단체로 와도 모두의 의견 반영 가능할듯오,긍정적,긍정적,긍정적,긍정적,긍정적
2024-06,"가성비도 좋고 맛있는 강남역맛집 찾아서 좋아요 ㅎㅎ
다음에 또 방문할게요!!",긍정적,긍정적,긍정적,긍정적,알 수 없음
2024-06,철판에 특이하게 물갈비처럼 나와서 신기했어요 짜치계는 무조건 시켜야합니다 🫡,긍정적,긍정적,긍정적,알 수 없음,알 수 없음
2024-08,지인들이랑 가볍게 밥 먹으로 들렸는데 너~~~무 맛있게 먹었습니다!! 추천추천!,긍정적,긍정적,긍정적,알 수 없음,알 수 없음
2024-05,"소갈비살 맛집 삼겹살도 맛있고 술국밥도 정말 맛있어요.(밥도듁)

여긴
사장님이 정말 친절하고 반찬도 맛있어요~

역심동 오시면 돼지벅스 추천!!♥️",긍정적,긍정적,긍정적,긍정적,알 수 없음
2024-08,오늘 같이 일하는 동료들과 같이 저녁먹으러 방문했는데 고기질도 좋고 맛도 너무 좋아요!!! 또 올게요,긍정적,긍정적,긍정적,긍정적,알 수 없음
2024-04,"가성비 좋아서 단체회식하기 너무 좋은거같아요! :)
맛도 딱 먹기좋은 삼겹살이고, 비빔국수랑 먹으니까 확실히 더 맛있어요!",긍정적,긍정적,긍정적,알 수 없음,알 수 없음
2024-07,가볍게 저녁 한잔 하기 좋아요!,긍정적,긍정적,알 수 없음,긍정적,부정적
2024-01,"가성비 짱! 회식 장소로 강남맛집 ""돼지벅스""

2호선, 신분당 강남역 4번 출구에서 뱅뱅사거리로 오다가 죄회전해서 역삼 소나무공원 쪽으로 오면 841m지점에 위치한 고기집으로
1.5층 같은 1층인데, 계단으로 올라가면 ""돼지벅스""의 출입문이 나옵니다.

돼지벅스는 새로 생긴지 얼마 되지 않아서 인테리어도 깨끗하고 깔끔한 매장으로, 고기질도 좋고, 셀프바의 음식들이 정갈하고 맛 있으며 직원분들이 하나같은 친절한 곳입니다.
점심시간에 먹기에도 좋은 메뉴들과 무난한 맛, 가성비 좋은 가격이지만, 저녁에도 가게 내부가 은근히 넓어서 퇴근 후 직원들과의 회포를 풀수 있는 회식장소, 친구들과의 만남, 가족모임등으로 강추합니다.
@dg_bucks_ @dgbucks23",긍정적,긍정적,긍정적,긍정적,알 수 없음
2024-02,"전날 회식으로 고기 먹으러 갔는데 맘에 들어서,
오늘 점심에 해장하러 또 갔습니다.

냉삼이랑 갈비살 먹었는데, 가격대비 훌륭했고
점심엔 기본으로 후라이를 해 먹을 수 있게 돠어있어서 좋았어요.

가장 좋았던거
사장님이 손님들 부족한게 없는지 늘 살피고 챙겨주시는게 좋았어요.

또 방문하겠습니다 :)",긍정적,긍정적,긍정적,긍정적,긍정적
2024-01,"강남역회식 저렴하고 맛있었던 돼지벅스 강남역 맛집 일단 고기집이 밝고 깨끗해서 샐러드바 채소들이 아주 싱싱했어요. 왜 상차림비가 나오는지 알 수 있을만큼 관리가 잘되어있었고, 갈비살 꼭 드세요. 아주 야들야들 잘넘어갑니다.",긍정적,긍정적,긍정적,긍정적,긍정적
2024-05,"사장님 친절하시고 백김치 꾸워먹는거 맛있구~
반찬에 파김치 있는데 아삭한게 넘 맛있어요!!",긍정적,긍정적,긍정적,긍정적,알 수 없음
2024-01,"친구가 오랜만에 구워먹는 고기 먹고싶다고 해서 삼겹살맛집 엄청 검색하다가 우연히 이름이 재미있는 고깃집 발견!! 후기나 한번 볼까했다가 백김치와 파김치에 홀려서 가게되었는데, 진짜 고기맛집이었어요. 생삼겹살, 생목살, 냉삼겹살 다 맛있어요. 나머지 사이드 메뉴도 다 먹어보고싶어요. 조만간 또 갈듯~~ 강추!!!",긍정적,긍정적,긍정적,긍정적,알 수 없음
2024-01,"깔끔하고 질좋은 고기집으로 이른저녁인데도 사람이 많았어요.고기집에서 푸즐리콘크림이도 색다르게 있고 국물떡볶이도 정말 맛있었습니다.
후식으로 요구르트도 주시고 계산할때 사장님께세 페부리즈까지 챙겨주셔서 감사했습니다.",긍정적,긍정적,긍정적,긍정적,알 수 없음
2024-10,아조아,긍정적,긍정적,알 수 없음,알 수 없음,알 수 없음
2024-02,"갑자기 너무 냉삼이 먹고싶어서..전에 먹어 보고 정말 반했어요~!!!
냉삼 정말 맛있는곳 추천합니다 👍
정말 회식하기에도 가족, 친구들끼리 오기 좋은 곳이에요
고기 정말 맛있구요. 특히 고기랑 먹는 백김치, 파김치 짱짱 맛있어요~~^^
직원분들 일 엄청 잘하고 친절해요
고기는 여기 무조건이에요
다음에도 재방문할게요 맛있게 잘먹고 왔어요👍👍👍👍",긍정적,긍정적,긍정적,긍정적,알 수 없음
2024-01,"강남대로를 따로 이동하다가
뱅뱅사거리 바로 인근에 위치한
한 고깃집에 들러보았다.

요즘 물가에
냉삼겹 1인분 9,500원,
생삼겹 1인분 11,500원이란 특별함에
무척 놀라웠던 강남역삼겹살집.

거기에 더해
솥뚜껑에 구워먹는 삼겹살과 백김치의 존재,
일품메뉴 속 특색있는 먹거리들은 맛까지 훌륭했다.

부담없이 들러 시간을 보내기 좋은 고깃집
돼지벅스였다.",긍정적,긍정적,긍정적,긍정적,긍정적
2024-04,생삼겹살 + 생목살 + 돼벅비빔국수 + 볶음밥 을 먹었어요 !! 고기 질이 진짜 좋아 너무 맛있고 푸짐하더라구요 ~ 가성비 진짜 좋았어요 ( ´∀｀ )b,긍정적,긍정적,긍정적,알 수 없음,긍정적
2024-02,"가성비 좋아보여 방문했는데 고기뿐만 아니라 사이드 밑반찬 전부 맛있어요ㅠㅠ
특히 기름에 구워먹는 저 백김치가 킥입니다👍
웨이팅 넘 길어지면 곤란해요~🥺😭ㅎㅎ
저희 엄마도 만족하셔서 다음에 또 재방문할게요!!🥰",긍정적,긍정적,긍정적,부정적,알 수 없음
2024-02,"가성비 찐 맛집!! 가격은 저렴한데 고기가 신선하고 맛있었어요~ 같이 나오는 백김치는 신선한 조합이였는데 이게 생삼겹과 찰떡궁합이였고 소갈비살도 소스에 찍어먹으니 부드럽고 입에서 살살 녹았어요👍
고기로 배채우고 면사리추가해서 먹었는데 와 이거 꼭 먹어야됨요 고기구운 팬에 라면끓여먹는 게 너무 맛있었어요 남은 깻잎 꼭 넣어드세요 꼭!!!!
그리고 배가 불러도 입이 좀 아쉽다 생각이 되면 비빔냉면이랑 백김치말이국수 시켜서 나눠먹으면 됩니다 저는 비냉이 냉면집 맛이여서 참 좋았고 같이 온 일행은 백김치말이국수가 깔끔하고 시원하게 마무리를 지어줬다고 아주 만족해했어요ㅎㅎ
비싼 강남에서 부담없이 마음껏 먹부림한 시간이였습니다 다음에는 다른 메뉴들로 먹어봐야겠어요 강추!!!",긍정적,긍정적,긍정적,긍정적,긍정적
2023-12,"우선 파김치가 겁나 맛있는데 셀프바에서 계속 먹을 수 있어서 너무 행복했다.
고기는 어디 가서 볼 수 없는 가격인데 퀄리티도 상당히 좋아서 갓성비가 아닐까 싶다.
된장술국에 볶음밥까지 먹느라 배가 터지는줄 ~~
하이볼도 파는데 바에서 파는 맛이랑 비슷해서 하이볼 좋아하는 사람들한테도 좋을 것 같다 !",긍정적,긍정적,긍정적,긍정적,긍정적
2024-02,"우리동네에 댕댕이동반 냉삼집이 생기다니..
너무 반가워서 달려갔어요!!
평소 냉삼 자주 먹는데 여기 고기질도 좋고 특히 파김치 최고에요ㅎㅎ
직원분들도 엄청 친절하시고 생긴지 얼마 안되서 매장도 청결하고 쾌적하고 좋더라구요
담주에 남친이랑 또 갈 예정:)",긍정적,긍정적,긍정적,긍정적,알 수 없음
2024-06,"고기의 질이 너무 좋은데다가, 가게가 고기집 답지않게 정말 깨끗합니다. 이동네 최고의 고기집입니다.",긍정적,긍정적,긍정적,긍정적,알 수 없음
2024-02,동네에있어 방문했는데 오랜만에 목살 삼겹살 맛있게먹었네요!!! 백김치가 별미구요 파김치도 맛있었어요! 다먹고 먹은 라면도 불판에끓여먹으니 맛났습니당 ^^ 또갈게요~~~,긍정적,긍정적,긍정적,알 수 없음,알 수 없음
2024-01,"고기도 맛있고
셀프바에 파김치, 대파, 마늘 등 잘되어있어요.
고기랑 대파,마늘 같이 구워먹으면 넘맛있고
파김치도 진짜 맛있음",긍정적,긍정적,긍정적,긍정적,알 수 없음
2023-12,"가성비 너무 좋은 곳이었어요!! 백김치를 구워먹은건 처음인데 의외로 너무 잘어울리더라고요?!? 백김치 계속 생각날것 같아요 ㅎㅎ 하이볼은 애플 잭다니엘 먹었는데 살짝 달달구리한게 취향저격이어서 술술 들어갔습니당✨ 삼겹살이랑도 잘어울리고요! 사장님도 정말 친절하시구 매장도 넓어서 모임하기 딱입니당,,,",긍정적,긍정적,긍정적,긍정적,긍정적
2024-10,"삼겹살과 목살 그리고 된장찌개와 짜계치까지
배부르고 든든하게 식사 하고나왔어요^^
고기가 신선하고 육질이 참 좋아서
씹는데 질기지않고 맛있게 먹었어요
나중에 또 와서 맛있게 먹을게요~~",긍정적,긍정적,긍정적,알 수 없음,긍정적
2024-03,가성비 좋아요 직원분들도 친절하시고 단체로 가기 좋아요,긍정적,긍정적,알 수 없음,긍정적,알 수 없음
2024-01,고기 뿌시고 왔어요 ㅋㅋ 새로 생긴 맛집인데 사장님 너무 친절하시고 샐러드바는 필수지만 야채를 원하는 만큼 먹을 수 있어서 좋아요. 가격도 저렴해서 오랜만에 배터지게 먹고왔습니다~!,긍정적,긍정적,긍정적,긍정적,긍정적
2024-04,아주 맛있게 잘먹었습니다. 냉삼이 별미인데 간만에 땡겨서 맛있게먹었어요.돼벅비빔국수는 매콤하고 달달해서 먹기좋았네요~~~,긍정적,긍정적,긍정적,알 수 없음,알 수 없음
2023-12,"강남중심 가성비갑 냉삼겹살집 돼지벅스
뱍김치와 함께 구워먹는 깔끔한 별미~
야채 샐러드바도 있어 파김치 무한대로
함께 먹을수 있는곳!!
비냉에 고기 한점 올려~ 하이볼 한잔!
와!! 말해뭐해!
단체회식도 가능한곳!
오늘~ 또! 냉삼 콜???",긍정적,긍정적,긍정적,긍정적,긍정적
2023-12,"고기집에서 빨간김치 아닌 백김치를 구워주는 곳은 처음인데 훨씬 깔끔하고 시원하거라구요. 좋은 조합 알아갑니다!! 저녁으로 하이볼 한잔씩 곁들이니 최고의 만찬이네요:)
++ 된장술밥이 진짜 푸짐하고 너무 맛있어요",긍정적,긍정적,긍정적,긍정적,긍정적
2023-12,"냉상 맛집이에요!
강남에서 개인적으로 냉삼 맛있는 집은 손에 꼽는 편인데 그 중에 하나로 임명했습니다!
입맛에 딱 맞았고 후추도 낭낭하게 뿌려먹을 수 있으니 좋네요 ㅎㅎ
가게 내부에 셀프바도 있어서 반찬 마음껏 먹을 수 있어서 좋았습니당!",긍정적,긍정적,긍정적,긍정적,긍정적
2024-03,진짜 음식 나오자마자 순삭 할 정도로 너무 맛있고 사장님도 너무 친절하시고 이번에 새롭게 나온 신메뉴도 너무 맛있었어요~~다음번에 또 회식 할때 올껀데 그때도 맛있게 주세요~~~,긍정적,긍정적,긍정적,긍정적,알 수 없음
2023-12,"생삼겹, 생목살 다 너무 신선하고 맛있어요 👍
백김치 같이 구워먹기에는 삼겹살이 좋구요
백김치 그냥 같이 싸먹어도 맛있어요!!
떡볶이랑 백김치말이국수도 같이 곁들이기에 좋아요
마지막에 면사리추가해 라면으로 마무리하니까 최고네요....♥️",긍정적,긍정적,긍정적,긍정적,알 수 없음
2024-01,"오랜만에 냉삼 먹었는데 넘 맛있어요!!!
김치랑 마늘 구워서 같이 먹으면 더 꿀맛이구 파김치도 맛있고 된장술밥 크림푸실리(?) 사이드 시켰던 것 다 넘넘 맛있었습니당
직원분들도 넘 친절하시구 면사리 추천해주셨는데 배불러서 못 먹어서 아쉬워요ㅠ",긍정적,긍정적,긍정적,긍정적,부정적
2024-01,"요 근처 최고 가성비+맛 다 잡은 곳!
사실 가격이 저렴하다고 느껴져서 크게 기대 안하고 갔는데 웬걸 너무너무 맛있었어요
특히 목살 너무 부드러워서 놀랐고 백김치 구워먹는 게 별미네요
반찬 다 맛있었고 야채도 싱싱해서 좋았어요
사이드도 독특한 메뉴들이 있어서 모든 취향을 만족시킬 수 있는 곳인듯",긍정적,긍정적,긍정적,긍정적,알 수 없음
2023-12,"혼밥하기좋아요~ 화장실깨끗하고~
입구옆에 나갈때 후식으로 요쿠르트도 주시고,
맥심커피한잔하니 넘 좋네요~

혼밥 눈치안보고
공기밥도 2공 먹고, 무료공기밥~
된장찌개도 새우에 우렁에~
계란도 후라이 마음껏먹고~

요즘 계란도 비싸고
어디는 공기밥 1,500. 2,000원하는데
9천원에 계란 밥 3종 반찬에 후식까지
강남권에서 이정도면 가성비 갑이네요~

다음엔 계란후라이 된장찌개 좋아하는 초등 울애들 같이와서 점심먹어야겠어요~

저녁메뉴는 고기던데,
이것도 함 먹어보고싶네요^^",긍정적,긍정적,긍정적,긍정적,긍정적
2023-12,"뱅뱅사거리에 이런 고기맛집이 있는지몰랐네요
남친이랑 고기주문 엄청하고 배터지게 먹었는데 6만원정도 나왔나.. 가성비최고에요❤️ 된장술밥이랑 꼭 같이 드세요! 존맛탱이니깐요.. 엄청 넓고 깨끗해서 지저분한고기집이랑 다르게 청결해서좋더라구요... 셀프바에서 파김치도 엄청 리필해서 먹었는데...진짜 맛있어요... 파김치랑 고기 같이 구워서먹으면 대대대존맛탱... 울회사 직원들이랑 퇴근후에 같이또와요 이번주에 ㅋㅋ 번창하세용",긍정적,긍정적,긍정적,긍정적,긍정적
2024-08,좋아요,긍정적,긍정적,알 수 없음,알 수 없음,알 수 없음
2024-02,맛있고 사장님도 엄청 친절하셔서 계속 신경써주십니다 ㅎㅎ 특히 라면 jmt라서 두번 먹었어요...!! 꼭 드시고오세욘,긍정적,긍정적,긍정적,긍정적,알 수 없음
2024-02,"중간 지점이 강남역이라
근처 검색해서 찾아간 곳인데
성공했네용:)

강남에서 이 가격대로 이정도 맛과 양은
찾기 힘들 거 같아요, 가성비 갑입니다!

저희는 냉삼겹, 냉목살 먹었는데
다음엔 생삼겹 먹어보려구요!

고기에 백김치 조합 진짜 미쳤구요
후식으로 먹은 비빔냉면은
매운거 못드시는 분들도 무조건입니다

소스 직접 개발하신 거 라는데
맵지 않고 달짝지근한게 고기 먹고
개운하게 한젓가락 하기 딱이에요!

저희 갔을 때 중앙에 단체팀 있었는데
거의 30명 정도 앉아계시는 거 같더라구요?
단체 모임, 회식 장소로도 괜찮을 거 같습니당!

고기는 정신없이 먹느라 사진을 못찍고
냉면만 찍어온 나란 사람...ㅠㅠ

강남역 가시면 꼭 가보세용!!",긍정적,긍정적,긍정적,긍정적,긍정적
2023-12,"홀서빙해주시는 분이 정말 친절해요. 고기도 맛있고, 하이볼도 정말 맛있습니다. 반찬 가짓수도 많고, 고기랑 정말 잘어울려요. 또 가고싶은곳 !",긍정적,긍정적,긍정적,긍정적,긍정적
2024-01,"생삼겹살 고기 신선하고 가성비 좋아요!
사이드 푸즐리콘크림도 존맛탱!! 요거 꼭 시켜드세요~~",긍정적,긍정적,긍정적,알 수 없음,알 수 없음
2023-12,"거의 풀로 다 맛봤는데 너무 맛있었어요!!!!!
고기는 당연 맛있었구 백김치말이국수 이거 꼭 드세요
마무리할때도 좋고 깔끔한게 진짜 맛있더라구요!!!!

면사리 추가하면 라면도 먹는데 이것도 장난 아님…!!
이거는 와서 먹어보면 또 올맛입니다 ㅎㅎ
사장님 여기 계속 있어주세요
곧 다시 올게요!!

리뷰쓰면서도 국수 또 먹고싶어요 ㅜㅜㅜ
정말 맛있게 잘 먹고 갑니다 ㅎ",긍정적,긍정적,긍정적,긍정적,긍정적
2024-01,가격도 저렴하고 너무 맛나게 잘 먹었오요 크림 파스타 같이 생긴것도 맛나고 다음에 또 올게요,긍정적,긍정적,긍정적,알 수 없음,알 수 없음
2024-01,오늘 강남 주변에 교육 받고 저번에 고기를 가성비 좋게 맛나게 먹고 간 기억이나서 오늘 점심 먹으러 들렀네용🕺🕺 김치찌개 먹었는데 계란 후라이를 해먹을수 있다는 점이 너무너무 좋아ㅛ러용🔥❤️ 저 계란 후라이덕후거든용🔥 사장님도 너무 친절하시고 반찬도 셀프바라 제가 먹고싶은 것만 담고 담고싶은 만큼만 담을수 있어서 남기지 않고 다 먹을수 있어서 너무 좋았답니당 ㅎㅎ 혼자갔는데도 불편하지 않게 맛있게 잘 먹고 왔ㅇ어용 ㅎㅎ 나갈 때 요쿠르트도 챙겨주셔서 진짜 맘에 쏙 들었습니다! 원래 사먹는 것보다 요런 곳에서 챙겨주는 요쿠르트가 존맛이잖아용 ㅋㅋㅋ 담에는 친구들 데려가서 고기 먹으랴구요!!! 백김치 구워먹는게 계속 머릿속에 맴 돕니다 ㅋㅋㅋㅋㅋ 번창하시구 새해복 많이 받으세용❤️❤️,긍정적,긍정적,긍정적,긍정적,긍정적
2024-05,역시 맛있네요,긍정적,긍정적,긍정적,알 수 없음,알 수 없음
2024-03,진짜 맛은 말이 필요 없고 너무 맛있어용 백김치 맛꿀마 진짜 너무 맛있어요ㅜ 양도 많고 배터질거 같아요 다음에는 회식하러 올게요 !! 다들 꼭 오세요 ~~~~,긍정적,긍정적,긍정적,긍정적,긍정적
2023-12,냉삼뿐만 아니라 소갈비살도 맛집이라길래 한번 주문해 보았는데 가격에 비해 질이 너무 너무 좋고 맛있어요ㅜㅜ 1인분에 18000원 밖에 안해서 좀 의심 했는데 한입 맛 보자마자 의심이 딱 없어졌네요..!!! 고기도 고긴데 후식메뉴도 진짜 개존맛탱이예요ㅜㅜㅜ 담에 꼭 또 갈거임 진짜루ㅜ,긍정적,긍정적,긍정적,긍정적,긍정적
2023-12,"고기가 맛있고 친절하세요.
다른곳과 다르게 백김치를 구워먹는데
맛있어요^^",긍정적,긍정적,긍정적,긍정적,알 수 없음
2023-12,회사 근처에 새로운 고깃집 생겨서 친구랑 같이 저녁먹으러 갔는데 사장님도 너무 친절하시고 고기도 너무 맛있어서 기분 좋게 저녁 먹고 왔습니당🕺🤍🕺 양도 충분히 배부르게 먹을만큼 나와서 넘나 기분 좋게 주말 저녁 먹었네용 담에 또 올게용😍😍 잘먹었습니당,긍정적,긍정적,긍정적,긍정적,긍정적
2024-02,"고기도 맛있고 고기 다 먹고 불판에 끓인 라면이
너무 맛있어요",긍정적,긍정적,긍정적,알 수 없음,긍정적
2024-02,가성비 갑!! 냄새도 안나고 좋네요 ㅎㅎ,긍정적,긍정적,긍정적,알 수 없음,알 수 없음
2023-12,"무심코 들어간 고깃집-!
자리도 많아서 회식하기 아주 좋아요!!
고기는 물론 사이드 메뉴까지 너무 좋아서
담에 또 재방문 하게되는 곳입니다-!!👍🏻",긍정적,긍정적,긍정적,긍정적,긍정적
2023-12,가격도 너무 착하고 고기 너무 맛있어요!! 삼겹살 목살 둘 다 맛있고 백김치도 고기기름에 구워먹으니 넘 맛있네요🤤 다 먹고 라면 추가는 꼭꼭 필수에요!! 라면 국물이 진짜 끝내줘요,긍정적,긍정적,긍정적,긍정적,긍정적
2024-03,고기 완전 맛있고 사장님과 직원분들도 짱 친절해여!!! ❤️❤️❤️,긍정적,긍정적,긍정적,긍정적,알 수 없음
2024-03,정말 맛있고 가격 대비 가성비 끝판왕입니다 모두가 가보셨으면 해요 적극 추천드립니다!!,긍정적,긍정적,긍정적,알 수 없음,알 수 없음
2024-03,냉삼 너무 맛있었고 같이 구워먹는 백김치도 진짜 맛있어요! 셀프바에 있는 파김치도 맛있어용☺️ 재방문의사 1000%입니당,긍정적,긍정적,긍정적,긍정적,알 수 없음
2023-12,"새로 오픈한 돼지고기집이 있어서 다녀왔어요!
매장도 깔끔하고 음식도 맛있었어요.
특히 파김치랑 백김치가 대박..!!",긍정적,긍정적,긍정적,알 수 없음,알 수 없음
2023-12,"가격대비 가격도 착하고 고기질도 조아요~~ 👍🏻
이것저것 사이드메뉴도 시켰봤는데 하나같이 다 맛나네요^^
친절하고 깨끗해서 모임하기 딱조았어요!
점심식사도 한다는데 담엔 식사도 하러 가봐야것어요~!!
#goooooood",긍정적,긍정적,긍정적,긍정적,알 수 없음
2023-12,"강남역에 가성비 좋은 삼겹살 맛집이에요!
셀프바에서 대파랑 파김치랑 곁들여서 구워먹으니
맛있고 고기 그람수도 넉넉해서 만족👋🏻👋🏻
하이볼도 판매하는데 요즘 넘 달달한 하이볼이 많은데일품진로 하이볼은 딱 깔끔한 맛이어서 고기랑 먹기 좋아요!",긍정적,긍정적,긍정적,긍정적,긍정적
2024-11,굿,긍정적,긍정적,긍정적,알 수 없음,알 수 없음
2024-08,맛집~~,긍정적,긍정적,알 수 없음,긍정적,알 수 없음
2023-12,고기 질이 너무 좋고 가성비 갑이에요!! 사장님도 너무 친절하시고 매장 너무 깔끔해요 ❤️ 백김치 말이 국수 너무 맛있어요 강추 강추 저녁 회식으로 꼭꼭 와보세요! 다들 ❤️🫶🏻,긍정적,긍정적,긍정적,긍정적,알 수 없음
2024-01,"고기 냄새도 안나고 처음뷰터 끝까지 맛있게 잘먹었습니다!!! 백김치 구워먹는게 신의 한수에여..🥸👍
다음엔 보뜸밥 먹으러 가겠습니당",긍정적,긍정적,긍정적,긍정적,알 수 없음
2023-12,"냉삼 너무 맛있네요!!
매장도 넓고 반찬도 맛있습니디~!!",긍정적,긍정적,긍정적,긍정적,알 수 없음
2024-06,친절해요,긍정적,긍정적,알 수 없음,긍정적,알 수 없음
2023-12,"쾌적하고 깨끗하고 사장님 친절하시고 가장 중요한 고기볶음밥라면 모두 다 맛있어요!!
웨이팅 하기 전에 모두 고고고!!",긍정적,긍정적,긍정적,긍정적,알 수 없음
2024-02,"생삼겹, 생등심 모두 맛있게 잘먹었습니다. 특제 라면도 맛있어요. 다음에 또 오겠습니다",긍정적,긍정적,긍정적,알 수 없음,알 수 없음
2023-12,"먹느라고 정신이 없어서ㅜㅜ
돼지벅스 인스타에서 가져욌오용ㅎ

정말 맛있었어요~♡
도장깨기처럼 올 때마디 다른 메뉴로 먹는 재미가 쏠쏠 하네요~^^",긍정적,긍정적,긍정적,알 수 없음,알 수 없음
2024-01,회식 모임하기 좋은 식당입니다,긍정적,긍정적,알 수 없음,긍정적,알 수 없음
2024-01,맛집이라해서 갔는데 정말 맛있었어요,긍정적,긍정적,긍정적,알 수 없음,알 수 없음
2023-12,"계란후라이 셀프로 만들어먹는거 재밌고 좋았어요 음식은 정갈하게 잘나오고 맛도 좋아요
셀프 반찬도 편하고 좋네요",긍정적,긍정적,긍정적,긍정적,알 수 없음
2023-12,"점심식사로 메뉴 고민없이 고를수있어서 좋았고 빨리 나와서 점심 시간 짧은 직장인에게는 너무좋아요~
계란후라이가 서비스라 메뉴기다리는동안 지루하지않게 맛있게 먹으면서 기다려서 더좋아요~~👍👍👍
자주 올거야 ㅋㅋ",긍정적,긍정적,긍정적,긍정적,알 수 없음
2023-12,새로 생긴지 얼마 되지않아 어떨까 하는 생각에 갔습니다. 회집이였을때도 서비스가 구려서 장사가 잘 안되던걸로 알고 있는데 여기도 6개월 넘기기 어렵지 않을까 싶습니다. 일단 기본 상차림도 없이 고기만 가져다 주시고 모든 반찬은 셀프입니다. 파김치는 맜어요. 고기를 거의 다 목고 볶음밥을 먹으려고 하는데 사장님이 여기는 면사리가 술안주로 좋다고 하시길래 면사리는 볶음면 같은건가 하는 생각도하고 추천하시길래 시켰더니 열라면을 끓여주시네요....젠장 누가 라면을 면사리라고 말하냐고요...삼겹살 먹으러 라면 먹고 나왔어요.평소 2인이서 삼겹살에 소주 3-4병은 먹고 나오는데 걍 추가없이 2병먹고 나오고 나왔습니다.손님도 없고 장사 안되면 말이라도 기분좋게 한마디 해주시면 좋았을텐데. 라면을 면사리로 둔갑...,부정적,부정적,부정적,부정적,부정적
2023-12,"새로 오픈했는데 김치찌개 맛있다고 해서 가봤어요.
점심메뉴 다양해서 좋았고,
된장찌개하고 제육 먹었는데 이것도 맛있게 먹었어요.
계란프라이를 직접 해먹을수 있는것도 재미있고,
식사후 주신 요쿠르트도 잘 마셨습니다.
다음에는 저녁에 고기도 먹어봐야겠어요.^^",긍정적,긍정적,긍정적,긍정적,긍정적
2023-12,"하이볼도 맛있고
삼겹살 목살 함께 구워 먹을 수 있는 솥이
장점이 많아요!
삼겹살 목살 맛있어요",긍정적,긍정적,긍정적,알 수 없음,긍정적
2024-01,소갈비살🐮✨,긍정적,긍정적,알 수 없음,알 수 없음,알 수 없음
2023-12,"고기와 백김치가 너무 잘 어울리고 시원한 맥주 한 모금 하니 기분좋게 하루 마무리하네요.
너무 맛있었습니다.",긍정적,긍정적,긍정적,알 수 없음,알 수 없음
2024-01,"내장탕 좋아하는데 여기 점심 메뉴로 새로 생겨서 너무 좋았어요.
맛있고 양도 많고~
역시 👍",긍정적,긍정적,긍정적,알 수 없음,긍정적
2023-11,"여태 먹은 냉삼/생삼 집 중에 최고에요! 사장님도 너무 친절하시고 반찬도 맛있고, 사이드 메뉴도 진짜 맛있네요 ㅎㅎㅎ 재방문 의사 200%입니다 ㅎㅎㅎ😆",긍정적,긍정적,긍정적,긍정적,알 수 없음
2023-12,"새로 생긴 매장이라 궁금해서 가봤는데.이게 왠일?
된찌도 맛나고 해물도 가득인데.
다들 메뉴가 모두모두 맛있다며 깜놀했음.
재방문 의사 200%",긍정적,긍정적,긍정적,긍정적,긍정적
2023-12,"가성비가 좋아서 오픈한지 얼마 안됐는데 벌써 세 번째 방문입니다.
정말 최고에요~!!!!",긍정적,긍정적,긍정적,알 수 없음,알 수 없음
2023-12,"리뷰 보고 찾아 왔는데 완전 탁월한 선택이었어요 맛있게 먹고갑니다 !!
고기 드신 후 백김치말이국수 후식으로 마무리 강추!!",긍정적,긍정적,긍정적,알 수 없음,알 수 없음
2023-12,"오늘 너무 맛있게
잘 먹었어요 특히나 사장님이 너무 친절하시고 고기 질도 너무 좋고 강남에 이렇게 가성비 좋은 고기 처음
봐요~~다음에 또 올께요~~^^
회식때 또 올께요~",긍정적,긍정적,긍정적,긍정적,알 수 없음
2024-01,"ㅎㅎ맛있게 잘 먹었습니다!! 밥이랑 계란후라이로 한그릇 다 먹고 더 먹었어요
자주 올게요!",긍정적,긍정적,긍정적,알 수 없음,긍정적
2024-03,굿굿이에요,긍정적,긍정적,긍정적,알 수 없음,알 수 없음
2023-12,"고기랑 구워먹을 백김치가 같이나오는데, 이거 엄청 별미에요!!👍 그리고 고기 구운 불판에 라면끓여먹으면 이것도 진짜 꿀맛입니다👍👍",긍정적,긍정적,긍정적,알 수 없음,알 수 없음
2024-01,친절하고 맛있어요~~,긍정적,긍정적,긍정적,긍정적,알 수 없음
2023-12,지인이랑 식사하고왔어요! 가성비도 너무 좋고 매장분위기도 좋아요 메뉴도 다양하고 친절하세요~,긍정적,긍정적,긍정적,긍정적,알 수 없음
2024-03,좋아요,긍정적,긍정적,알 수 없음,알 수 없음,알 수 없음
2023-12,친구랑 고기먹으러왔는데 맛도 있고 가성비가 너무 좋아요~~최고~!!! 또방문 할게요.,긍정적,긍정적,긍정적,알 수 없음,알 수 없음
2023-12,"주말이라 조용하네요

잘먹고 갑니다~",긍정적,긍정적,긍정적,알 수 없음,알 수 없음
2023-12,"맛있었어서 또먹으러 왔어요~~ 최고 👍 💕
역쉬~~~고기맛집",긍정적,긍정적,긍정적,알 수 없음,알 수 없음
2023-12,"회사 동료들과 단체로 맛있게 먹었습니다ㅎㅎ
냉삼 다먹고 불판위에 라면사리 미쳤네용
자주올게요 😆😆😊",긍정적,긍정적,긍정적,긍정적,긍정적
2023-12,"회사 동료와 새로생긴 돼지벅스 방문
가성비 좋다
괜찮네",긍정적,긍정적,긍정적,알 수 없음,알 수 없음
2023-12,가성비가 너무 좋아요 !!맛도 있고 직원분들도 친절해서 좋았어요~,긍정적,긍정적,긍정적,긍정적,알 수 없음
2023-12,"김치찌개 맛있어요.
잘 먹고 갑니다",긍정적,긍정적,긍정적,알 수 없음,알 수 없음
2023-12,국내산 백김치가 반포기가 올라가는 삼겹살 맛집 사장님 직원분 모두 친절하고 가게가 넓어서 회식하기에도 좋음,긍정적,긍정적,긍정적,긍정적,알 수 없음
2024-01,맛있어요 :),긍정적,긍정적,긍정적,알 수 없음,알 수 없음
2024-01,맛있어요!,긍정적,긍정적,긍정적,알 수 없음,알 수 없음
2024-01,"강남역의 새로운 고깃집 고기도 국수, 반찬 모두 깔끔 신선하고 맛있어요 ㅎㅎ
가성비 좋은 돼지벅스 좋아요 😀 😄",긍정적,긍정적,긍정적,알 수 없음,긍정적
2023-11,친절하고 맛있어요,긍정적,긍정적,긍정적,긍정적,알 수 없음
2023-12,굿이에요,긍정적,긍정적,긍정적,알 수 없음,알 수 없음
2024-01,좋아요,긍정적,긍정적,알 수 없음,알 수 없음,알 수 없음
2024-01,굿,긍정적,긍정적,긍정적,알 수 없음,알 수 없음
2023-12,좋어료,긍정적,긍정적,알 수 없음,알 수 없음,알 수 없음
2024-10,가성비 갑!,긍정적,긍정적,긍정적,알 수 없음,알 수 없음
2024-10,"점심에 운영하는 한식뷔페, 아주 만족합니다.
일대에 몇 없는 한식뷔페들 모두 가성비 극악인데 여기는 카드결제 부가세 포함 단돈 9천원에 양질의 메뉴로 구성하여 아주 만족스럽습니다. 다만 배식장소가 협소하여 불편합니다.",긍정적,긍정적,긍정적,알 수 없음,긍정적
