Date,Review,sentiment,Sentiment2,맛,서비스,양
2024-09,"오랜만에 갔지만 여전히 맛있어요!!
그동안 메뉴가 업데이트되어 없어진 메뉴도 사장님께 부탁하여 만들어주셨어요~
사장님 최고!!
모든 메뉴를 다 먹고 싶은 맘은 늘~
속좁은 내 속….을 한탄하며 다음엔 더 많이 먹어야겠어요~~~",긍정적,긍정적,긍정적,긍정적,알 수 없음
2024-11,"블루리본 연속 9년 역시 강남역 맛집이예요.
왜 리뷰가 이렇게 적을까하는 생각이 듭니다.
정말 친절하고 분위기 너무 좋아서 데이트코스로도 딱입니다",긍정적,긍정적,알 수 없음,긍정적,알 수 없음
2024-08,"오랜만에 만난 친구들과 맛있는 시간이었어요.
대식가들이라 양이 아쉬웠지만 맛은 완벽해요.
맛있는거 먹고싶을 때, 대접하고 싶을 때 다시 가려구요~~
와인과 맥주 진심 짱!!!",긍정적,긍정적,긍정적,알 수 없음,부정적
2024-09,음식이 맛있고 분위기가 좋네요. 덕분에 청모 잘 했어용 🥰🥂💓,긍정적,긍정적,긍정적,긍정적,알 수 없음
2024-05,"이번에는 오빠의 생일로 방문했습니다!
늘 그렇듯 너무 맛있는 코스였어요!ㅎㅎ
소중한사람들 생일마다 한명씩 데려가는 중인데
다들 다음에 누구랑 또 와야겠다 이야기합니다!
제철 식재료로 늘 다른 코스를 준비해주시는데
그 점이 가장 좋아요!! 새로운 음식을 맛볼수있어서
항상 기대되는 마음으로 방문합니다!ㅎㅎ
다음에 또 방문할게요! 잘 먹었습니다!ㅎㅎ",긍정적,긍정적,긍정적,긍정적,알 수 없음
2024-04,"The owner Chef, Mr. ByungYong Lee, presents contemporary Italian Cuisine based on seasonal Korean ingredients.
He studied in Japan and studies his own Culinary Arts with the convergence and harmony between Asian and European.
So, many of his cuisines are based on seasonal Korean domestic ingredients for freshness and wellness.
His restaurant has been listed onto Blue Ribbon Survy since year 2017.",긍정적,긍정적,긍정적,알 수 없음,알 수 없음
2024-10,맛있어요 ㅎㅅㅎ 잘먹었습니다,긍정적,긍정적,긍정적,알 수 없음,알 수 없음
2024-08,친절하고 음식이 맛있었습니다. 카프레제가 특히 맛있었어요.,긍정적,긍정적,긍정적,긍정적,알 수 없음
2024-07,"맛있고 양도 괜찮고 가격도 좋습니다
다만 음식이 빨리 나오는 편은 아니고...
저희 방문 때는 단체손님들이 있어서 굉장히 시끄러웠어요",긍정적,긍정적,긍정적,부정적,알 수 없음
2024-07,너무나도 특별한 집입니다. 강추,긍정적,긍정적,긍정적,긍정적,알 수 없음
2024-10,완전 너무너무 맛잇어요 😍😍,긍정적,긍정적,긍정적,알 수 없음,알 수 없음
2024-08,부모님이랑 남자친구랑 같이 방문했는데 음식 하나같이 다 맛있었어요~ 특히 에피타이져로 시켰던 이 뽈뽀! 너무 맛있었어요,긍정적,긍정적,긍정적,알 수 없음,알 수 없음
2024-03,예전 파스타집 같은 편하고 캐주얼한 느낌의 인테리어예요 가격도 맛도 나쁘지 않아요. 워낙 이쁘고 깔끔한게가 많아서 그런곳과는 느낌이 달라요 . 주차할때 타워 들어가는데 턱이 잇어 조심해해해도 없는줄 알고 가게앞에서 바로 우회전 바로 했다 차 벽에 밖앗네요 ㅠㅠ,긍정적,긍정적,긍정적,부정적,알 수 없음
2024-08,"금액대비 별로인 것 같아요..
음식이 너무 오랫동안 안나오고 메뉴 설명도 없고
기대했는데 다들 좀 실망했어요",부정적,부정적,알 수 없음,부정적,부정적
2024-08,"오랜만에 다시 방문했는데 음식이 참 맛있어요.
가격도 부담이 덜해서 다양하게 맛볼 수 있어요😍",긍정적,긍정적,긍정적,알 수 없음,알 수 없음
2024-01,"버섯 파스타를 먹었는데요..
이날도 너무 맛있었습니다.
처음 여기에 갔을때 버섯 파스타를 먹고는
다른걸 못 먹고 있어요.
이게 너무 맛있어서...
그리고 이날은 와인도 한잔씩 했는데요.
와인 초보들은.. 달달하고, 알코올 약한게 좋잖아요!
매우, 완전, 딱! 그러한 와인입니다~
이탈리아 음식에 어울리는 모스카토 와인!
백포도주라서..
달달함과 청량감이 아주 좋았구요.
디저트로는 티라미슈를 먹었는데요..
티라미슈는 크림느낌이 좀 많은 느낌..
전체적으로 매우 만족한 식사였구요.
10점 만점에 9점입니다!!",긍정적,긍정적,긍정적,긍정적,알 수 없음
2024-05,맛있는데 가격이 쎄네요~~! 파스타가 더 나은듯,긍정적,긍정적,긍정적,알 수 없음,알 수 없음
2024-01,"예약을 하고 처음 방문하게 된 이곳....
서울에서 많은 레스토랑을 가봤지만 만족감이 컸던 장소인것 같아요! 크지않은 아담한 레스토랑임에도 불구하고 메뉴규성도 알차고 종류도 많고 한국적인 음식맛부터 외국음식에 길들여진 입맛도 사로잡을만큼 음식이 정말 맛있었습니다.
또한 와인하고 먹을 음식들이 많은만큼
단체 모임이나 연인과 데이트하며 시간보내기 좋은 장소인것 같습니다.
더불어 일하는 쉐프님들도 친절하신거 같고.... 일하고계신 이쁜 여직원도 너무 친절하고 깔끔하게 먹을때마다 접시를 바로 치워주고 새접시를 가져다 주는것도 너무나 좋았습니다.
앞으로도 가게 번창했으면해욤!
나중에 또 방문하고 싶은곳이네요!",긍정적,긍정적,긍정적,긍정적,알 수 없음
2024-02,"언제가도 맛있는 라망드쉐프.
어른들도 좋아하세요.
가리비찜, 함박은 꼭 시켜야하는 메뉴.",긍정적,긍정적,긍정적,긍정적,알 수 없음
2024-04,"기대를 너무 한 걸까요
해물스파게티를 먹었는데 어패류에서 냄새가 났고
스테이크는 힘줄이 많아 잘리지가 않았어요",부정적,부정적,부정적,부정적,알 수 없음
2023-12,메뉴 하나하나 다 맛있고 신선해요! 와인도 가성비 좋은 것들이 많아서 부담없이 여러병 드실수 있어요^^ 모임으로도 데이트로도 추천해요!!,긍정적,긍정적,긍정적,긍정적,알 수 없음
2024-02,마리게리따 피자 참 맛있었어요. 모짜렐라치즈 많고 토마토소스맛 덜 나고 좋네요,긍정적,긍정적,긍정적,알 수 없음,알 수 없음
2023-11,"늦은시간 조용한 단체모임으로 제격인 곳입니다
음식 맛있고 가성비 와인도 많아 좋습니다

피자가 존맛",긍정적,긍정적,긍정적,알 수 없음,알 수 없음
2023-12,"블리리본이 8개 이상이나 있었다
처음가보는 곳이나 전화응대가 진중하고
예의있어서 마음이 갔다
이탈리아 음식에 콜키지 가능하고 20명 가까이 예약하는거이 쉽지는 않았지만. 칭구들이 만족해 해주어 나름 뿌듯했다 사장님들도 모두 친절했다
다시 가보고 싶다",긍정적,긍정적,알 수 없음,긍정적,알 수 없음
2024-02,"음식 자체는 모두 맛났고, 서비스도 만족스러웠습니다. 매장 자체도 깔끔하고 세련된 분위기여서 좋았습니다. 다만 매장이 추워서 그런지 혹은 접시가 따뜻하게 데워지지 않고 음식을 담아서 그런지, 음식이 나온뒤 금방 식어버려서 막상 음식을 다 먹을쯤이면 치즈가 굳어있고, 음식이 전체적으로 차게 식어있어서 아쉬웠습니다.",긍정적,긍정적,긍정적,긍정적,부정적
2023-09,"인생 처음으로 양식 코스요리에 도전했는데, 이보다 만족스러울 수가 없었습니다.♡
직원분, 셰프님도 너무너무 친절하시고 음식 나오는 템포가 아주 적당했습니다.
특히 처음 먹어본 한우 카르파쵸가 제일 새로운 경험이었어요.
다른 메뉴들도 너무 맛있었고, 양도 상당히 푸짐해서 배부르게 먹었습니다.
종종 방문할게요~♡",긍정적,긍정적,긍정적,긍정적,긍정적
2024-02,"방문하여 보니 인터넷 상(네이버)에 나와있는 것과 달리 콜키지 프리에서 차지를 하는 것으로 정책이 변경되었다고 통보 받았습니다.
이런 중요한 것은 업데이트를 바로 해야 할 것입니다.",부정적,부정적,알 수 없음,부정적,알 수 없음
2023-11,"맛있다는 단어보단 신기하다는 단어가 멤도는 코스 요리. 전체적으로 도전적인 요리 구성이었다.

도루묵 구이, 꽃게 파스타, 쌀알튀김을 얹은 생소한 메뉴들. 특이하다나 신기하다, 재밌다는 어휘만 멤돌았다. 그뿐이었다.

도루묵은 그 알의 식감이 특이했다. 물고기 뒷맛이 오래갔다.

꽃게 파스타는 외관 때문인지 꽃게살을 분리하면 질척해지기 때문인지 통으로 찐 게 반토막이 파스타 위에 얹어 있다. 그건 좋은데 내가 직접 살을 바르는 작업은 귀찮았다. 이걸 기대하지 않았기 때문이다.

메인인 치킨 요리는 미국 맛이 떠올랐다. 전체적으로 짜다. 와인과 페어링 되어 다소 짜다곤 후에 들었지만 나는 술을 좋아하지 않아 주문을 안했으니 주문상태에 따라 짠맛을 조절했음 어땠을까.

여러모로 많은 생각이든 식사였다.",부정적,부정적,긍정적,부정적,알 수 없음
2023-12,"지난 번 방문때 조용하고 아늑한 분위기가 좋았어서 재방문했는데, 연말이라 그런지 단체 손님이 많아서 조금 소란스러웠네요ㅠ 조금 오래 걸리긴 했지만 음식은 여전히 맛있었어요!
조용한 분위기를 원하시면 사전에 미리 확인하고 가시면 좋을 것 같습니다~!",긍정적,긍정적,긍정적,부정적,알 수 없음
2023-11,"아늑한 분위기, 요리가 맛있고, 친절합니다. 양은 좀 적은편이에요.",긍정적,긍정적,긍정적,긍정적,부정적
2023-11,"사진은 단호박 뇨끼인데요.
여기음식 전체적으로 맛있는데 이 단호박고르곤졸라뇨끼는 주문하지 마세요.
쓰고 맛없어요.
우리가 아는 뇨끼맛이 아닐뿐더러 최악입니다.
다른 맛난 음식들이 많은데 이요리가 너무 충격적이라 이것밖에 기억에 안 남네요",부정적,부정적,부정적,긍정적,알 수 없음
2023-10,식전빵부터 본메뉴들까지 넘 맛있어요ㅋㅋ 엄청 본격적인 느낌! 문에 붙어있는 블루리본들이 괜히 많은게 아니네여 우연히 왔는데 다시 방문하게될것같음,긍정적,긍정적,긍정적,긍정적,알 수 없음
2023-12,"요리가 너무 늦게 나와서 다 먹자마자 바로 일어났는데도 2시간 반이 지나있었습니다. 6시 반에 도착해서 9시에 나왔어요^^
음식이 맛있긴 했는데 인당 6만 8천원 코스이기도 하고, 샐러드 먹고 한 시간 기다렸다가 먹으면 뭐라도 맛있겠지요.
모처럼 예약해서 회사 회식으로 먹은건데 팀원들에게 너무 죄송스러웠습니다.
홀 직원은 한 명인데 단체가 저희 말고도 두 팀 더 있어서 내내 정신 없으시고, 저희는 음식 설명도 제대로 못 듣고, 언제 나오는지 물어보지도 못하고 눈치만 봤네요.
갑자기 찾아간 것도 아니고 코스요리로 예약을 한건데 대비를 전혀 안 하시다니요... 다른 단체도 있어 음식이 늦어질 수 있다는 점조차 안내받지 못했습니다.
물론 음식마다 30분이상 기다려야 한다는 얘기를 들었다면 예약할 일도 없었겠죠.",부정적,부정적,긍정적,부정적,부정적
2023-12,"맛은 보통 수준이였지만 서비스가 최악입니다
실수로 일행이 와인잔을 깼는데 오자마자 치우시면서 와인잔 값은 만원이라고 계산할때 결제하라고 하시더라구요
보통은 말이라도 괜찮냐고 해주실법한데 깨트린값부터 물어내라 하시니 기분이 좋지않았습니다
또한 제일 먼저 파스타가 나오고 다음에 스테이크가 나왔는데 그걸 다 먹을동안 피자가 계속 안나왔습니다
음식 나오는 순서도 엉망이고 술없이는 못기다릴 수준으로 음식들 사이에 텀이 굉장히 긴 편입니다
두번 갈 것 같지는 않네요
추천하지 않습니다",부정적,부정적,부정적,부정적,부정적
2023-07,"비오는 날 한적하게 첫 방문했는데 너무 좋았어요
기본적인 메뉴부터 특별한 쉐프님의 메뉴까지!
블루리본 받은데는 이유가 있는 것 같아요
저희는 바질뇨끼랑 라구파스타, 마르게리따 피자를 먹었어요 그 중 라구파스타가 가장 맛있었어요!
집이 가까워서 다음에는 파스타를 두 개 먹으러 갈거에요ㅎㅎ
직원분도 너무 친절하셔서 기분좋은 식사였습니다
다음에 또 갈게요~!",긍정적,긍정적,긍정적,긍정적,긍정적
2023-10,우연히 걷다가 발견하고 들어왔는데 너무 성공적인 식사를 할 수 있어서 너무 좋았습니다! 파스타에 그라탕까지 재방문 의사 200%!!,긍정적,긍정적,긍정적,긍정적,긍정적
2023-07,"스페셜메뉴는 시즌마다 바뀌는거같아요 ㅎㅎ
와인 종류도 많구 주문했던 된장파스타는 계속 손이 가요!!
파스타 면 외에 재료가 풍부해서 너무 좋아요!!
찹스테이크도 가성비 너무 좋습니다!!
친절하시고 메뉴도 다양하고 분위기도 좋아요!
누구랑 같이 가도 좋은 시간 보내고 오게 되네요! 🩷🩷🩷 자주 찾게 되는 맛집입니다!!",긍정적,긍정적,긍정적,긍정적,긍정적
2023-11,맛있어요!!!!!! 어란파스타 완전.... ㅜ 감동... 약간 맵긴 하지만 엄청 맵진 않아요!! 맵찔이 분들은 피해주시는 게 좋을 듯 하지만 어느정도 먹을 수 있는 분들이라면 추천.... 그리고 문어 피자 맛있습니다!! 3번?4번? 정도 방문했는데 갈때마다 만족하는 편이에요~ 그런데 솔직히 적자면 양이 좀 적고(피자는 ㄱㅊ아요 2인이면 파스타1개에 피자1개 추천).... 시끄러운 손님들이 많이 와요 ㅜ 갈때마다 단체손님들이 시끄럽게 떠들어대서 대화하기가 좀 불편하다는 점이 있습니다...,긍정적,긍정적,긍정적,부정적,부정적
2023-09,"오늘 저희 부부 기념일이라서 다녀왔는데요, 우리 동네에 이런 근사한 곳이 있었네~ 하면서 코스요리 예약하고 다녀왔습니다. 라망드 코스요리로 먹었느데요, 대화하면서 아주 적절한 타이밍에 식사가 나왔고 맛도 아주 좋았어요.

이렇게 부부나 연인끼리 오븟하게 분위기 좋은 곳에서 맛있는 음식을 먹으니 너무 좋더라고요

아내도 저도 너무 좋은 하루였어요~ 다음에 또 올게요",긍정적,긍정적,긍정적,긍정적,알 수 없음
2023-08,"스테이크 너무 잘먹었습니다.
뱅뱅사거리 피자,파스타,스테이크 맛집입니다 🥰
가게 분위기도 너무 좋아요😊
앞으로 자주 올게요 감사합니다~",긍정적,긍정적,긍정적,긍정적,알 수 없음
2023-07,"저희는 코스요리는 아녔지만
추천해주신 음식이 모두 맛있었어요
와인한잔하며 먹기에 굿~~~~
매장도 깔끔하고 직원분들도 친절은 기본
쉐프님의 서비스요리도 최고였답니다
예약한 시간이 만석임에도
너무 즐거운 시간 보내고 왔네요^^

숙소였던 이태원에서 찾아가기에 무리없었고
가족모임장소로 최고였어요~
다음에 또 뵙겠습니다❤️",긍정적,긍정적,긍정적,긍정적,알 수 없음
2023-12,항상 모임이나 데이트로 잘 가게되는 곳이에요! 특별하고 맛있는 음식들을 찾을 수 있는 식당이라 좋습니다.,긍정적,긍정적,긍정적,긍정적,알 수 없음
2023-08,"행사 있을 때마다 오는 곳💕
스폐셜 메뉴도 정말 빠짐없이 맛있고 늘 친절하세요!!
스테이크는 입에 넣은순간 녹아서 행벅😊
파스타 찐으로 맛있어요",긍정적,긍정적,긍정적,긍정적,알 수 없음
2023-12,맛있어서 친구랑 또 방문했어요!,긍정적,긍정적,긍정적,알 수 없음,알 수 없음
2023-10,함박스테이크 너무 맛있어요~~ 매장 분위기도 너무 좋고 음식도 맛있습니다 😊😊,긍정적,긍정적,긍정적,긍정적,알 수 없음
2023-08,갑자기 여동생이 지방에서 출장와서 근처 맛집 검색하다 우연히 방문했는데 시그니처메뉴인 떠먹는 함박스테이크를 추천하셔서 티본스테이크 대신시킨 파스타...채끝살인지 살치살인지 좀 질기긴했지만 파스타 찐맛집으루 인정..깊은 베이스의 크림소스 파스타는 어디서두 맛본적없는 특유의 고급스런맛인데 쉐프님 여기계실분이 아닌듯...와인종류도 많고 매장분위기도 차분해서 친구들과도 또 오고싶은곳이네요...,긍정적,긍정적,긍정적,긍정적,부정적
2023-08,친구랑 왔는데 분위기가 좋고 음식이 맛있어요! 스테이크 크기에 한번 놀라고 맛에 한번 놀랐어요! 또 올게요ㅎㅎㅎ,긍정적,긍정적,긍정적,알 수 없음,긍정적
2023-10,떠먹는 함박 너무 맛있어요 담에 또 갈게오 사장님ㅎㅎ,긍정적,긍정적,긍정적,긍정적,알 수 없음
2023-11,메뉴가 다 맛있고 인테리어가 좋아요!,긍정적,긍정적,긍정적,알 수 없음,알 수 없음
2023-11,메뉴 종류도 많고 너무 맛있어요!,긍정적,긍정적,긍정적,알 수 없음,알 수 없음
2023-07,"친한언니 부부 최애 양식당, 이젠 제게도 강남 최고 맛집이에요! 또 생각날거같아요 ㅎ",긍정적,긍정적,긍정적,긍정적,알 수 없음
2023-08,"메뉴 하나하나 정말 맛있습니다.
아담하니 분위기도 좋아요",긍정적,긍정적,긍정적,긍정적,알 수 없음
2023-10,맛있고 분위기도 좋아서 다음에 또 가고싶어요,긍정적,긍정적,긍정적,알 수 없음,알 수 없음
2023-07,회식으로 갔는데 맛있게 잘먹었습니다 친절한 직원분들 덕분에 편하게 먹었어요,긍정적,긍정적,긍정적,긍정적,알 수 없음
2023-08,음식 하나하나 다 친절히 설명해주시고 음식이 다 특별해용!! 된장 파스타 취저💟,긍정적,긍정적,긍정적,긍정적,알 수 없음
2023-08,스테이크가 너무 맛있고 분위기가 너무 좋습니다 다음에 또올게요😘,긍정적,긍정적,긍정적,긍정적,알 수 없음
2023-10,분위기도 좋고 맛있어요!!,긍정적,긍정적,긍정적,알 수 없음,알 수 없음
2023-04,"와우~ 블루리본 맛집이예요
까르보나라 스파게티는 꾸덕하기 보다는 물기가 많은 편이니 취향이있다면 미리 요청하시면 될 거예요~
시그니처인 떠먹는 함박스테이크는 특이하게 삿포로 수프카레같은 비쥬얼로 야채가 듬뿍 들어 있어서 맛있게 먹었습니다 ~",긍정적,긍정적,긍정적,긍정적,긍정적
2023-08,인테리어도 예쁘고 음식도 맛있어요!,긍정적,긍정적,긍정적,알 수 없음,알 수 없음
2023-08,"아기자기한 매장 분위기가 너무 좋아요💕
계절 맞춤 메뉴도 있고 음식도 맛있어용!!
데이트코스, 특별한 일정으로 오는 것 모두 좋습니다 :)
담엔 미리 예약하고 코스요리 먹으러 올게용",긍정적,긍정적,긍정적,긍정적,알 수 없음
2023-08,음식이 넘 맛있어요!!!!!! 뱅뱅사거리에서 자주 찾는 맛집입니다아!!!!!,긍정적,긍정적,긍정적,알 수 없음,알 수 없음
2023-04,"남자친구 생일을 맞아 코스를 예약했습니다!
그 전에 몇번 방문했어서 맛이 좋다는건 알고 있었는데.. 세상에... 무슨일이죠..? 에피타이저부터 디저트까지 세상에나 너무 맛있어서 음오아예 외치다보니 이미 디저트를 먹고 있었고 그날 목이 쉬어서 사장님께 모든음식이 너무 맛있단 말을 많이 못한게 너무 아쉽네요... 남자친구가 어디가서 이게 너무 맛있었어요! 라는 말을 잘 못하는데 가게 나오니 에피타이저로 나온 버섯요리가 너무너무 맛있었다고 하고싶었다네요ㅋㅋㅋ 정말 퓨레하나하나 정성과 시간을 들여서 많이 연구하신게 느껴지는 코스였습니다! 꽃에서 새콤한맛이 나는것도 신기했고 그맛이 요리와 잘어울려서 또 놀랐어요.. 아..이거 400자까지밖에 못적네요...? 요약하자면 코스고민중이신들 그냥 예약하십쇼! 존맛탱구리입니다",긍정적,긍정적,긍정적,긍정적,알 수 없음
2023-09,"큰기대탓이었을까
맛괜찮긴한데 간이 좀 셉니다.",부정적,부정적,긍정적,부정적,알 수 없음
2023-08,모임할 때 마다 오는데 분위기도 좋고 음식도 너무 맛있어요!,긍정적,긍정적,긍정적,긍정적,알 수 없음
2023-09,"금밤 퇴근하고 달려왔어요. 처음 와봤는데 아늑하고, 맛도 신선하고 좋았습니다. 문어 감자 애피타이저 정말 제 취향이네요! 다른 메뉴도 맛보러 또 오겠습니다. 기념일 저녁으로 만족스러워요😊",긍정적,긍정적,긍정적,긍정적,알 수 없음
2023-07,코스 요리 먹었는데 엄청 알차고 맛있었어요! 다른 데에선 먹어볼 수 없는 새로운 느낌? 사장님도 친절하시고 알바하시는 분도 음식 설명 엄청 잘해주셔서 좋았어요!!,긍정적,긍정적,긍정적,긍정적,알 수 없음
2023-07,"너무 너무 너무 맛있다! 감동을 주는 맛! 절대 만족할 맛! 가족 4명 식사하면서 모두의 입맛을 만족시킨 이 뿌듯함.^^
바지락찜 시작하실 분들은 꼭 면 추가하시길... 떠먹는 함박스테이크는 정만 존맛탱! 찹스테이크도 감자와 봄나물 같이 꼭 먹어야 할 필수 메뉴.
파스타 3개, 시푸드 토마토/버섯 오일/고등어 파스타 모두 정말 환상이었네요.
쉐프님 내공이 장난 아니다~~~라고 느끼실 곳. 강추입니다.",긍정적,긍정적,긍정적,긍정적,긍정적
2023-10,맛있고 분위기가 좋아요!!,긍정적,긍정적,긍정적,알 수 없음,알 수 없음
2023-08,맛있게 잘 먹었습니다!!,긍정적,긍정적,긍정적,알 수 없음,알 수 없음
2023-12,맛있고 좋은 사람들과 맛있게 먹으면 대화나누기 너무 좋아요,긍정적,긍정적,긍정적,긍정적,알 수 없음
2023-05,너무 좋은 시간 보냈어요. 맛도 좋고 분위기도 좋아요.,긍정적,긍정적,긍정적,알 수 없음,알 수 없음
2023-08,조용하게 먹고싶어서 일부러 역근처 음식점 말고 좀 떨어진곳으로 잡았는데 옆테이블에서 소리 꽥꽥지르며 회식해서 저는 제 상대방말이 거의 안들리는 수준이었어요. 저정도 고성이면 제지좀 시켜주면 좋겠는데. 안내해주시는 남자직원분은 진짜 너무 친절하세요.,부정적,부정적,알 수 없음,긍정적,부정적
2023-04,"맛집 발견! 앞으로 단골이 될 것 같아요.
다음에는 이틀전 예약해서 코스요리를 먹어아겠어요.",긍정적,긍정적,긍정적,긍정적,알 수 없음
2023-08,지인 추천으로 처음 왔는데 다른곳에 없는 새로운 메뉴로만 주문했는데 정말 맛있었어요! 호불호 없고 복잡한 강남에서 조용히 대화할 수 있는 장소라 추천합니다!,긍정적,긍정적,긍정적,긍정적,알 수 없음
2023-05,"여기 완전 맛있어요!
저는 여기서 주로 머쉬림 파스타를 크림소스로 해서 먹는데요..
양도 넉넉하고, 맛있습니다!
근데, 점심은 영업 안하구요..
저녁에만 이용가능해융~",긍정적,긍정적,긍정적,부정적,긍정적
2023-07,음식 맛있고 분위기 좋고 최곱니다!,긍정적,긍정적,긍정적,알 수 없음,알 수 없음
2023-02,"맛도 있고 가성비도 분위기도 너무 좋음.
양도 많아서 맛있는데 음식을 남겨서 아쉬움.
와인 킵해놓고 자주오고싶은 곳으로 찜",긍정적,긍정적,긍정적,긍정적,부정적
2023-07,한결같이 아늑하고 맛있어요~,긍정적,긍정적,긍정적,알 수 없음,알 수 없음
2023-02,"어떤 메뉴를 골라도 다 맛있는 뱅뱅사거리 맛집 입니다.
재료를 아낌없이 쓰는 오너쉐프님 덕분에 갈때마다 과식해요. 차 안가지고가서 양껏 먹고 강남역까지 일부러 걸으며 소화시켜야 합니다.",긍정적,긍정적,긍정적,긍정적,부정적
2023-08,맛있습니다~~,긍정적,긍정적,긍정적,알 수 없음,알 수 없음
2023-05,"진짜 화났어요!
7시반 예약해서 주문하고 40분 넘어서야 음식이 나오고 식전빵은 25분만에 주는게 어딨어요!
와인은 설명도 없이 그냥 막 따라주고.. 흘렸는데도 그대로 두고.. 고구마?? 그거는 양도 작았고.. 소개팅으로 만났다가 분위기만 싸해지고.. 아 정말 기분 좋지 않았습니다. 아니 금요일 저녁 토요일은 알아서 잘 대비해야 하는거 아닌가요? 손님이 많아서 늦는다는 핑계를 대는지...2테이블 밖에 없었는데.. 에휴.. 식전빵도 그냥 식빵 같은거 주고.. 다음에 또 안 갈것 같아요",부정적,부정적,부정적,부정적,부정적
2023-02,"쉐프님의 추천 메뉴는 항상 최고입니다.
👍👍👍
감사합니다.😍😍😍",긍정적,긍정적,긍정적,긍정적,알 수 없음
2023-04,음..저는 왜 블루리본인지 잘 모르겠습니다. 그냥 여기까지만 쓸꼐요.. 각자 주관적 취향인 거니까..먹은 메뉴는 햄버거스테이크와 카르보나라였는데 국물 많은 한국 스타일 카르보나라 라서 메뉴 설명과도 다소 안 맞는 것 같고..전 재방문 의사는 없습니다.,부정적,부정적,부정적,부정적,알 수 없음
2023-06,항상 맛나고 좋습니다.,긍정적,긍정적,긍정적,알 수 없음,알 수 없음
2022-12,"요리의 디테일이 살아있다는게 느껴지는 곳! 특별한 날 가셔도 정말 만족하실거예요
너무 잘먹고 행복한 크리스마스 이브 보내고 갑니다",긍정적,긍정적,긍정적,긍정적,알 수 없음
2023-07,좋아요,긍정적,긍정적,알 수 없음,긍정적,알 수 없음
2023-04,애정하는곳!,긍정적,긍정적,긍정적,긍정적,알 수 없음
2022-12,알찬 크리스마스 코스 요리 너무 좋았습니다.,긍정적,긍정적,긍정적,알 수 없음,알 수 없음
2022-09,"다른 곳에는 없는 특별한 메뉴가 있어서 갈 때마다 이번엔 어떤 새로운 메뉴가 나왔을까 궁금해지는 레스토랑이에요.
이번엔 된장 파스타와 키토 보리 새우 파스타를 먹었는데 둘 다 간도 적당하고 감칠맛이 대단했어요.
항상 재료도 아낌없이 듬뿍 넣어주셔서 더 맛있게 먹고 왔어요",긍정적,긍정적,긍정적,긍정적,긍정적
2022-09,"아들 생일 맞이해 큰맘 먹고 갔어요.가격만큼 만족도도 높았습니다.
코스요리 하나 하나가 정성을 다했음을 맛으로 음미 할 수있었습니다.
쉐프님이 친절 하셨고 아늑한 분위기의 식당 였습니다.
저희가 대학생때 먹었던 파르페보다넘 맛있는 디저트 였어요.
참 추천 해주신 하우스 와인과 같이 먹으니 더 맛났습니다.
다음에는 단품 요리 먹으러 한번 갈께요.^^",긍정적,긍정적,긍정적,긍정적,알 수 없음
2023-03,스페인처럼 저럼한 와인도 있고 글라스 와인도 있어서 다시 갈 거예요. 음식도 맛있고 유니크합니다.,긍정적,긍정적,긍정적,알 수 없음,알 수 없음
2022-12,맛있게 잘 먹었습니다!,긍정적,긍정적,긍정적,알 수 없음,알 수 없음
2022-11,생일 저녁으로 예약했는데 코스 하나하나 다 제철 재료로 신경써 주신것이 느껴져서 메뉴 하나하나 즐겁게 음미하며 식사했습니다. 다음에 또 가게 된다면 단품 메뉴도 주문해 보고 싶어요!,긍정적,긍정적,긍정적,긍정적,알 수 없음
2023-03,"요새 보기 드문 가성비 맛집이네요
재방문의사 1000%",긍정적,긍정적,긍정적,알 수 없음,알 수 없음
2022-11,"진짜 맛있게 잘 먹었습니다
단품으로 여러가지 시켜먹었는데
음식이 하나같이 다 맛있더라구요
회식, 데이트 등등 다 좋을 듯 합니다",긍정적,긍정적,긍정적,알 수 없음,알 수 없음
2022-09,음식 종류가 다양하고 맛있어여.직원분들도 친절 하고 좋습니다.또 가고 싶어요,긍정적,긍정적,긍정적,긍정적,알 수 없음
2022-12,팀 회식 하려고 예약하고 갔는데 만족스러웠어요! 아무래도 연말이라 사람이 많아서 음식이 조금 늦게 나왔는데 그래도 맛있어서 다들 만족했어요! 여러명이 간거라 평소 궁금했던 메뉴 다 시도해봤는데 특히 찹스테이크감자퓨레(정확한 이름이 기억이 안나요ㅠ)랑 오징어먹물 리조또 완전 추천합니다 :)그리고 신기했던 귤맛나는 홍시 아이스크림랑 추천해주신 와인도 좋았어요😍,긍정적,긍정적,긍정적,부정적,알 수 없음
2022-12,맛있고 분위기 좋습니다 ㅎㅎ,긍정적,긍정적,긍정적,알 수 없음,알 수 없음
2022-11,맛있는데요오 ~~~ 좀 오래걸리네요 ㅠ ㅠ,긍정적,긍정적,긍정적,부정적,알 수 없음
2022-11,음식이랑 와인 모두 훌륭합니다! 건강한 서양 가정식 느낌👍,긍정적,긍정적,긍정적,알 수 없음,알 수 없음
2023-01,"굴라쉬 정말 맛있어요.
전체적으로 간이 많이 센편이에요.",긍정적,긍정적,긍정적,알 수 없음,부정적
2022-12,코스 음식이 나오는데 너무오래걸려요... 파트타는 정말 맛있었지만 토시살 스테이크는 아쉬웠습니다.,부정적,부정적,긍정적,부정적,알 수 없음
2022-06,"식전빵과 처트니부터 메인메뉴까지 직접 만드시는 오너쉐프님의 손맛 가득한 식당이에요.
다른 곳에는 없는 특별한 메뉴도 있고 매일 바뀌는 오늘의 추천메뉴도 있고 모든 음식이 다 맛있어요!!
재료 아끼지 않고 듬뿍 듬뿍 쓰셔서 더 맛있습니다",긍정적,긍정적,긍정적,긍정적,긍정적
2022-06,"식전빵부터 파스타, 스테이크, 디저트까지 전부 다 직접 만드시는 오너셰프의 솜씨와 인심이 항상 만족스러운 곳이에요. 파스타랑 리조또가 맛있어서 스테이크는 어떨지 궁금했는데 스테이크도 너무 완벽하게 구워주셨고 가니쉬와 소스 조합도 너무 좋습니다",긍정적,긍정적,긍정적,긍정적,알 수 없음
2022-12,지인들과 좋은 추억 만들고 갑니다~ 12/17일 오픈타임에 맞춰 또 지인들과 가기로 했으니 잘 부탁드립니다~♡.♡ (참고로 예약은 다른 분이 해주셨습니다),긍정적,긍정적,알 수 없음,긍정적,알 수 없음
2022-10,"전복내장소스파스타가 인기가 가장 좋았던듯!
맛은 기본이고 서비스도 좋으세요! 담에 또 모임 가지러 갈게용ㅎㅎ",긍정적,긍정적,긍정적,긍정적,알 수 없음
2022-11,뱅뱅사거리 맛집이에요! 예전엔 런치도 했었는데 요즘은 디너만 가능해서 아쉬워요~ㅠ 함박스테이크 맛있어요! 추천합니다!,긍정적,긍정적,긍정적,알 수 없음,알 수 없음
2022-06,"기념일날 너무 좋은 시간 보냈습니다.
메뉴 하나하나에 정성을 기울여 주신게 느껴졌어요.
매번 친절히 음식 설명, 맛있게 먹는 방법도 알려주셨고
요청에 따라 어울리는 와인도 추천해주셔서 기분좋은 시간 가질 수 있었습니다. 음식 만들어주시는 두 분과 홀에서 서빙해주시는 사모님까지 모두 친절하셔서 과분할정도로 대접받고 가는 느낌이 들었어요. 또 방문할게요!!",긍정적,긍정적,긍정적,긍정적,알 수 없음
2022-11,첫번째는 리뷰보고 방문. 만족해서 두번째 방문했는데 음식이 좀 짰습니다. 특히 함박과 트러플이요. 하지만 재방문 의사 있습니다 :),부정적,긍정적,부정적,긍정적,알 수 없음
2022-07,"아늑한 공간에서 단체 모임하기 좋은 곳이에요.
전반적으로 맛이 좋았고 갠적으론 비프굴라쉬와 문어감자가 맛있었고 파스타는 무난했습니다.",긍정적,긍정적,긍정적,알 수 없음,알 수 없음
2022-11,"음식도 맛있고, 추천 와인도 좋았고, 모임하기에 좋아요.",긍정적,긍정적,긍정적,알 수 없음,알 수 없음
2023-01,맛있어요,긍정적,긍정적,긍정적,알 수 없음,알 수 없음
2022-07,"신선한 재료들을 아낌없이 넣어서 정말 맛있어요! 해물파스타에 싱싱한 해물도 한가득에 깔끔한 맛의 오일파스타, 특히 떠먹는 함박 스테이크가 너무 맛있습니다! 무엇보다 사장님들께서 정말 친절하셔서 맛있는 음식과 함께 너무 감사했습니다. 조만간 재방문 100%! 번창하세요!",긍정적,긍정적,긍정적,긍정적,알 수 없음
2022-11,"일하시는 분들도 엄청 친절하시고, 음식은 말할것도없습니다! 감사합니다:)",긍정적,긍정적,긍정적,긍정적,알 수 없음
2022-06,차분한 곳에서 조용히 식사하니 좋네요. 와인과 음식이 참 좋았습니다! 친절한 서비스로 참 편안했어요.,긍정적,긍정적,긍정적,긍정적,알 수 없음
2022-08,결혼기념일 훌륭한 음식과 와인을 즐겼습니다,긍정적,긍정적,긍정적,알 수 없음,알 수 없음
2022-04,"가볍게 식사 즐기러 오기도 좋고 특별한날 오마카세 코스로 새로운 미식의 세계를 경험하게해주는곳. 괜히 블루리본맛집이 아님. 여기 함께온 친구들마다 극찬. 이번에 한우카르파쵸 재료 맛의조화가 특히 기억에 남고 파스타도 생전첨먹어본 퓨전스탈 새로워서 좋고, 살치살 스케이크 겉바인데 속은 부드럽고 입에서 사라짐.. 코스 구성이 황홀",긍정적,긍정적,긍정적,긍정적,알 수 없음
2022-10,음식에 정성이 담겨 있었어요. 맛은 물론이구요. 가격도 너무 괜찮았습니다. 주차는 좀 함들었어요 ^^,긍정적,긍정적,긍정적,긍정적,알 수 없음
2023-01,또 가려구요,긍정적,긍정적,긍정적,긍정적,알 수 없음
2022-07,"친한형 생일이라 방문했는데 맛있게 잘먹었습니다
세분이서 운영중이고 배달까지 하느라 음식이 나오는데
좀 시간이 있어서 여유있게 생각하고 오셔야할듯
음식은 하나하나 다 맛있었고 직원분들이 다
친절하셔서 정말 좋았습니다",긍정적,긍정적,긍정적,긍정적,알 수 없음
2022-09,문어 감자가 너무 맛있어요,긍정적,긍정적,긍정적,알 수 없음,알 수 없음
2022-08,"몇년전에 코스로 먹어보고 이번엔 단품으로 시켰는데
주문한 요리 다 맛있었어요 ♡
배도 부르고 뒤에 일정이 있어서 급하게 가느라 남겨버렸지만 또 방문하고 싶어요",긍정적,긍정적,긍정적,알 수 없음,긍정적
2022-12,맛있었어요^^,긍정적,긍정적,긍정적,알 수 없음,알 수 없음
2022-07,함박스테이크 로제 추천이요!,긍정적,긍정적,긍정적,알 수 없음,알 수 없음
2022-04,오리지널 함박스테이크에 매운로제소스 선택하고 고등어파스타 먹어봤어요 맛있어용! 새로운 맛이에요 다른음식들도 기대가되요 재방문하고싶어요,긍정적,긍정적,긍정적,알 수 없음,알 수 없음
2022-07,"음식이 조금 늦게
나왔지만 맛있었어요",긍정적,긍정적,긍정적,부정적,알 수 없음
2022-06,"음식맛이 항상 훌륭합니다~
다만,,, 단체손님이 많은 것 같은데..
너무너무너무너무너무너무 시끄러워요....

회식장소인가에 대해서는 의문입니다.",긍정적,긍정적,긍정적,부정적,알 수 없음
2021-12,작년 크리스마스 코스에도 방문하고 올해에도 방문했는데 작년이랑은 또 다른 메뉴로 너무 잘 먹었어요 ❣️항상 친절하시고 전 기분 내기에 넘 만족해요 !!! 맛있습니다 아! 남자친구가 작년에 사진찍어주셔서 올해도 찍어주실 줄 알았는데 안찍어주셔서 아쉬웠다네요 ㅋㅋㅋ,긍정적,긍정적,긍정적,부정적,알 수 없음
2022-06,"분위기 좋고 친절하신데
파스타는 좀 오일이 많이 들어간 느낌이었습니다",긍정적,긍정적,부정적,긍정적,알 수 없음
2022-02,"전반적으로 깔끔하고 음식도 특이한 메뉴들이 많네요.
맛있게 잘 먹었습니다.",긍정적,긍정적,긍정적,알 수 없음,알 수 없음
2022-07,맛있었습니다,긍정적,긍정적,긍정적,알 수 없음,알 수 없음
2022-04,천절하고 맛있어요~,긍정적,긍정적,긍정적,알 수 없음,알 수 없음
2022-04,맛있게 잘먹었습니다~~,긍정적,긍정적,긍정적,알 수 없음,알 수 없음
2021-11,손님이 많아서였는지 음식이 늦게 서빙되고 에피타이저 메인 순서가 바뀌어서 메인 먼저 나왔지만.. 그럼에도 불구하고 재방문 할 의향이 있을만큼 이탈리안에 개성있는 새로운 변화를 준 요리들이 맛있었습니다 ㅎㅎ 이미 아는맛이 아니라서 요리 나올 때마다 재료나 조리법 어떤 것인지 얘기하며 먹는 재미가 있었어요 :),부정적,긍정적,긍정적,부정적,알 수 없음
2022-06,The food was great. But little bit slow....,긍정적,긍정적,긍정적,부정적,알 수 없음
2022-01,"메뉴 추천해주시는데 참 친절하시고
맛있는데 양도 넉넉해서 좋아요~
아이랑 주말 저녁시간을 행복하게 보냈습니다^^",긍정적,긍정적,긍정적,긍정적,긍정적
2022-04,"자주는 못가지만 나름 단골! 매장 분위기도, 음식도, 서비스도 최고입니다. 이번 방문에는 이야기가 중심이라 사진은 안찍었지만 와인도 잔메뉴가 있어 너무 좋고요! 아르바이트 분도 상냥하고 어쨌든 항상 다 좋습니다!",긍정적,긍정적,긍정적,긍정적,알 수 없음
2022-05,다른곳에선 못먹어본 메뉴들이 많았고 음식들이 하나같이 맛있더라고요 다음에 또 방문할께요^^,긍정적,긍정적,긍정적,긍정적,알 수 없음
2022-02,"직원분들 다 친절하시고 음식 너무 맛있게 먹었어요!
다 엄청 맛있어요!",긍정적,긍정적,긍정적,긍정적,알 수 없음
2022-07,맛있어요,긍정적,긍정적,긍정적,알 수 없음,알 수 없음
2022-03,가격이 조금 있지만 맛은 괜찮아요,긍정적,긍정적,긍정적,알 수 없음,알 수 없음
2022-01,"언제가도 맛있고 대접받는 느낌이에요~
맛있어요!",긍정적,긍정적,긍정적,긍정적,알 수 없음
2021-11,식전빵도 소스도 다 직접 만드신다는데 정말 맛있어요! 주문한 메뉴들도 다 너무 맛있고 직원분들도 모두 친절해요!ㅎㅎ 특히 토마토 김치는 처음 먹어봤는데 감칠맛 나고 색다르게 맛있었습니다! 👍👍,긍정적,긍정적,긍정적,긍정적,알 수 없음
2021-12,"크리스마스컨셉이 해리포터 였는데, 친근한 컨셉과 음식이 너무 맛있어서 좋은 추억가져갔습니다!",긍정적,긍정적,긍정적,긍정적,알 수 없음
2021-10,흔해빠진 메뉴들이 아닌 쉐프의 철학이 담긴 개성있고 맛있는 요리들을 가성비있게 맛볼수있는 내 최애맛집~ 좀 많이 괜찮아요~ 생각하면 또가고싶고 파스타에 와인한잔하고싶고~~ 강추! 여기 코스요리도 완전 좋아요,긍정적,긍정적,긍정적,긍정적,알 수 없음
2021-10,"지난번 방문때 너무 맛있어서 여자친구 생일기념 방문했어요!! 쉐프님이 너무 잘생기셔서 연예인인줄 알았어요!
너무 친절하시고 음식도 너무 맛있어요 !! 여자친구 만족도 100000000000점! 다음에 또올게요 ㅎㅎ❤️",긍정적,긍정적,긍정적,긍정적,알 수 없음
2022-01,스테이크 강추입니다! 특별한 날 가기 좋아요,긍정적,긍정적,긍정적,알 수 없음,알 수 없음
2022-02,와인도 너무 맛있고 음식도 맛있고 분위기가 좋아요!!!,긍정적,긍정적,긍정적,알 수 없음,알 수 없음
2021-12,친절한 서비스 맛있는 음식 아주 행복한 시간이 되었습니다!,긍정적,긍정적,긍정적,긍정적,알 수 없음
2021-12,"아무리 크리스마스 연말 대목이라지만 79000짜리 코스만 팔면서 이거 너무하는거 아닌가요... 이런 음식점 리뷰 첨으로 남겨보는데 음식 퀄리티가 너무한거 같아요

옆자리에서도 수군대는거 듣고 저도 너무 동감했는데,
일단 음식 퀄리티가 너무 심각했구요... 메인 해산물 스튜가 조기하나에 홍합 조개 몇개에 칵테일 새우 하나인데 그것도 조금 식어서 왔는데 너무 심한거 같아요....ㅜㅜ 엔트리랑 에피타이저 디저트 모두 한입씩 먹고 말았는데 저희만 그런거 아닌거 같고... 크리스마스 저녁으로 연인이랑 간건데 너무 속상하네요

그리고 직원 수가 너무 부족하셔서 한 음식 서빙하는데 30분씩 걸리고, 물 가져오시는데도 30분 걸리고 그냥 전반적으로 너무 별로였어요",부정적,부정적,부정적,부정적,알 수 없음
2021-12,진짜 너무 맛있어요!!! 맛있는 음식 덕분에 친구랑 즐거운 시간 보냈습니다☺️☺️ 다른 음식도 맛보러 조만간 또 방문할게요!!,긍정적,긍정적,긍정적,긍정적,알 수 없음
2021-10,직원분들도 너무친절하시고 가게분위기도 너무좋아요! 음식은 너무너무 맛있었습니다..!! 앞으로 파스타먹고싶을때 여기로올것같아요!! 다음에 또가겠습니당 :),긍정적,긍정적,긍정적,긍정적,알 수 없음
2021-09,"분위기도 일단 이국적이면서
예전에 유럽쪽에서 거주 했을때 흔히 볼수 있었던 특유의 따뜻한 분위기가 너무 닮아서 좋았고
음식은 스타터,메인, 디저트 까지 완벽하게 대접 받는 느낌이었습니다.
맛도 맛이지만 양식이 마치 한국인의 그 특유 칼칼 한 맛을 살린 것처럼 간도 너무 좋으면서 정갈하고 깔끔한 맛에
우연히 간 집이지만 또 가고 싶고
무엇보다 사랑하는 사람을 데려가고 싶은 곳이였습니다.
그날 저는 일행이 있었지만 동시간때 오신 손님은 혼자 오셨는데 혼밥 하기에도 부담 스럽지 않은 분위기 같아 보였습니다.
맘대로 누군가와 함께 하루의 마무리 식사를 하고싶은 곳으로
마음에 찜을 하게 되는 곳이였습니다
무엇보다 친절하게 설명해주신 멋스러우신 쉐프님은 덤이였습니다!!! 긋!!!!!!!!!",긍정적,긍정적,긍정적,긍정적,긍정적
2022-02,음식은 맛있는데 사람이 몰렸다고 음식들이 너무 늦게 나왔어요. 그렇다고 딱히 서비스도 없고..,부정적,부정적,긍정적,부정적,알 수 없음
2021-12,"일단 굉장히 친절하셨구, 음식에 정성이 들어간게 눈에 보일정도 입니다. 특히 머쉬룸 크림 리조또? 먹었는데 트러플 오일 향이 굉장히 좋더라구요!! 식당 접근성은 살짝 떨어지지만 오히려 나만 아는 곳이 될 수 있어 좋았던 레스토랑이었습니다. 인테리어+무드+좋은 음악은 덤~~",긍정적,긍정적,긍정적,긍정적,알 수 없음
2021-12,인생의 절반 이상을 유럽에서 지냈고 크리스마스에 예약을 하며 처음 알게된 식당인데 정말 오랜만에 유럽에서 먹던 음식들을 먹어본거 같아 좋았습니다. 평상시 음식이 궁금해서 나중에 또 갈 듯하네요,긍정적,긍정적,긍정적,알 수 없음,긍정적
2021-09,"다시 방문하고 싶은 곳 0순위!!

우연치 않게 네이버 검색하다가 근처에 있어서 예약하고 방문했는데요,

처음 들어가자마자 직원분들이 너무너무 친절하셨습니다. 반갑게 맞아주시고 주차도 친절히 설명해주시구요!

당연히 가장 좋았던 건 음식맛! 이곳만의 다양한 메뉴가 많았던 다 먹어보지 못한게 지금도 아쉽네요ㅜㅜ 2개 먹고 나중에 가지그라탕 마지막에 시켰는데..배부른줄 모르고 맛있게 먹었습니다,,👍🏻

샹그리아는 알차고 새롭게 만드셨다는 달달한 디저트도 너무 좋았어요,,
더 쓰고 싶은 말이 많지만, 쓸 공간이 부족하네요^^강추👍🏻",긍정적,긍정적,긍정적,긍정적,긍정적
2021-09,매장도 너무 청결하고!! 무엇보다!! 연예인처럼 잘생긴 쉐프님이 요리도 직접하시고 음식에 대해서 친절히 설명해주셔서 너무 좋은시간 보냈습니다! 단골하고싶어요ㅠㅠ,긍정적,긍정적,긍정적,긍정적,알 수 없음
2022-01,"맛있게 잘 먹었습니다.
고맙습니다.",긍정적,긍정적,긍정적,긍정적,알 수 없음
2021-12,함박스테이크가 맛있어요~ 점심시간에 늘 사람이 많아서 좀 일찍가야될 거 같아요!,긍정적,긍정적,긍정적,부정적,알 수 없음
2021-12,"맛있어서 또갔는데요
굴라쉬 존맛
데미그라스소스 존맛
꼭 드세요",긍정적,긍정적,긍정적,알 수 없음,알 수 없음
2021-12,"특별한메뉴
잘쌩긴 쥔장
가성비굿
접근성굿",긍정적,긍정적,긍정적,알 수 없음,알 수 없음
2022-01,처음 먹어보는 메뉴였는데 레드 와인과 정말 잘 어울렸어요,긍정적,긍정적,긍정적,알 수 없음,알 수 없음
2021-09,"어제 이탈리안 음식이 먹고싶어서, 생각나는 곳이 라망드쉐프였어요.

부드럽고 달콤한 디저트가 화룡점정!
맛있는 음식과 친절한 서비스에 좋은 시간을 보냈습니다.

가끔 가는 곳인데 언제나 만족스러웠어요~",긍정적,긍정적,긍정적,긍정적,알 수 없음
2021-12,"코스요리가 알차게 나와서 배부릅니다
아주 맛있어요",긍정적,긍정적,긍정적,알 수 없음,긍정적
2022-01,맛있게 먹었습니다~,긍정적,긍정적,긍정적,알 수 없음,알 수 없음
2021-11,일단 기본적으로 음식이 맛있고요 ^^ 메뉴가 많으면 집중도가 떨어질 것 같은데 에피타이저 포함 4가지 메뉴를 시켜보았는데 다 맛있었습니다. 다음에 가면 또 시켜보지 않은 메뉴가 기대되는 곳입니다.,긍정적,긍정적,긍정적,알 수 없음,긍정적
2021-12,파스타랑 피자 맛있어요~^^ 식전빵으로 주는 포카치아도 굿~~,긍정적,긍정적,긍정적,긍정적,알 수 없음
2021-10,소스가 조금 짜긴 했지만 만족스러운 식사였습니다.,긍정적,긍정적,긍정적,알 수 없음,알 수 없음
2021-09,음식설명도 친절하고 맛도 양도 좋고 넘. 맛있어요~<!!,긍정적,긍정적,긍정적,긍정적,긍정적
2021-10,"음식은 좀 생소했어요
담에 다른 메뉴로..?",부정적,긍정적,알 수 없음,긍정적,알 수 없음
2021-12,맛있게 먹었습니다~,긍정적,긍정적,긍정적,알 수 없음,알 수 없음
2021-12,맛있,긍정적,긍정적,알 수 없음,알 수 없음,알 수 없음
2021-09,"가게 깔끔하고 너무 친절하셔서 첫인상부터 좋았어요!
전체적으로 음식도 너무 맛있더라구요:)
서비스로 주신 디저트도 정말 맛있었어요!!! 다시 입맛돌아서 메인 시킬뻔ㅎㅎㅎㅎㅎ
기분좋게 저녁 먹으면서 스트레스 풀고 가요~!!
감사합니다~",긍정적,긍정적,긍정적,긍정적,알 수 없음
2021-10,"직원분들 너무 잘생기시고 친절하시고 맛도 너무 맛있습니다!

다음에 친한 지인과 재방문 예정입니다!",긍정적,긍정적,긍정적,긍정적,알 수 없음
2021-10,가족과 함께 했는데 코스요리로 나온 음식들이 모두 맛있었어요. 친절하게 해주셔서 감동이었어요.,긍정적,긍정적,긍정적,긍정적,알 수 없음
2022-05,좋아요,긍정적,긍정적,알 수 없음,알 수 없음,알 수 없음
2021-11,잘 다녀왔습니다,긍정적,긍정적,알 수 없음,긍정적,알 수 없음
2021-05,일행 소개로 갔는데 음식도 너무 맛있고 친절해서 감동했어요! 고등어오일 파스타가 이렇게 맛있을 수 있군요 ㅎㅎ 생일 꽃바구니 갖고있는걸 보셨는지 나갈때 티라미수도 서비스로 주시고ㅠ 너무 감사하고 좋았어서 다음에도 꼭 찾아가려구요!!,긍정적,긍정적,긍정적,긍정적,알 수 없음
2021-10,서비스도 좋고 음식도 가성비. 맛 다 만족스럽습니다.,긍정적,긍정적,긍정적,긍정적,알 수 없음
2021-06,#새우로제파스타 #찹스테이크감자퓨레,긍정적,긍정적,긍정적,알 수 없음,알 수 없음
2021-12,맛있어요:),긍정적,긍정적,긍정적,알 수 없음,알 수 없음
2021-06,맛나서 늘 대기 타는 곳이긴 한데 메뉴 나오는 속도가 좀 느리고 뚝배기에 떠먹는 한우는 너무 뜨거워서 조심히 먹어야 합니다.,긍정적,긍정적,긍정적,부정적,알 수 없음
2021-06,맛있어요. 손님 대접 잘했습니다.,긍정적,긍정적,긍정적,긍정적,알 수 없음
2021-10,좋아요,긍정적,긍정적,알 수 없음,알 수 없음,알 수 없음
2021-06,"코스 전체적으로 넘넘 맛있었어요~
볼락은 알이 좀 큰아이였으면 더 만족했을듯합니다",긍정적,긍정적,긍정적,알 수 없음,부정적
2020-12,"크리스마스 코스요리 알아보다가 예약해서 방문했는데 모든 요리가 다 맛있었고 양도 적당히 포만감 있었어요!
덕분에 좋은 시간 잘 보내고 왔습니다 맛있고 서비스도 좋아요",긍정적,긍정적,긍정적,긍정적,긍정적
2021-08,좋아요,긍정적,긍정적,알 수 없음,알 수 없음,알 수 없음
2020-12,"남자친구 생일겸 크리스마스라서 인터넷 검색해보고 처음 갔는데 음식 너무 맛있고 다들 친절하세여 ㅎㅎㅎ
제가 입이 짧아서 잘 안먹는데 여기 음식 너무 맛있어서 다 먹었어요
자주 갈게요 ㅎㅎㅎ",긍정적,긍정적,긍정적,긍정적,긍정적
2020-12,덕분에 가족과 기억에 남는 크리스마스 이브를 보냈네요 고맙습니다 음식도 다 맛있고 페어링한 와인들도 좋았습니다 수고하셨습니다~,긍정적,긍정적,긍정적,긍정적,알 수 없음
2020-12,집앞이라 가야지 가야지 해놓고 크리스마스 이브에 처음 갔는데요. 요리들이 하나같이 재밌는 맛입니다.,긍정적,긍정적,긍정적,알 수 없음,알 수 없음
2021-10,좋아요,긍정적,긍정적,알 수 없음,알 수 없음,알 수 없음
2021-04,맛있어요~,긍정적,긍정적,긍정적,알 수 없음,알 수 없음
2021-05,항상 새로운 오늘의 메뉴도 좋았어요 ㅎㅎ,긍정적,긍정적,긍정적,알 수 없음,알 수 없음
2020-12,요리가 다 맛있었고 분위기도 좋았습니다! :),긍정적,긍정적,긍정적,알 수 없음,알 수 없음
2021-02,好,긍정적,긍정적,알 수 없음,알 수 없음,알 수 없음
2021-08,좋아요,긍정적,긍정적,알 수 없음,알 수 없음,알 수 없음
2020-10,"음식이 너무 맛나서 사진찍을 정신이 없었어요 😂
서비스도 너무좋았어요!! 양도 진짜많고 배가터져버리는줄...ㅋㅋ
다음에 또갈게용~~♡♡",긍정적,긍정적,긍정적,긍정적,긍정적
2020-12,"코스요리 너무 맛있었어요~
파스타랑 메인요리가 대박이에요!",긍정적,긍정적,긍정적,알 수 없음,알 수 없음
2021-02,굿,긍정적,긍정적,긍정적,알 수 없음,알 수 없음
2021-02,좋아요~,긍정적,긍정적,알 수 없음,긍정적,알 수 없음
2021-03,맛있어용ㅎㅎㅎ,긍정적,긍정적,긍정적,알 수 없음,알 수 없음
2021-01,좋아요,긍정적,긍정적,알 수 없음,알 수 없음,알 수 없음
2021-01,😀,긍정적,긍정적,알 수 없음,알 수 없음,알 수 없음
2021-01,좋아요,긍정적,긍정적,알 수 없음,알 수 없음,알 수 없음
2020-10,😍😍,긍정적,긍정적,긍정적,알 수 없음,알 수 없음
2021-01,😃👍🏻,긍정적,긍정적,긍정적,알 수 없음,알 수 없음
2020-06,오늘의파스타던가...오징어무파스타 무슨맛인지 ...ㅜㅜ요리하시는분이 계산해주실때 맛잇게드셨냐고 물어보셔서 잠시 주춤하고 함박스테이크가 맛있었다고 했네욤 ㅎ ㅎ,부정적,긍정적,긍정적,긍정적,알 수 없음
2020-12,좋아용,긍정적,긍정적,알 수 없음,알 수 없음,알 수 없음
2020-05,"뭔가 특별하고 맛잇게 생겼지만? 그냥 그랬음 일단남자들은 양이 적고, 그냥그랫음 기분전환으로 좋음",부정적,부정적,긍정적,부정적,부정적
2020-02,코스 2번 먹었는데 맛있었습니다. 적당한 가격에 정성이 느껴지는 음식이었어요. 재방문 의사 있으며 추천합니다.,긍정적,긍정적,긍정적,알 수 없음,알 수 없음
2020-10,👍🏻,긍정적,긍정적,긍정적,알 수 없음,알 수 없음
2019-12,"후기보고 첫방문했는데 크리스마스코스 넘 만족스러웠습니다 입맛에 딱 맞는 소스 덕분에 파스타, 살치살스테이크 넘 맛있게 먹었어요~맛도 플레이팅도 아늑한 분위기도 모두 좋았습니다 다음에 단품요리 먹으러 재방문해야겠어요",긍정적,긍정적,긍정적,긍정적,알 수 없음
2019-08,"이 곳 생기고 4번째 방문이에요 음식은 늘 맛있어요 유리벽 없어지고 처음 간건데 훨씬 넓어보여서 좋더라고요
어제는 대체로 좀 짠듯했지만...그래서 맛있긴 했어요 ㅋㅋㅋㅋ
단체 손님 코스준비 때문에 음식이늦게 나오긴 했지만 첫음식 나올때 미리 말해주셔서 괜찮았습니다(주문할 때 말씀해주시면 더 좋을 거 같긴 해요 ㅋㅋㅋ)
가지그라탕 처음 먹어봤는데 정말 맛있더라고요 가지가 조금만 더 많앗으면 ㅋㅋㅋ 싶었어요 ㅋㅋㅋㅋㅋ 빵에 찍어먹으면 맛잇을 거 같아 빵 여러번 리필했습니다 친절히 리필해주셔서 좋앗어요
버섯리조또랑 명란크림파스타 둘다 크림이 아주 맛있었어요 또 먹고 싶네요",긍정적,긍정적,긍정적,부정적,알 수 없음
2019-12,오늘은 손님이 많아 다소 음식이 늦게 서빙되었지만 음식과 와인 모두 정말 맛있게 잘 먹었습니다.,긍정적,긍정적,긍정적,부정적,알 수 없음
2019-08,"멋진 기억을 만들어주셔서 감사합니다.
나온 코스요리
전체 다 맛있었습니다.",긍정적,긍정적,긍정적,긍정적,알 수 없음
2019-12,"아늑한 분위기에, 괜찮은 코스! 회식장소로 좋았습니다",긍정적,긍정적,긍정적,알 수 없음,알 수 없음
2019-04,"점심시간즘 예약하고 갔는데 브레이크타임이 변경되서 식사를 못할뻔했다.
배려해주셔서 무사히 식사 마쳤지만
점심시간에 메뉴가 한정적이라 아쉬웠다.
맛은 괜찮았으나 점심메뉴는 기본메뉴보다는 양이 작고 저렴하다.",부정적,부정적,긍정적,부정적,부정적
2019-05,"너무나 친절하게 응대해주셔서 좋았습니다. 담당 서버도 계속 웃는 얼굴로 테이블을 체크해주셨습니다. 소문난 맛집답게 음식의 비주얼, 맛에서 부족함이 없었습니다. 주문 시 간의 세기나, 기타 사항들에 대해서 말씀드리면 가능한 선에서 딱 맞춰서 음식을 제공해주셔서 좋은 시간을 보낼 수 있었습니다.",긍정적,긍정적,긍정적,긍정적,알 수 없음
2019-06,함박 맛있습니당,긍정적,긍정적,긍정적,알 수 없음,알 수 없음
