Date,Review,sentiment,Sentiment2,맛,서비스,양
2024-09,"뚜레쥬르 케잌 진짜 오랫만!

보통은 생일때도 아이스크림케이크나 파리바게뜨 케이크를 주로 사먹었더랬는데 케티 생일쿠폰 써보까 하는맘에 간만에 사본 뚜쥬 케잌~ㅎ 근데 웬걸 크림이 빵보다 두껍게 발려있고 안에 시트빵도 아주~ 촉촉하니 딸기쨈?스런 아이들이 발려져있어 상큼달달 겉부속촉한 간만에 혜자스런 생크림 케이크를 발견 해 버렸네용.ㅎㅎ 아이스크림 케잌만 잘 먹는 아이들도 간만에 일인 일조각씩!! 해치웠다는~~~맛있어성 내돈내산 리뷰씁니당♡",긍정적,긍정적,긍정적,긍정적,긍정적
2024-06,"인사이드아웃 빨리 봐야하는데 ㅠ
컵홀더가 귀여워서 기분좋게마셨어요
콜드부르 맛있네요오

야외테이블도 있고 내부에도 테이블 넉넉해서
샐러드나 샌드위치로 식사하기도 좋아보여요
그리고 제가 결제가 좀 시간이 걸렸는데 사장님이 친절하게 기다려주셔서 감사했어요!",긍정적,긍정적,긍정적,긍정적,알 수 없음
2024-09,빵 종류가 다양해요,긍정적,긍정적,알 수 없음,알 수 없음,긍정적
2024-09,에이닷 특판 50% ❤️🧡💛,긍정적,긍정적,알 수 없음,알 수 없음,알 수 없음
2024-10,브라우니 맛이 조아요,긍정적,긍정적,긍정적,알 수 없음,알 수 없음
2024-07,매장도 깔끔하고 좌석도 많아서 배고플때 이용하기 좋았어요.,긍정적,긍정적,알 수 없음,긍정적,알 수 없음
2024-09,직원분이 친절해요,긍정적,긍정적,알 수 없음,긍정적,알 수 없음
2024-07,그런데 T map 모시 반인한테 살면 정말 해자인 것,부정적,부정적,알 수 없음,부정적,알 수 없음
2024-07,여기 주인바뀌고 훨~~~~~씬 맛있고 신선해지고 친절해졌어요!!,긍정적,긍정적,긍정적,긍정적,알 수 없음
2024-08,오픈런이라 빵이 맛있어요,긍정적,긍정적,긍정적,알 수 없음,알 수 없음
2024-08,빵종류많아서 좋아요!,긍정적,긍정적,알 수 없음,알 수 없음,긍정적
2024-08,샌드위치종류가 별로 없었어요 아침일찍이라 그런가~?,부정적,부정적,알 수 없음,부정적,부정적
2024-08,"오랜만에 뚜레쥬르 케익♡
너무 맛있어요",긍정적,긍정적,긍정적,알 수 없음,알 수 없음
2024-08,직원분 너무 친절해요,긍정적,긍정적,알 수 없음,긍정적,알 수 없음
2024-10,빵이 맛있어요,긍정적,긍정적,긍정적,알 수 없음,알 수 없음
2024-08,잘 먹겠습니다! ^^,긍정적,긍정적,알 수 없음,긍정적,알 수 없음
2024-08,빵이 맛있어요,긍정적,긍정적,긍정적,알 수 없음,알 수 없음
2024-07,빵점점 맛있어지고 있음. 새로 온 알바 말고 기존에 있으시던 분 친절함 즐겁게 방문.,긍정적,긍정적,긍정적,긍정적,알 수 없음
2024-07,접근성이 좋아요,긍정적,긍정적,알 수 없음,알 수 없음,알 수 없음
2024-09,깨끗헤요,긍정적,긍정적,알 수 없음,긍정적,알 수 없음
2024-03,"크림치즈의 빵이 많이 있는 곳이라...
간만에.. 크림치즈의 빵을 먹으러 갔는데요.
세상에 제가 몰랐던 빵들이 있더라구요.
빵 마싯게 먹었습니더~~",긍정적,긍정적,긍정적,알 수 없음,알 수 없음
2024-06,"빵집에 테이블이있어서 미팅하기 좋아요,
도로변에 있어서 더더욱이요~~~",긍정적,긍정적,알 수 없음,긍정적,알 수 없음
2024-09,좋아요,긍정적,긍정적,알 수 없음,알 수 없음,알 수 없음
2024-09,ㅇㅇ,부정적,긍정적,알 수 없음,알 수 없음,알 수 없음
2024-09,빵 맛있어요 ㅎㅎ,긍정적,긍정적,긍정적,알 수 없음,알 수 없음
2023-12,"빵 다양하고, 할인 & 적립 잘 챙겨줍니다.
그리고, 여기는 시식 공간이 넓고 충분하다는 것이 장점인 매장이지요.
오늘은 새로나온 블루베리 스콘을 샀는데요.
얼렁 가서 먹어봐야지~
여기 빵집 강추해용!",긍정적,긍정적,긍정적,긍정적,긍정적
2024-08,굿,긍정적,긍정적,긍정적,알 수 없음,알 수 없음
2024-04,"못난이 감자치즈빵 맛도리
초코소라빵은 그닥",부정적,부정적,긍정적,알 수 없음,알 수 없음
2024-05,배고플때 요런 크림빵 괜찮네요.,긍정적,긍정적,긍정적,알 수 없음,알 수 없음
2024-05,빵도 맛있고 파는종류가 많아서 좋습니다,긍정적,긍정적,긍정적,알 수 없음,알 수 없음
2024-09,맛있ㅇㆍ오,긍정적,긍정적,알 수 없음,알 수 없음,알 수 없음
2024-06,막 방금 나온 빵 건강한 맛의 뚜레쥬르 넘 맛나요,긍정적,긍정적,긍정적,알 수 없음,알 수 없음
2024-03,쑥맘모스 엄청 달지도 않고 콩도 들어가있고 그냥 맘모스만큼 맛있네요!!,긍정적,긍정적,긍정적,알 수 없음,알 수 없음
2024-04,"현대카드 엠포인트로 50프로 할인 받았어요^^
친절하고 빵이 맛있습이다.",긍정적,긍정적,긍정적,긍정적,알 수 없음
2024-06,이쁜시간 되었습니다.,긍정적,긍정적,알 수 없음,긍정적,알 수 없음
2024-01,"이벤트가 많아 매번 이용하는 뚜레쥬르입니다.
항상 빵이 맛있습니다.
같은가격이면 뚜레쥬르케익을 사고 할인칻
도 있어 좋습니다.

매장시간도 이른아침에 오픈하여 가끔 아침에 커피와 간단한 빵은 먹으면 좋습니다.",긍정적,긍정적,긍정적,긍정적,알 수 없음
2024-03,치즈방앗간 빵 완전 맛있음,긍정적,긍정적,긍정적,알 수 없음,알 수 없음
2024-01,말차제품이 나오나바요~초록말차가 들어간 빵 건강해지는 느낌일것 같아요~ 커피는 에티오피아원두래요. 부드러워요^ T멤버십 할인에 CJ ONE 포인트 적립했어요.,긍정적,긍정적,긍정적,긍정적,알 수 없음
2024-04,"말차퐁당 너무 맛있어요
카운터 직원이 친절해요",긍정적,긍정적,긍정적,긍정적,알 수 없음
2024-04,"사장님이 바껴서 세일한다고 되있어서 들러봤는데.. 빵집에서 빵사면서 포장이라고 먼저 말안했다고 타박받긴 첨이네요ㅋ 보통은 먼저 포장하냐고 묻거나 포장인줄 알고 알아서 싸주던데ㅋㅋ
좌석있는 뚜레쥬르 다른매장 수십번 들러봤는데 뭐 이런 경우도 있네요ㅋㅋ
왜 먼저 포장이냐고 말안했냐고 그러더니 싸주면서 담부턴 포장이라고 먼저 얘기하라고 두번지적ㅋㅋ
말투자체는 불친절한건 아닌데 본인이 물을걸 안묻고 왜 이상한지적을 하시는지ㅋㅋ
아무대꾸 없이 나오긴 했는데 덕분에 기분좋게~~빵 샀습니다 네 다신안갈게요ㅋㅋ",부정적,부정적,긍정적,부정적,알 수 없음
2024-03,말차 겹겹이 먹었는데...많이 답니다 말차와 단맛이 조화롭지않은듯...말차좋아하는데..초코겹켭이가 더 맛나네요,부정적,부정적,부정적,알 수 없음,긍정적
2024-05,가격이 점점 오르네요... 통신사 할인없이 이용하긴 좀 부담될거같아요,부정적,긍정적,알 수 없음,부정적,부정적
2024-02,말차퐁당코르네 크림에 말차가 들었어요. 부드럽고 맛있네요.,긍정적,긍정적,긍정적,알 수 없음,알 수 없음
2024-04,아침에 간단하게 배 채우기 편해요,긍정적,긍정적,긍정적,긍정적,긍정적
2024-09,굿,긍정적,긍정적,긍정적,알 수 없음,알 수 없음
2024-03,맛잇어요 굿굿,긍정적,긍정적,긍정적,알 수 없음,알 수 없음
2024-02,매장이 그리 넓진않지만 테이블 여러개있고 조용한 매장이라 좋아요,긍정적,긍정적,긍정적,긍정적,알 수 없음
2024-01,"말차크림빵 신메뉴라 사먹어보았습니다
겉이 쿠키라 한들 눅눅할줄았는데 바삭하고
속도 촉촉하면서 크림도 생각보다 많아서 놀랬어요
엄청 쌉쓰름한 맛은 아니며 그렇다고 달지도 않아
말차를 처음접하시는 분들도 드실 수 있으실것 같아요!
평일 낮에 방문하여 직원분이 정신없는건 이해 가지만 손님분들한테 대하는 태도가 엄청 친절하진 않으셨어요ㅠ",긍정적,긍정적,긍정적,부정적,알 수 없음
2024-02,"저렴함 가격에 구매할수 있어 좋아요
동네에 아직 뚜레쥬르가 있어서 좋아요",긍정적,긍정적,알 수 없음,긍정적,긍정적
2024-04,불친절해요,부정적,부정적,알 수 없음,부정적,알 수 없음
2024-03,직원분이 친절하셨습니다~,긍정적,긍정적,알 수 없음,긍정적,알 수 없음
2024-04,친절합니다~ 친절응대에 맛있는 빵 구매하고왔습니다,긍정적,긍정적,긍정적,긍정적,알 수 없음
2024-01,식빵사서 샌드위치 해먹었어요 뚜레쥬르 빵 맛나요❤️,긍정적,긍정적,긍정적,알 수 없음,알 수 없음
2024-01,양재역 근처에 뚜레쥬르가 없어서 뚜쥬 할인행사때마다 뱅뱅사거리점으로 갑니다ㅎㅎ,긍정적,긍정적,알 수 없음,긍정적,부정적
2024-02,빵이 맛있고 파는 종류도 많았습니다!,긍정적,긍정적,긍정적,알 수 없음,알 수 없음
2024-07,가까워서 좋아요,긍정적,긍정적,알 수 없음,긍정적,알 수 없음
2024-01,생크림케익1호 짱 맛있어요~~!,긍정적,긍정적,긍정적,알 수 없음,알 수 없음
2024-03,알바분 친절해요 ㅎㅎ,긍정적,긍정적,알 수 없음,긍정적,알 수 없음
2023-12,"1600개이상의 리뷰를 써온 성실블로거로써 뚜레주르 할인 30프로 받으며
자주 먹고있는 부분..

하지만 왠지 파바보다는 퀄리티? 가 약한느낌도있긴하지만..
그래도 맛있는..

직원분들도 친절하고..
하지만 돈까스 샌드위치는 정말 비추...",긍정적,긍정적,긍정적,긍정적,부정적
2024-03,"정말 불친절 끝이네요.
동네 빵집에서 이렇게 불쾌하게 나온 적 처음입니다 ㅋㅋㅋㅋㅋㅋㅋ",부정적,부정적,알 수 없음,부정적,알 수 없음
2023-11,아몬드 크로와상 너무도 맛있습니다. 우리가 생각하는 맛 아니고 안에 맛있는 퓨레까지 들어 있는데요. 평소에 먹던 크로와상과는 좋은 쪽으로 맛이 매우 달라서 놀랐습니다. 빵순이 nn년차 강추드립니다. 있으면 바로 쟁여가세요.,긍정적,긍정적,긍정적,긍정적,알 수 없음
2024-06,좋아요,긍정적,긍정적,알 수 없음,알 수 없음,알 수 없음
2023-11,"T map 인으로 30 프로 할인 사 먹으면 개꿀이에요.
친절하고 빵도 괜찮은.",긍정적,긍정적,긍정적,긍정적,알 수 없음
2024-01,종류가 다양하지 않아 아쉽네요,부정적,부정적,알 수 없음,부정적,부정적
2024-04,맛있어요.,긍정적,긍정적,긍정적,알 수 없음,알 수 없음
2024-09,식빵이 촉촉해요.,긍정적,긍정적,긍정적,알 수 없음,알 수 없음
2023-11,쫀득쫀득 못난이 감자치즈 존맛# 요새 빠진 스콘도 맛있고 오늘 고른 빵들 굿,긍정적,긍정적,긍정적,알 수 없음,알 수 없음
2024-03,빵 맛있게 잘 먹었습니다~~~,긍정적,긍정적,긍정적,알 수 없음,알 수 없음
2024-07,굿~,긍정적,긍정적,긍정적,알 수 없음,알 수 없음
2023-12,"동네 남은 뚜레쥬르 오랫동안 운영했으면 좋겠어요
10년 넘게 다니는거 같네요 좋아요~",긍정적,긍정적,알 수 없음,긍정적,알 수 없음
2024-01,빵하고 커피 사갔는데 맛있네요,긍정적,긍정적,긍정적,알 수 없음,알 수 없음
2023-12,"뚜레쥬르 빵 맛있는거 모르는 사람 없게하라 추진위원회
메뉴많고 매장쾌적",긍정적,긍정적,긍정적,긍정적,알 수 없음
2024-05,딸기에 곰팡이가,부정적,부정적,부정적,알 수 없음,알 수 없음
2024-02,빵이 폭신합니다,긍정적,긍정적,긍정적,알 수 없음,알 수 없음
2023-11,제 최애 초코빵 먹으러 또 방문했습니다 ㅎ,긍정적,긍정적,긍정적,알 수 없음,알 수 없음
2024-01,빵이 맛있고 좋습니다!,긍정적,긍정적,긍정적,알 수 없음,알 수 없음
2023-10,"가까워서 가끔 가게되는..
이용하기 편안하거나 친절한 편은 아닌게 좀 아쉽긴 한 곳;;",부정적,긍정적,알 수 없음,부정적,알 수 없음
2023-12,맛있고 좋아요^^,긍정적,긍정적,긍정적,알 수 없음,알 수 없음
2023-06,"카멜 커피와 콜라보한 빵이 있다는 소문을 듣고 그냥 지나칠 수가 없어서 얼른 방문해 보았어요.
번이랑 롤 이렇게 두 종류를 샀는데 둘 다 빵 자체는 평범했지만, 안에 넉넉히 들어 있는 크림은 카멜 커피 맛과 느낌 그대로였어요. ㅎㅎ 빵을 먹는데 카멜 커피를 마시는 듯한 느낌이라 좋았습니다. ㅎㅎ",긍정적,긍정적,긍정적,알 수 없음,알 수 없음
2024-03,좋아요,긍정적,긍정적,알 수 없음,알 수 없음,알 수 없음
2023-10,매장 넓고 빵 종류 많습니다~,긍정적,긍정적,알 수 없음,긍정적,알 수 없음
2023-09,"뚜레쥬르 빵 맛있는건 아는 사실이라~^^
이번엔 추석 선물 제품도 있더라고요.
사실 약과 제품 나왔다길래 약과러버라…너무 먹어보고 싶었는데 여기도 없네요 ㅠㅠ
대신 선물용으로 전병세트 구입했습니다.
선물 받는 분이 맘에 들어학셨음 좋겠네요.
빵러버는 간단히 크림치즈타르트 두개 사서 먹었네요 ^^ 맛있어요.",긍정적,긍정적,긍정적,부정적,알 수 없음
2023-10,티 데이때 30 프로 할인해서 사 먹으면 개꿀입니다.,긍정적,긍정적,긍정적,알 수 없음,알 수 없음
2023-11,"결혼기념일에 아이가 뚜레쥬르 케잌 디자인을 좋아해서 멀지만 다녀왔어요. ^^
예쁜 디자인 항상 부탁합니다. ㅎㅎ",긍정적,긍정적,알 수 없음,긍정적,알 수 없음
2023-12,직원분이 친절하세요,긍정적,긍정적,알 수 없음,긍정적,알 수 없음
2024-05,굿뜨. .,긍정적,긍정적,긍정적,알 수 없음,알 수 없음
2023-12,"유효기간 짧은 빵만 진열해놓고, 신선한 빵은 숨겨놓는다. 매번 느끼지만 거짓말로 응대하라고 교육받는듯하다",부정적,부정적,부정적,부정적,알 수 없음
2024-06,굿,긍정적,긍정적,긍정적,알 수 없음,알 수 없음
2023-10,매장이 넓고 의자가 많아서 차 마시고 얘기하기 좋아요~ 빵 종류가 많습니다,긍정적,긍정적,알 수 없음,긍정적,긍정적
2024-02,굿,긍정적,긍정적,긍정적,알 수 없음,알 수 없음
2024-01,샌드위치 종류가많고 매장넓고 깨끗해서 좋아요,긍정적,긍정적,알 수 없음,긍정적,알 수 없음
2023-11,"참지 못하고 빵을 사버린 나.
맛있긴 하다.",긍정적,긍정적,긍정적,알 수 없음,알 수 없음
2024-06,굿,긍정적,긍정적,긍정적,알 수 없음,알 수 없음
2023-07,"새로 나온 라라스윗생우유아이슈크림
그냥슈라 눅눅하고 크림은 그럭저럭한 맛
가격에 비해 맛있는편은 아니라고 생각들어
재구매의사는 없습니다 ㅠ(또르륵)
녹차롤케익은 처음 사먹어보았습니다
크림이 녹차크림이 아닌 생크림에 색소나 가루를 넣은것 같아 실망했지만 그래도 팥이 있어서 엄청 느끼하지않게 맛있게 먹었어요!!",부정적,긍정적,부정적,긍정적,알 수 없음
2024-02,종류 많아요!,긍정적,긍정적,알 수 없음,알 수 없음,긍정적
2023-10,"긴단히 점심 때우기 위해 샌드위치 선호한다.
코로나 시절 애용했다. 근무자 대체로 친절.",긍정적,긍정적,알 수 없음,긍정적,알 수 없음
2023-12,괜찮았어요!,긍정적,긍정적,알 수 없음,알 수 없음,알 수 없음
2023-12,빵이 맛있네요,긍정적,긍정적,긍정적,알 수 없음,알 수 없음
2023-08,매장 공간이 있고 앉을자리가 있어서 좋아요. 라라스윗 콜라보 제품은 없네요 ㅠ,긍정적,긍정적,알 수 없음,긍정적,부정적
2023-09,뚜레쥬르 굳굳! 앉아서 먹을 공간도 있어요!,긍정적,긍정적,알 수 없음,긍정적,알 수 없음
2023-06,결제할때 티멤버십 사용 때문에 헤맸는데 친절하게 너무 잘 알려주셨어요! 커피도 맛있구 안쪽에 좌석도 잘되어 있어요,긍정적,긍정적,긍정적,긍정적,알 수 없음
2024-01,좋습니다,긍정적,긍정적,알 수 없음,알 수 없음,알 수 없음
2024-04,굿,긍정적,긍정적,긍정적,알 수 없음,알 수 없음
2023-06,회사 근처라 자주가던 곳이긴 한데 갈 때마다 느끼는 점...알바?분들 응대가 좀 아쉽다...뭐 그리 중요하진 않으니 애써 외면하고 있긴 했던 부분이긴 하나...대기업 프렌차이즈 베이커리이니 만큼 어느정도 기본은? 돼 있을거란 기대치때문에 더 엄격한 잣대로 보는건가;; 싶기도 한;;,부정적,부정적,알 수 없음,부정적,알 수 없음
2023-10,늘 들리는 곳입니당:),긍정적,긍정적,알 수 없음,긍정적,알 수 없음
2024-01,💞💞💞💞💞💞💞💞,긍정적,긍정적,긍정적,알 수 없음,알 수 없음
2023-07,구워먹으면 맛있는 탕종 식빵 :),긍정적,긍정적,긍정적,알 수 없음,알 수 없음
2023-10,좀 더 친절했으면 좋겠어요.,부정적,부정적,알 수 없음,부정적,알 수 없음
2023-12,12,부정적,긍정적,알 수 없음,알 수 없음,알 수 없음
2023-07,자주 들리는 뚜레주르 뱅뱅사거리에 있는 점포인데요 항상 직원분들이 똑소리나세요. ㅎㅎ 할인적용이나 쿠폰 적용도 얼마나 잘해주시는지 제가 설명하면 척하고 알아들어서 넘 좋아합니다 ㅎㅎ,긍정적,긍정적,알 수 없음,긍정적,알 수 없음
2023-08,탕종식빵 저렴 :),긍정적,긍정적,긍정적,알 수 없음,알 수 없음
2023-12,12좋아요,긍정적,긍정적,알 수 없음,알 수 없음,알 수 없음
2023-07,제 최애빵 초코빵 사러 자주 갑니다 초코 좋아하시는분 츄라이츄라이,긍정적,긍정적,긍정적,긍정적,알 수 없음
2023-11,굿,긍정적,긍정적,긍정적,알 수 없음,알 수 없음
2023-09,맛있는 빵 감사히 맛있게 먹겠읍니다,긍정적,긍정적,긍정적,긍정적,알 수 없음
2023-10,좋아요~,긍정적,긍정적,알 수 없음,긍정적,알 수 없음
2023-06,친절 그자체~! 너무 친절하시고 뚜레쥬르 빵이랑 음료는 말해뭐해 항상 맛있어요!!사장님이 정말 친절하셨어요!,긍정적,긍정적,긍정적,긍정적,알 수 없음
2023-08,"처음 자리에 앉아서 폰 충전을 했는데
갑자기 충전이 되지않아 여기 저기
콘센터에 꽂아보았는데 왜 갑자기
되지 않았을까요?
의문이고 좀 불편했습니다 ¿¿",부정적,부정적,알 수 없음,부정적,알 수 없음
2023-10,좋아요,긍정적,긍정적,알 수 없음,알 수 없음,알 수 없음
2023-06,곰둘이 푸 케익 귀엽고 맛도 굿,긍정적,긍정적,긍정적,알 수 없음,알 수 없음
2023-06,직원이 친절해서 기분이 좋음,긍정적,긍정적,알 수 없음,긍정적,알 수 없음
2023-11,부드럽고 맛있네요,긍정적,긍정적,긍정적,알 수 없음,알 수 없음
2023-10,친절해요,긍정적,긍정적,알 수 없음,긍정적,알 수 없음
2023-09,맛있는 케익 잘 샀어요.,긍정적,긍정적,긍정적,알 수 없음,알 수 없음
2023-07,버스 정류장 앞에 있어서 종종 들러요 :),긍정적,긍정적,알 수 없음,긍정적,알 수 없음
2023-09,겹겹이 초코퐁당 계속 팔아주세요!,긍정적,긍정적,긍정적,알 수 없음,알 수 없음
2023-10,굿,긍정적,긍정적,긍정적,알 수 없음,알 수 없음
2023-11,좋아요,긍정적,긍정적,알 수 없음,알 수 없음,알 수 없음
2023-07,맛있어유~~특히식빵이 너무 맛있어서 지금 먹고 있어요,긍정적,긍정적,긍정적,알 수 없음,알 수 없음
2023-08,가성비 짱 커피,긍정적,긍정적,긍정적,알 수 없음,알 수 없음
2023-07,탕종 저렴 :),긍정적,긍정적,긍정적,알 수 없음,알 수 없음
2023-10,좋아요,긍정적,긍정적,알 수 없음,알 수 없음,알 수 없음
2023-04,"베지텐더랑 반숙란 샌드위치 좋아요~
이런종류 많아지면 좋겠어요.
가격은 좀....",긍정적,긍정적,긍정적,알 수 없음,부정적
2024-01,굿,긍정적,긍정적,긍정적,알 수 없음,알 수 없음
2023-05,"통신사 할인도 받고 뚜레쥬르 생케 맛있어요
굿",긍정적,긍정적,긍정적,알 수 없음,알 수 없음
2023-10,좋아요,긍정적,긍정적,알 수 없음,알 수 없음,알 수 없음
2023-09,맛있어요:),긍정적,긍정적,긍정적,알 수 없음,알 수 없음
2024-03,맛있어요,긍정적,긍정적,긍정적,알 수 없음,알 수 없음
2023-03,큰길가에 있어서 가끔 들르게 되는 곳,부정적,긍정적,알 수 없음,알 수 없음,알 수 없음
2023-03,좌석이 많아서 가볍게 끼니 채우기 좋아요♡,긍정적,긍정적,알 수 없음,긍정적,긍정적
2023-06,생크림식빵 조앙,긍정적,긍정적,긍정적,알 수 없음,알 수 없음
2023-09,통밀빵에 통밀이 많이 들었음좋겠어요 좋아요,긍정적,긍정적,긍정적,알 수 없음,알 수 없음
2023-06,갈때마다 직원분들 친절하고 뚜레쥬르빵 맛있어요 ㅎㅎ,긍정적,긍정적,긍정적,긍정적,알 수 없음
2023-07,빵 맛있어요 ❤️,긍정적,긍정적,긍정적,알 수 없음,알 수 없음
2023-06,집에서 가까워서 좋아요 아내랑 아들이 다녀왔는데 좋아해요,긍정적,긍정적,알 수 없음,긍정적,알 수 없음
2023-06,빵이 다양하고 맛도 좋아요,긍정적,긍정적,긍정적,알 수 없음,알 수 없음
2023-04,직원분이 친절하진 않지만..쏘쏘해요,부정적,부정적,알 수 없음,부정적,알 수 없음
2023-03,"남편기다리느라 좀 오래앉아있었는데
눈치안주셔서 감사합니다^-^",긍정적,긍정적,알 수 없음,긍정적,알 수 없음
2023-12,좋아요,긍정적,긍정적,알 수 없음,알 수 없음,알 수 없음
2023-08,좋아요 여기,긍정적,긍정적,알 수 없음,긍정적,알 수 없음
2023-08,굿,긍정적,긍정적,긍정적,알 수 없음,알 수 없음
2023-08,괜찮아요,긍정적,긍정적,알 수 없음,알 수 없음,알 수 없음
2023-05,베이직한 맛이라서 좋아요,긍정적,긍정적,긍정적,알 수 없음,알 수 없음
2023-09,굿,긍정적,긍정적,긍정적,알 수 없음,알 수 없음
2024-01,알바생분이 친절하시네요,긍정적,긍정적,알 수 없음,긍정적,알 수 없음
2023-03,"회사앞에 있어서 종종가요
초코퐁당이 있어서 너무 좋아요!!!!!!!🍫",긍정적,긍정적,긍정적,알 수 없음,알 수 없음
2023-04,"주차는 안되지만 그래도 몇안되는 뚜레쥬르
예요",부정적,긍정적,긍정적,부정적,알 수 없음
2023-02,겹겹이 초코퐁당 맛있어요 초코좋아하시는분들 도전해보세요,긍정적,긍정적,긍정적,알 수 없음,알 수 없음
2023-04,맛있스습니다,긍정적,긍정적,긍정적,알 수 없음,알 수 없음
2024-03,친절해요,긍정적,긍정적,알 수 없음,긍정적,알 수 없음
2023-08,굿,긍정적,긍정적,긍정적,알 수 없음,알 수 없음
2023-05,빵 커피 맛있어요,긍정적,긍정적,긍정적,알 수 없음,알 수 없음
2023-12,커피가 맛있어요~,긍정적,긍정적,긍정적,알 수 없음,알 수 없음
2023-05,빵이 맛있어요,긍정적,긍정적,긍정적,알 수 없음,알 수 없음
2023-09,좋아요,긍정적,긍정적,알 수 없음,알 수 없음,알 수 없음
2023-04,종류 다양하고 겹겹이 초코 퐁당 팔아서 좋아요,긍정적,긍정적,긍정적,알 수 없음,알 수 없음
2023-08,굿,긍정적,긍정적,긍정적,알 수 없음,알 수 없음
2023-04,편안하고 대화하기 좋네요,긍정적,긍정적,알 수 없음,긍정적,알 수 없음
2022-12,"오래된 뚜레쥬르 맛집
직원분들도 친절하고 빵도 맛있고 할인 행사도 자주 해서 내가 좋아하는 곳이에요",긍정적,긍정적,긍정적,긍정적,알 수 없음
2022-12,뚜레쥬르 있지만 직원분들이 친절해요 그리고 빵도 마구마구 하고 할인을 자주 해요 행사를 하면은 얼 것들이 많으만이 있습니다,긍정적,긍정적,알 수 없음,긍정적,긍정적
2023-10,주차할공간이 없는데 빨리 빵 사고 가기 좋습니다. 빵이 다양하고 친절하세요,긍정적,긍정적,긍정적,긍정적,알 수 없음
2023-05,나쁘지 않네요 ~,긍정적,긍정적,긍정적,알 수 없음,알 수 없음
2023-06,굿,긍정적,긍정적,긍정적,알 수 없음,알 수 없음
2023-06,굿,긍정적,긍정적,긍정적,알 수 없음,알 수 없음
2023-03,t멤버십 할인으로 저렴하게 샀네요,긍정적,긍정적,알 수 없음,긍정적,알 수 없음
2023-03,하린이 좋았어요. 그런데 샌드위치 빵이 조금 퍽퍽했어요. 친절해서 좋아요.,긍정적,긍정적,부정적,긍정적,알 수 없음
2023-05,동네 오래된 뚜레쥬르 오랫동안 있었으면 좋겠어요,긍정적,긍정적,알 수 없음,긍정적,알 수 없음
2023-07,친절해요,긍정적,긍정적,알 수 없음,긍정적,알 수 없음
2023-04,"저렴한 가격에 구매할수 있어 좋아요
동네에 남은 뚜레쥬르 대박나세요",긍정적,긍정적,알 수 없음,긍정적,긍정적
2024-01,맛있어요,긍정적,긍정적,긍정적,알 수 없음,알 수 없음
2023-07,좋아요,긍정적,긍정적,알 수 없음,알 수 없음,알 수 없음
2023-05,샌드위치 맛있어요!!,긍정적,긍정적,긍정적,알 수 없음,알 수 없음
2023-03,"아침에 있는 직원이 좀 불친절하지만...
그래도 자주 가요",부정적,긍정적,알 수 없음,부정적,알 수 없음
2023-07,굿,긍정적,긍정적,긍정적,알 수 없음,알 수 없음
2023-07,굿,긍정적,긍정적,긍정적,알 수 없음,알 수 없음
2023-04,항상 잘먹고있어요,긍정적,긍정적,긍정적,알 수 없음,알 수 없음
2023-07,좋아요,긍정적,긍정적,알 수 없음,알 수 없음,알 수 없음
2023-06,맛있어요~,긍정적,긍정적,긍정적,알 수 없음,알 수 없음
2023-03,뚜레쥬르 베이직한 맛이라 좋아용,긍정적,긍정적,긍정적,알 수 없음,알 수 없음
2023-03,아침에 일찍 열어서 좋음 !!,긍정적,긍정적,알 수 없음,긍정적,알 수 없음
2023-03,겹겹이 초코 퐁당 수집가입니다,긍정적,긍정적,긍정적,알 수 없음,알 수 없음
2023-01,"사장님 친절하시고 매장 깨끗해요

샐러드 9800원 와우 강남 물가 놀라고 가요",긍정적,긍정적,알 수 없음,긍정적,부정적
2023-03,사장님께서 상당히 친절하셨어요,긍정적,긍정적,알 수 없음,긍정적,알 수 없음
2023-01,"할인,적립잘 챙겨줘서 좋아요",긍정적,긍정적,알 수 없음,긍정적,알 수 없음
2023-06,굿,긍정적,긍정적,긍정적,알 수 없음,알 수 없음
2023-02,아침마다 빵사러 빵순이 출근,긍정적,긍정적,긍정적,알 수 없음,알 수 없음
2023-07,직원분이 친절해요^^,긍정적,긍정적,알 수 없음,긍정적,알 수 없음
2023-03,샌드위치 맛있어요.,긍정적,긍정적,긍정적,알 수 없음,알 수 없음
2023-03,대로변에있어서 매장 찾기 좋아요.,긍정적,긍정적,알 수 없음,알 수 없음,알 수 없음
2023-04,굳,긍정적,긍정적,알 수 없음,알 수 없음,알 수 없음
2023-02,친절해요 치즈타르트 꿀맛,긍정적,긍정적,긍정적,긍정적,알 수 없음
2023-05,뚜쥬중에 땡겨요 행사제외매장,긍정적,긍정적,긍정적,알 수 없음,알 수 없음
2023-04,매장이 넓어요,긍정적,긍정적,알 수 없음,알 수 없음,알 수 없음
2023-05,"기프티콘이 있어서 갔는데 가격이 올랐다고..
같은 빵도 추가비용 내야한대서
그냥 다른 빵으로 가져왔어요..
커피숍들은 차액할인되던데 아쉽네요..
그리고 꽈베기가 좀 기름지고 퍽퍽하네요ㅠ",부정적,부정적,부정적,부정적,알 수 없음
2023-01,"옛날 사라다 고로케 맛있어요 ~
매장은 좀 추운 편",긍정적,긍정적,긍정적,부정적,알 수 없음
2022-12,"스콘이 이릏게나 크다니!!
하지만, 맛도 jmt~",긍정적,긍정적,긍정적,알 수 없음,부정적
2023-03,샌드위치가 신선하면서 참 맛있네요:),긍정적,긍정적,긍정적,알 수 없음,알 수 없음
2023-01,"빵맛난게 여러가지 있고 티,커피도 괜찮고 좋아요~",긍정적,긍정적,긍정적,알 수 없음,알 수 없음
2023-02,T페이 안되는점 아쉽네요. 빵도 더 종류가 많고 친절하면 더 좋겠습니다,부정적,부정적,알 수 없음,긍정적,알 수 없음
2023-05,군,부정적,긍정적,알 수 없음,알 수 없음,알 수 없음
2023-03,집에서 가깝고 이용하기 편해요,긍정적,긍정적,알 수 없음,긍정적,알 수 없음
2023-03,식빵 사러 갑니다 맛있어요,긍정적,긍정적,긍정적,알 수 없음,알 수 없음
2023-03,맛있어요,긍정적,긍정적,긍정적,알 수 없음,알 수 없음
2023-05,좋아요,긍정적,긍정적,알 수 없음,알 수 없음,알 수 없음
2022-12,샌드위치+커피 꿀조합.. 통신사 할인돼서 좋음,긍정적,긍정적,긍정적,긍정적,알 수 없음
2022-11,통신사 할인돼서 좋음. 샐러드랑 샌드위치는 여기가 젤 맛있는듯.. 사진은 놀랍게도 치즈브라우니임.,긍정적,긍정적,긍정적,알 수 없음,알 수 없음
2023-05,굿,긍정적,긍정적,긍정적,알 수 없음,알 수 없음
2023-04,굿,긍정적,긍정적,긍정적,알 수 없음,알 수 없음
2023-02,샌드위치류 식사류맛남,긍정적,긍정적,긍정적,알 수 없음,알 수 없음
2022-12,매장 깨끗하고 친절하고 좋아요^^,긍정적,긍정적,알 수 없음,긍정적,알 수 없음
2022-11,"뜌레쥬르에서는 스콘이 제일 맛있는데..
정작 스콘 사진은 안찍었네용ㅎㅎㅎ",긍정적,긍정적,긍정적,부정적,알 수 없음
2023-01,"ㅎ알바생 친절합니다!
빵도마싯네요 🍞",긍정적,긍정적,긍정적,긍정적,알 수 없음
2023-03,샌드위치는 뚜쥬,긍정적,긍정적,긍정적,알 수 없음,알 수 없음
2023-03,샌드위치는 뚜쥬,긍정적,긍정적,긍정적,알 수 없음,알 수 없음
2023-01,"자주 방문합니다.
뚜레쥬르가 생각보다 은근 커피가 맛있어요.",긍정적,긍정적,긍정적,알 수 없음,알 수 없음
2023-01,매장이 깔끔하고 테이블도 많습니다.,긍정적,긍정적,긍정적,긍정적,알 수 없음
2022-11,"행사 멤버쉽할인이안되네여 ㅠ
가맹 가입을 안햇데여",부정적,긍정적,알 수 없음,부정적,부정적
2023-02,빵이 맛있어요,긍정적,긍정적,긍정적,알 수 없음,알 수 없음
2022-11,"회사근처인데 처음왔어요.
친절해요
사진은 먹다 찍었네요 하하",긍정적,긍정적,알 수 없음,긍정적,알 수 없음
2023-04,굿,긍정적,긍정적,긍정적,알 수 없음,알 수 없음
2023-02,제가 좋아하는 빵이 있어서 자주 갑니다,긍정적,긍정적,긍정적,알 수 없음,알 수 없음
2023-04,좋아요,긍정적,긍정적,알 수 없음,알 수 없음,알 수 없음
2023-02,일부러 막아놓으신건지 콘센트가 전부 안되네요,부정적,부정적,알 수 없음,부정적,알 수 없음
2023-04,맛있어요,긍정적,긍정적,긍정적,알 수 없음,알 수 없음
2023-03,겹겹이초코퐁당 먹으러 갑니다!,긍정적,긍정적,긍정적,알 수 없음,알 수 없음
2023-01,토끼의 해 기념 케잌,긍정적,긍정적,알 수 없음,알 수 없음,알 수 없음
2023-03,굿,긍정적,긍정적,긍정적,알 수 없음,알 수 없음
2022-11,아침 안 먹고 온 날 굿,긍정적,긍정적,알 수 없음,알 수 없음,긍정적
2023-02,샌드위치 종류 많아요!,긍정적,긍정적,알 수 없음,알 수 없음,긍정적
2022-11,"뚜레쥬르 빵이 젤 맛있더라구요
친절해요",긍정적,긍정적,긍정적,긍정적,알 수 없음
2023-03,그럭저럭,부정적,부정적,알 수 없음,알 수 없음,알 수 없음
2022-12,케이크 맛났어요,긍정적,긍정적,긍정적,알 수 없음,알 수 없음
2022-12,빵 종류 다양하고 진열이 잘되어있어요,긍정적,긍정적,알 수 없음,긍정적,알 수 없음
2023-03,굿,긍정적,긍정적,긍정적,알 수 없음,알 수 없음
2023-03,굿,긍정적,긍정적,긍정적,알 수 없음,알 수 없음
2023-01,추억의사라다고로케 너무 맛있음,긍정적,긍정적,긍정적,알 수 없음,알 수 없음
2023-01,"저렴한 가격에 구매할수 있어 좋아요
집에서 가까워서 좋아요",긍정적,긍정적,알 수 없음,긍정적,알 수 없음
2023-02,직원분이 친절해요,긍정적,긍정적,알 수 없음,긍정적,알 수 없음
2023-03,빵맛집👍,긍정적,긍정적,긍정적,알 수 없음,알 수 없음
2022-11,종류가 다양하고 맛있어요,긍정적,긍정적,긍정적,알 수 없음,알 수 없음
2023-01,깨끗하고 좋아요^^,긍정적,긍정적,알 수 없음,긍정적,알 수 없음
2022-12,이거 사러 여기 갑니다.변함없이 친절하시고 좋아하는 메뉴가 많아서 좋습니다~,긍정적,긍정적,알 수 없음,긍정적,알 수 없음
2022-12,"빵종류는많이없지만
자주이용하고있어요^^",긍정적,긍정적,알 수 없음,긍정적,부정적
2022-12,"매장에 여직원이 손님이 뭐를 물어봐도
대답은 건성건성... 몆번째 방문해도 친절하지 못해 오늘에서야 글을 씁니다.
친절까지는 기대한해도... 손님이 물어본건 최소한 답변이나 잘하세요",부정적,부정적,알 수 없음,부정적,알 수 없음
2023-01,파바보다 맛있는 뚜쥬,긍정적,긍정적,긍정적,알 수 없음,알 수 없음
2022-12,뜌쥬 맛있는데 매장 넘 적음ㅠㅠ,부정적,긍정적,긍정적,부정적,알 수 없음
2022-12,갈때마다 사는거예요 다른곳보다 제가 원하는 메뉴가 많아서 다른곳보다 더 자주가요,긍정적,긍정적,긍정적,알 수 없음,알 수 없음
2022-12,자리도 많고 빵 종류도 많아서 좋아요~ 아침 일찍 열어서 아침 먹기도 좋아요!!,긍정적,긍정적,알 수 없음,긍정적,긍정적
2023-01,샌드위치 존맛,긍정적,긍정적,긍정적,알 수 없음,알 수 없음
2023-02,좋습니다.,긍정적,긍정적,알 수 없음,알 수 없음,알 수 없음
2022-12,알바생 불친절한 매장. 사장도 비슷. 매장은 깔끔한데 빵굽는 주방은 지저분하고 어수선.,부정적,부정적,알 수 없음,부정적,알 수 없음
2022-12,뚜레주르 소금빵 레전드,긍정적,긍정적,알 수 없음,알 수 없음,알 수 없음
2023-01,식빵 작은거 좋음,긍정적,긍정적,긍정적,알 수 없음,부정적
2023-05,샌드위치 맛있어요,긍정적,긍정적,긍정적,알 수 없음,알 수 없음
2022-11,맛있고 친절하세요,긍정적,긍정적,긍정적,긍정적,알 수 없음
2023-02,.,알 수 없음,알 수 없음,알 수 없음,알 수 없음,알 수 없음
2022-10,빵은 조금 아쉽지만 친절해요,부정적,긍정적,부정적,긍정적,알 수 없음
2022-12,자주갑니다 좋아요,긍정적,긍정적,알 수 없음,긍정적,알 수 없음
2023-03,맛있어요.,긍정적,긍정적,긍정적,알 수 없음,알 수 없음
2022-11,"T할인으로 달려갔네요.
빵종류도 많고.. 좋아여. 친절하세요",긍정적,긍정적,긍정적,긍정적,알 수 없음
2023-01,친절하시고 좋아요.,긍정적,긍정적,알 수 없음,긍정적,알 수 없음
2022-12,친절하시고 자주가는데 깨끗하고 앉아서 먹기 편해요,긍정적,긍정적,알 수 없음,긍정적,알 수 없음
2023-03,굿,긍정적,긍정적,긍정적,알 수 없음,알 수 없음
2023-02,맛있어요,긍정적,긍정적,긍정적,알 수 없음,알 수 없음
2023-04,샐러드랑 샌드위치도많고 신선해요,긍정적,긍정적,긍정적,알 수 없음,알 수 없음
2022-11,뚜레쥬르 내가 즐겨 가는 곳입니다. 혼자라도 친구와 함께라도 깔끔하고 조용해서 좋아요 빵도 맛나죠,긍정적,긍정적,긍정적,알 수 없음,알 수 없음
2023-02,샐러드 사가요. 맛있기를!,긍정적,긍정적,긍정적,알 수 없음,알 수 없음
2022-11,"아이가 좋아할만한 케잌을 사러 방문했어요.
파☆보다 케잌의 종류가 다양해서 좋아요.",긍정적,긍정적,알 수 없음,긍정적,알 수 없음
2022-09,"가격은 점점 오르지만 맛잇어여
뚜레쥬르 매장이 마니음써여",부정적,긍정적,긍정적,알 수 없음,알 수 없음
2023-03,굿,긍정적,긍정적,긍정적,알 수 없음,알 수 없음
2022-11,빵종류가 다양해여,긍정적,긍정적,알 수 없음,알 수 없음,긍정적
2023-02,좋아요,긍정적,긍정적,알 수 없음,알 수 없음,알 수 없음
2023-02,굿,긍정적,긍정적,긍정적,알 수 없음,알 수 없음
2023-02,좋아요,긍정적,긍정적,알 수 없음,알 수 없음,알 수 없음
2022-11,빵도 다양하고 일찍 열어서 넘 좋아요~,긍정적,긍정적,긍정적,긍정적,알 수 없음
2023-01,.,알 수 없음,알 수 없음,알 수 없음,알 수 없음,알 수 없음
2023-02,좋아요,긍정적,긍정적,알 수 없음,알 수 없음,알 수 없음
2022-11,"불친절,비쌈,종류적음",부정적,부정적,알 수 없음,부정적,부정적
2023-01,맛있어요,긍정적,긍정적,긍정적,알 수 없음,알 수 없음
2022-11,생크림빵 맛있어용,긍정적,긍정적,긍정적,알 수 없음,알 수 없음
2022-08,빵 종류 많고 맛있어요,긍정적,긍정적,긍정적,알 수 없음,알 수 없음
2022-12,맛있고 좋아요 좋아요,긍정적,긍정적,긍정적,알 수 없음,알 수 없음
2023-01,좋아요,긍정적,긍정적,알 수 없음,알 수 없음,알 수 없음
2023-02,좋아요,긍정적,긍정적,알 수 없음,알 수 없음,알 수 없음
2022-12,빵 다양하고 맛있어요,긍정적,긍정적,긍정적,알 수 없음,알 수 없음
2022-08,"회사근처 뜨레쥬르
점심식사후 간단히 디저트하기에 편리함👏👏👏

뜨레쥬르는 뭐니뭐니해도 브라우니짱👍👍👍",긍정적,긍정적,긍정적,알 수 없음,알 수 없음
2023-03,조용히 대화하기 좋아요,긍정적,긍정적,알 수 없음,긍정적,알 수 없음
2022-10,작아도 편한 좌석이 있어 좋네요,긍정적,긍정적,알 수 없음,긍정적,알 수 없음
2022-11,반숙란샌드위치맛나요.T할인넘좋군요,긍정적,긍정적,긍정적,긍정적,알 수 없음
2022-12,굿,긍정적,긍정적,긍정적,알 수 없음,알 수 없음
2023-04,굿,긍정적,긍정적,긍정적,알 수 없음,알 수 없음
2022-10,젊은 여자 직원분 불친절해요,부정적,부정적,알 수 없음,부정적,알 수 없음
2022-09,카페도 같이 있어 대화하기좋아요,긍정적,긍정적,알 수 없음,긍정적,알 수 없음
2022-07,"오늘 바쁠 것 같아서 아침에 점심에 먹을 빵을 사왔는데 메뉴 선정 대성공-!
크림치즈베이글과 소금버터롤 추천합니댜-!
(*^▽^*)b",긍정적,긍정적,긍정적,알 수 없음,알 수 없음
2022-12,샷,긍정적,긍정적,알 수 없음,알 수 없음,알 수 없음
2023-01,굿굿,긍정적,긍정적,긍정적,알 수 없음,알 수 없음
2022-11,.,알 수 없음,알 수 없음,알 수 없음,알 수 없음,알 수 없음
2022-11,샐러드맛있똬,긍정적,긍정적,긍정적,알 수 없음,알 수 없음
2022-10,케익 종류가 다양해요,긍정적,긍정적,긍정적,알 수 없음,알 수 없음
2023-01,맛있어요,긍정적,긍정적,긍정적,알 수 없음,알 수 없음
2023-02,맛있어요~,긍정적,긍정적,긍정적,알 수 없음,알 수 없음
2022-12,좋아요,긍정적,긍정적,알 수 없음,알 수 없음,알 수 없음
2022-12,좋아요,긍정적,긍정적,알 수 없음,알 수 없음,알 수 없음
2022-08,할인받아 저렴하게 구매했어요,긍정적,긍정적,알 수 없음,긍정적,알 수 없음
2022-10,친철하진 않네요,부정적,부정적,알 수 없음,부정적,알 수 없음
2022-10,자주들립니ㅏㅇ,긍정적,긍정적,알 수 없음,알 수 없음,알 수 없음
2022-11,굿,긍정적,긍정적,긍정적,알 수 없음,알 수 없음
2022-12,좋아요,긍정적,긍정적,알 수 없음,알 수 없음,알 수 없음
2022-06,"베지랩이 나왔어요!!
나쵸딥도 매콤해서 좋아요~
맛나네요ㅠㅠ
낼은 텐더도 먹어볼거에요!",긍정적,긍정적,긍정적,알 수 없음,알 수 없음
2022-12,굿,긍정적,긍정적,긍정적,알 수 없음,알 수 없음
2023-03,굿,긍정적,긍정적,긍정적,알 수 없음,알 수 없음
2022-12,이건 아닌것같아서 사진찍었어요... 아무리 크리스마스시즌이라 빵시트를 예전에 만든거라도 너무 퍽퍽해요. 빵시트중간에 크림한줄 들어갈법한데 와..ㅜㅜ 빵판도그렇고 판에 시럽들러붙는걸봐도 확실히 오래전에 만든게 느껴집니다. 가격이 3만4천원인데 이정도 퀄리티면 안먹는것으로..ㅎㅎ SPC불매라 일부러 여기서 산건데 실망이 너무 큽니다. 앞으로 케이크는 그냥 개인빵집 케이크로 먹으려고요.,부정적,부정적,부정적,부정적,긍정적
2022-12,굿,긍정적,긍정적,긍정적,알 수 없음,알 수 없음
2023-02,디저트 맛있어요,긍정적,긍정적,긍정적,알 수 없음,알 수 없음
2022-11,굿,긍정적,긍정적,긍정적,알 수 없음,알 수 없음
2022-11,좋아요,긍정적,긍정적,알 수 없음,알 수 없음,알 수 없음
2022-12,좋아요,긍정적,긍정적,알 수 없음,알 수 없음,알 수 없음
2023-04,브라우니 맛있어요!,긍정적,긍정적,긍정적,알 수 없음,알 수 없음
2022-09,메뉴가 다양해요,긍정적,긍정적,알 수 없음,알 수 없음,긍정적
2022-11,굿,긍정적,긍정적,긍정적,알 수 없음,알 수 없음
2022-11,굿,긍정적,긍정적,긍정적,알 수 없음,알 수 없음
2022-11,크레이프 케익 맛있어요!,긍정적,긍정적,긍정적,알 수 없음,알 수 없음
2022-08,"그많던 싱아는 누가 다 먹었을까? 에이은
그많던 뚜레쥬르는 어디로 갔을까?",부정적,긍정적,알 수 없음,부정적,부정적
2022-09,빵 종류가 많아요,긍정적,긍정적,알 수 없음,알 수 없음,긍정적
2022-11,굿,긍정적,긍정적,긍정적,알 수 없음,알 수 없음
2023-02,좋아요,긍정적,긍정적,알 수 없음,알 수 없음,알 수 없음
2022-10,굿,긍정적,긍정적,긍정적,알 수 없음,알 수 없음
2022-11,좋아요,긍정적,긍정적,알 수 없음,알 수 없음,알 수 없음
2023-02,맛있어요,긍정적,긍정적,긍정적,알 수 없음,알 수 없음
2022-11,조아요,긍정적,긍정적,알 수 없음,알 수 없음,알 수 없음
2022-08,복숭아슴디 맛잇어요,긍정적,긍정적,긍정적,알 수 없음,알 수 없음
2022-11,굳,긍정적,긍정적,알 수 없음,알 수 없음,알 수 없음
2022-08,위치가 좋아요,긍정적,긍정적,알 수 없음,알 수 없음,알 수 없음
2022-09,.,알 수 없음,알 수 없음,알 수 없음,알 수 없음,알 수 없음
2022-09,좋아요,긍정적,긍정적,알 수 없음,알 수 없음,알 수 없음
2022-07,빵이 부드럽고 맛있어요,긍정적,긍정적,긍정적,알 수 없음,알 수 없음
2022-08,다음에 추천합니다.,긍정적,긍정적,알 수 없음,긍정적,알 수 없음
2022-10,.,알 수 없음,알 수 없음,알 수 없음,알 수 없음,알 수 없음
2022-07,불친절... 장사하기 싫으면 하지 말지 왜 장사하냐?ㅋ 사장이 불친절하면 이건 뭐지 ㅋㅋ,부정적,부정적,알 수 없음,부정적,알 수 없음
2022-07,커피가 다른곳보다 저렴,긍정적,긍정적,알 수 없음,알 수 없음,긍정적
2022-10,굿,긍정적,긍정적,긍정적,알 수 없음,알 수 없음
2022-09,맛있어요,긍정적,긍정적,긍정적,알 수 없음,알 수 없음
2022-12,좋아용,긍정적,긍정적,알 수 없음,알 수 없음,알 수 없음
2022-07,브라우니 맛있어요 :),긍정적,긍정적,긍정적,알 수 없음,알 수 없음
2022-10,굿,긍정적,긍정적,긍정적,알 수 없음,알 수 없음
2022-09,굿,긍정적,긍정적,긍정적,알 수 없음,알 수 없음
2022-10,맛있어요,긍정적,긍정적,긍정적,알 수 없음,알 수 없음
2022-08,그냥그래요,부정적,부정적,알 수 없음,알 수 없음,알 수 없음
2022-08,샌드위치맛집,긍정적,긍정적,알 수 없음,알 수 없음,알 수 없음
2022-08,굿,긍정적,긍정적,긍정적,알 수 없음,알 수 없음
2022-09,친절하세요,긍정적,긍정적,알 수 없음,긍정적,알 수 없음
2022-09,굿,긍정적,긍정적,긍정적,알 수 없음,알 수 없음
2022-05,케익쿠폰으로 먹고싶은거 다 집어왔어용,긍정적,긍정적,긍정적,긍정적,알 수 없음
2022-12,좋아요,긍정적,긍정적,알 수 없음,알 수 없음,알 수 없음
2022-06,치즈어니언치킨 샌드위치 맛있어요,긍정적,긍정적,긍정적,알 수 없음,알 수 없음
2022-09,굿,긍정적,긍정적,긍정적,알 수 없음,알 수 없음
2022-05,가끔 갑니다🍞🥐🥯🍰얼그레이 크림번 맛있어요,긍정적,긍정적,긍정적,알 수 없음,알 수 없음
2022-09,굿,긍정적,긍정적,긍정적,알 수 없음,알 수 없음
2022-09,굿,긍정적,긍정적,긍정적,알 수 없음,알 수 없음
2022-07,오래된곳 직영점보다 맛나요,긍정적,긍정적,긍정적,알 수 없음,알 수 없음
2022-09,친절해요,긍정적,긍정적,알 수 없음,긍정적,알 수 없음
2022-09,좋아요,긍정적,긍정적,알 수 없음,알 수 없음,알 수 없음
2022-06,빵이 맛있어요 보송보송,긍정적,긍정적,긍정적,알 수 없음,알 수 없음
2022-08,굿,긍정적,긍정적,긍정적,알 수 없음,알 수 없음
2022-07,굿,긍정적,긍정적,긍정적,알 수 없음,알 수 없음
2022-11,불친절,부정적,부정적,알 수 없음,부정적,알 수 없음
2022-10,맛있어요,긍정적,긍정적,긍정적,알 수 없음,알 수 없음
2022-06,레몬에이드는 실패네요 ㅠ,부정적,부정적,부정적,알 수 없음,알 수 없음
2022-09,친절해요,긍정적,긍정적,알 수 없음,긍정적,알 수 없음
2022-07,진짜 불친절함,부정적,부정적,알 수 없음,부정적,알 수 없음
2022-06,여기가 다른 곳 보다 빵도 크고 친절하시네여,긍정적,긍정적,긍정적,긍정적,긍정적
2022-08,굿,긍정적,긍정적,긍정적,알 수 없음,알 수 없음
2022-04,솔직하게 빵은 맛있고 종류다양함. 근데 진짜 갈때마다 직원들 표정 너무 안좋고 매장에 음악도 안틀어져있는데도 말을 너무 작게하고 웅얼거려서 뭔말하는지 모르겠음. 일하는거 힘들 수 있는데 서비스직으로 일하면서 매번 친절 할 순 없어도 매번 불친절하다고 느끼게 되면 그건 아니지 않나싶음 아침에 빵이랑 커피사가지고 나올때마다 뭔가 이게 맞나 싶음. 아 그리고 커피는 복불복 심해서 내리는 사람 마다 맛이 다름 맛있을땐 맛있고 맛없을땐 진짜 맛없음,부정적,부정적,긍정적,부정적,알 수 없음
2022-11,맛있어요~~,긍정적,긍정적,긍정적,알 수 없음,알 수 없음
2022-08,굳,긍정적,긍정적,알 수 없음,알 수 없음,알 수 없음
2022-05,얼그레이번 먹어봤어요 얼그레이향 향긋하게 나고 빵 폭신해요 맛있어요,긍정적,긍정적,긍정적,알 수 없음,알 수 없음
2022-07,ㄱ ㅅ,부정적,긍정적,알 수 없음,알 수 없음,알 수 없음
2022-10,좋아요,긍정적,긍정적,알 수 없음,알 수 없음,알 수 없음
2022-04,"위치도 좋고 깔끔합니다.
다만 직원분들 표정이 뚱한건지
불친절한건지요.
나갈때 인사 드려도 씹히고.ㅋㅋ",긍정적,긍정적,알 수 없음,부정적,알 수 없음
2022-10,러브리,긍정적,긍정적,알 수 없음,알 수 없음,알 수 없음
2022-07,ㅏ,부정적,부정적,알 수 없음,알 수 없음,알 수 없음
2022-07,맛있어요~~,긍정적,긍정적,긍정적,알 수 없음,알 수 없음
2022-05,맛잇어여,긍정적,긍정적,긍정적,알 수 없음,알 수 없음
2022-07,친절하심,긍정적,긍정적,알 수 없음,긍정적,알 수 없음
2022-08,좋아요,긍정적,긍정적,알 수 없음,알 수 없음,알 수 없음
2022-08,좋아요,긍정적,긍정적,알 수 없음,알 수 없음,알 수 없음
2022-07,맛있어요,긍정적,긍정적,긍정적,알 수 없음,알 수 없음
2022-07,굿,긍정적,긍정적,긍정적,알 수 없음,알 수 없음
2022-06,빵맛있어요,긍정적,긍정적,긍정적,알 수 없음,알 수 없음
2022-06,매장이 넓어서 좋아요,긍정적,긍정적,긍정적,긍정적,알 수 없음
2022-04,고구마라떼케잌 맛나네요,긍정적,긍정적,긍정적,알 수 없음,알 수 없음
2022-04,다른곳들보다 천원은 더 비싸네요ㅠ,부정적,부정적,알 수 없음,부정적,알 수 없음
2022-10,굿,긍정적,긍정적,긍정적,알 수 없음,알 수 없음
2022-06,좋은데 좀 좁아요,부정적,긍정적,알 수 없음,긍정적,부정적
2022-07,빵이 맛있어요,긍정적,긍정적,긍정적,알 수 없음,알 수 없음
2022-06,넘 맛나요,긍정적,긍정적,긍정적,알 수 없음,알 수 없음
2022-04,우유쉐이크 맛있어요~,긍정적,긍정적,긍정적,알 수 없음,알 수 없음
2022-07,굿,긍정적,긍정적,긍정적,알 수 없음,알 수 없음
2022-07,맛있어요~^^,긍정적,긍정적,긍정적,알 수 없음,알 수 없음
2022-07,맛있어요,긍정적,긍정적,긍정적,알 수 없음,알 수 없음
2022-07,빵맛있어요,긍정적,긍정적,긍정적,알 수 없음,알 수 없음
2022-06,굿,긍정적,긍정적,긍정적,알 수 없음,알 수 없음
2022-07,맛있어요,긍정적,긍정적,긍정적,알 수 없음,알 수 없음
2022-06,친절해요!,긍정적,긍정적,알 수 없음,긍정적,알 수 없음
2022-06,굿,긍정적,긍정적,긍정적,알 수 없음,알 수 없음
2021-12,"안짜게 먹으려 샐러드와 샌드위치를 샀으나...둘 다 짰어요 ㅋㅋ 맛있단 얘기~
샐러드 소스를 절반 넣어 먹을껄~",부정적,긍정적,부정적,알 수 없음,알 수 없음
2022-08,대화하기에적합,긍정적,긍정적,알 수 없음,알 수 없음,알 수 없음
2022-11,브라우니 맛있어요,긍정적,긍정적,긍정적,알 수 없음,알 수 없음
2022-06,긋,부정적,긍정적,알 수 없음,알 수 없음,알 수 없음
2022-04,밀크티케이크 맛있어요~ㅎㅎ,긍정적,긍정적,긍정적,알 수 없음,알 수 없음
2022-07,빵 맛있어요 ㅎ,긍정적,긍정적,긍정적,알 수 없음,알 수 없음
2022-03,"사라다 고로케 맛있었어요
재료가 신선한 느낌이였습니다",긍정적,긍정적,긍정적,알 수 없음,알 수 없음
2022-06,굿,긍정적,긍정적,긍정적,알 수 없음,알 수 없음
2022-06,괜찮아요,긍정적,긍정적,알 수 없음,알 수 없음,알 수 없음
2022-01,티거롤케익 맛있네요 빠바보다 나요 집근처에 없는게 아쉬워요,긍정적,긍정적,긍정적,알 수 없음,부정적
2022-02,빵도맛있고 괜찮은데..얼마전에구입한카야브라운 ..발라먹는거..스프레드샀는데유통기한이불과두달남았네요.,부정적,긍정적,긍정적,부정적,알 수 없음
2022-02,버스정류장 바로 옆에 있어 편리해요. 바깥에 작지만 작은 테이블로 있어요,긍정적,긍정적,알 수 없음,긍정적,부정적
2022-06,좋아요,긍정적,긍정적,알 수 없음,알 수 없음,알 수 없음
2022-06,좋아요,긍정적,긍정적,알 수 없음,알 수 없음,알 수 없음
2022-02,"빵 너무 맛있고, 매장도 깨끗",긍정적,긍정적,긍정적,알 수 없음,알 수 없음
2022-05,굿,긍정적,긍정적,긍정적,알 수 없음,알 수 없음
2022-05,굿,긍정적,긍정적,긍정적,알 수 없음,알 수 없음
2022-03,소금빵 에프에 돌려먹으면 맛나요,긍정적,긍정적,긍정적,알 수 없음,알 수 없음
2022-04,맛있어요,긍정적,긍정적,긍정적,알 수 없음,알 수 없음
2022-05,굿,긍정적,긍정적,긍정적,알 수 없음,알 수 없음
2022-01,빵이맛있어요.종종갑니다~,긍정적,긍정적,긍정적,알 수 없음,알 수 없음
2022-04,좋아요,긍정적,긍정적,알 수 없음,알 수 없음,알 수 없음
2021-11,뚜레쥬르는 참 샐러드가 식사대용으로 좋아요 푸짐하고 배불러요...그리고 베이직한 맛이에요!,긍정적,긍정적,긍정적,알 수 없음,긍정적
2022-05,굿,긍정적,긍정적,긍정적,알 수 없음,알 수 없음
2022-01,"매장 깨끗하고, 친절해요. 빵은 비싸요",긍정적,긍정적,알 수 없음,긍정적,부정적
2022-04,굿,긍정적,긍정적,긍정적,알 수 없음,알 수 없음
2022-01,종종 방문드리는곳^^,긍정적,긍정적,긍정적,알 수 없음,알 수 없음
2022-03,굿,긍정적,긍정적,긍정적,알 수 없음,알 수 없음
2022-04,굳,긍정적,긍정적,알 수 없음,알 수 없음,알 수 없음
2022-04,굿,긍정적,긍정적,긍정적,알 수 없음,알 수 없음
2022-07,친절해요,긍정적,긍정적,알 수 없음,긍정적,알 수 없음
2022-10,맛있어용,긍정적,긍정적,긍정적,알 수 없음,알 수 없음
2022-03,좋아요,긍정적,긍정적,알 수 없음,알 수 없음,알 수 없음
2022-03,빵종류가 많아서 좋아요. 아침일찍 시작돼서 정말 좋아요,긍정적,긍정적,알 수 없음,긍정적,알 수 없음
2022-04,굿,긍정적,긍정적,긍정적,알 수 없음,알 수 없음
2021-12,"친절하고 쾌적해요
요새 물가는 장난아니에요 그래도 잘먹을게요♥️",긍정적,긍정적,알 수 없음,긍정적,알 수 없음
2022-02,빵집,긍정적,긍정적,알 수 없음,알 수 없음,알 수 없음
2022-04,굿,긍정적,긍정적,긍정적,알 수 없음,알 수 없음
2022-04,좋아요,긍정적,긍정적,알 수 없음,알 수 없음,알 수 없음
2022-07,굿,긍정적,긍정적,긍정적,알 수 없음,알 수 없음
2022-03,좋아요,긍정적,긍정적,알 수 없음,알 수 없음,알 수 없음
2022-03,맛있어요,긍정적,긍정적,긍정적,알 수 없음,알 수 없음
2022-03,ㅊㄱ,부정적,긍정적,알 수 없음,알 수 없음,알 수 없음
2022-01,가끔갑니다^^,긍정적,긍정적,알 수 없음,알 수 없음,알 수 없음
2022-01,친절하고 깨끗해요.,긍정적,긍정적,알 수 없음,긍정적,알 수 없음
2022-02,굿,긍정적,긍정적,긍정적,알 수 없음,알 수 없음
2022-02,굿,긍정적,긍정적,긍정적,알 수 없음,알 수 없음
2022-01,💜,긍정적,긍정적,알 수 없음,알 수 없음,알 수 없음
2021-11,빵 종류도 많고 맛있어요. 근데 비싸네요ㅜㅜ,긍정적,긍정적,긍정적,알 수 없음,부정적
2021-12,버스정류장 바로 앞에 있고 작은 야외좌석이 있어요,긍정적,긍정적,알 수 없음,긍정적,알 수 없음
2022-01,아침에 빵사기 좋습니다~,긍정적,긍정적,긍정적,알 수 없음,알 수 없음
2022-03,좋아요,긍정적,긍정적,알 수 없음,알 수 없음,알 수 없음
2021-12,레몬파운드 염굿,긍정적,긍정적,긍정적,알 수 없음,알 수 없음
2022-01,맛있어요,긍정적,긍정적,긍정적,알 수 없음,알 수 없음
2022-02,굿,긍정적,긍정적,긍정적,알 수 없음,알 수 없음
2022-02,좋아요,긍정적,긍정적,알 수 없음,알 수 없음,알 수 없음
2022-02,굿,긍정적,긍정적,긍정적,알 수 없음,알 수 없음
2021-11,브라우니 염긋,긍정적,긍정적,알 수 없음,알 수 없음,알 수 없음
2021-10,초코케이크 너무 맛있어요 :) 사이즈 다양하게 있어서 좋아요!,긍정적,긍정적,긍정적,알 수 없음,긍정적
2022-02,좋아요,긍정적,긍정적,알 수 없음,알 수 없음,알 수 없음
2022-08,맛있어요,긍정적,긍정적,긍정적,알 수 없음,알 수 없음
2022-02,좋아요,긍정적,긍정적,알 수 없음,알 수 없음,알 수 없음
2022-01,ㅏ,부정적,부정적,알 수 없음,알 수 없음,알 수 없음
2021-11,넓고 다양한빵이있어서좋아요,긍정적,긍정적,긍정적,알 수 없음,알 수 없음
2021-11,염굿,긍정적,긍정적,알 수 없음,알 수 없음,알 수 없음
2022-01,굿,긍정적,긍정적,긍정적,알 수 없음,알 수 없음
2021-11,버스정류장 바로 옆에 있어 편해요,긍정적,긍정적,알 수 없음,긍정적,알 수 없음
2022-04,친절해요.,긍정적,긍정적,알 수 없음,긍정적,알 수 없음
2021-12,맛있어요,긍정적,긍정적,긍정적,알 수 없음,알 수 없음
2021-10,사라다고로케도 맛있고 초코 도넛도 맛있었어요,긍정적,긍정적,긍정적,알 수 없음,알 수 없음
2021-12,저아영,알 수 없음,알 수 없음,알 수 없음,알 수 없음,알 수 없음
2022-01,굿굿!!,긍정적,긍정적,긍정적,알 수 없음,알 수 없음
2021-10,친절하고 좋아요,긍정적,긍정적,알 수 없음,긍정적,알 수 없음
2021-10,직원분이 친절합니다,긍정적,긍정적,알 수 없음,긍정적,알 수 없음
2021-11,샌드위치 맛있어요,긍정적,긍정적,긍정적,알 수 없음,알 수 없음
2021-10,버스정류장 앞이라 편해요,긍정적,긍정적,알 수 없음,긍정적,알 수 없음
2022-01,좋아요,긍정적,긍정적,알 수 없음,알 수 없음,알 수 없음
2021-12,친절해영,긍정적,긍정적,알 수 없음,긍정적,알 수 없음
2021-09,한라봉케이크 보통 케이크보다는 맛있어요,긍정적,긍정적,긍정적,알 수 없음,알 수 없음
2021-10,빵종류가 별루없어요,부정적,부정적,부정적,알 수 없음,알 수 없음
2021-10,종류꽤 많고 괜찮아요.,긍정적,긍정적,알 수 없음,긍정적,알 수 없음
2022-03,굳,긍정적,긍정적,알 수 없음,알 수 없음,알 수 없음
2022-01,굿,긍정적,긍정적,긍정적,알 수 없음,알 수 없음
2022-01,맛있습니다~,긍정적,긍정적,긍정적,알 수 없음,알 수 없음
2021-12,ㅡㅡ,부정적,부정적,알 수 없음,알 수 없음,알 수 없음
2022-01,좋아요,긍정적,긍정적,알 수 없음,알 수 없음,알 수 없음
2021-11,좋아요,긍정적,긍정적,알 수 없음,알 수 없음,알 수 없음
2021-11,괜찮아요,긍정적,긍정적,알 수 없음,알 수 없음,알 수 없음
2021-12,ㅇ,알 수 없음,알 수 없음,알 수 없음,알 수 없음,알 수 없음
2021-10,불친절해서 기분이 안 좋아졌어요,부정적,부정적,알 수 없음,부정적,알 수 없음
2021-12,굿,긍정적,긍정적,긍정적,알 수 없음,알 수 없음
2022-07,빵이 많아요,긍정적,긍정적,알 수 없음,알 수 없음,긍정적
2022-06,굿,긍정적,긍정적,긍정적,알 수 없음,알 수 없음
2021-11,좋아요,긍정적,긍정적,알 수 없음,알 수 없음,알 수 없음
2021-09,아침에 빵이 좀 더 많았음 좋겠어요 ㅠㅠ,부정적,긍정적,알 수 없음,긍정적,부정적
2021-09,버스정류장 앞이라 편해요,긍정적,긍정적,알 수 없음,긍정적,알 수 없음
2021-11,"뚜레쥬르는
역시 크림빵 맛집",긍정적,긍정적,긍정적,알 수 없음,알 수 없음
2021-10,친절하고. 맛있어요,긍정적,긍정적,긍정적,긍정적,알 수 없음
2021-09,약간 탔어요 맛있네요,긍정적,긍정적,긍정적,알 수 없음,알 수 없음
2021-09,아침대용으로 옥수수빵,긍정적,긍정적,긍정적,알 수 없음,알 수 없음
2021-09,"결제하는데 손으로 재촉하고, 안녕히 계세요 인사하는데 대꾸도 없이 다음 손님 결제하고 최악입니다.",부정적,부정적,알 수 없음,부정적,알 수 없음
2021-11,친절합니다~,긍정적,긍정적,알 수 없음,긍정적,알 수 없음
2021-11,맛있어용~!~!,긍정적,긍정적,긍정적,알 수 없음,알 수 없음
2021-10,맛있어요.,긍정적,긍정적,긍정적,알 수 없음,알 수 없음
2021-08,빵 종류가 다양하지 않아요,부정적,부정적,알 수 없음,긍정적,부정적
2021-09,완젼 친절하셔요,긍정적,긍정적,알 수 없음,긍정적,알 수 없음
2022-03,좋아요,긍정적,긍정적,알 수 없음,알 수 없음,알 수 없음
2021-10,잘 먹었습니다,긍정적,긍정적,긍정적,알 수 없음,알 수 없음
2021-07,알바생들 너무 불친절 둘이 싸운건지 원래 그런건지 기분 잡치고 옴,부정적,부정적,부정적,부정적,알 수 없음
2021-11,굿,긍정적,긍정적,긍정적,알 수 없음,알 수 없음
2021-11,조아요~~~~=,긍정적,긍정적,긍정적,알 수 없음,알 수 없음
2021-08,"맛이야 다 아시니까 맛나요. 전메뉴가^^
친절하고 깨끗하고 저는 집이 가까워 자주 이용합니다.",긍정적,긍정적,긍정적,긍정적,알 수 없음
2021-10,좋아요,긍정적,긍정적,알 수 없음,긍정적,알 수 없음
2021-11,마담얼그레이크림 맛집,긍정적,긍정적,알 수 없음,알 수 없음,알 수 없음
2021-07,가까워서 좋구 좋아하는 빵이 많아요:),긍정적,긍정적,긍정적,알 수 없음,알 수 없음
2021-11,굿,긍정적,긍정적,긍정적,알 수 없음,알 수 없음
2021-07,"올때마다 느끼는거지만, 직원도 사장도 불친절함 역대급임 ㅎ
기분이 안좋으시면 그냥 출근을 안하시는게 맞지않은가,,,,,,
10번 다 기분좋게 방문해서 기분 언짢아져서 가게됨 ㅎㅎㅎㅎㅎㅎ 마법의 문",부정적,부정적,알 수 없음,부정적,알 수 없음
2021-11,맛있어요~,긍정적,긍정적,긍정적,알 수 없음,알 수 없음
2021-10,맛있어요,긍정적,긍정적,긍정적,알 수 없음,알 수 없음
2021-07,빵은 맛있는데 샐러드는 별로네용,긍정적,긍정적,긍정적,알 수 없음,부정적
2021-10,좋아요,긍정적,긍정적,알 수 없음,긍정적,알 수 없음
2021-07,케잌 종류가 생각보다없엇어요ㅜ,부정적,긍정적,알 수 없음,부정적,부정적
2021-09,긋,부정적,긍정적,알 수 없음,알 수 없음,알 수 없음
2021-09,😀,긍정적,긍정적,알 수 없음,알 수 없음,알 수 없음
2021-11,"좋은 빵
좋아요",긍정적,긍정적,긍정적,알 수 없음,알 수 없음
2021-10,좋아요!!,긍정적,긍정적,알 수 없음,긍정적,알 수 없음
2021-06,skt 할인되니 더욱 좋아요~,긍정적,긍정적,알 수 없음,긍정적,알 수 없음
2021-10,빵 맛있어요,긍정적,긍정적,긍정적,알 수 없음,알 수 없음
2021-08,뚜레쥬르,긍정적,긍정적,알 수 없음,알 수 없음,알 수 없음
2021-04,Sk vip픽으로 저렴하게구입,긍정적,긍정적,알 수 없음,긍정적,알 수 없음
2021-07,샌드위치 맛있어요,긍정적,긍정적,긍정적,알 수 없음,알 수 없음
2021-09,친절하고 빵 맛있어요~,긍정적,긍정적,긍정적,긍정적,알 수 없음
2021-05,직원이 피곤해보여서 덩달아 나도 피곤해졌지만..빵을 먹으니 힘이 났다,부정적,긍정적,긍정적,부정적,알 수 없음
2021-09,좋아요!,긍정적,긍정적,알 수 없음,긍정적,알 수 없음
2021-09,맛나요,긍정적,긍정적,긍정적,알 수 없음,알 수 없음
2021-08,친절해요,긍정적,긍정적,알 수 없음,긍정적,알 수 없음
2021-07,ㅔ,알 수 없음,알 수 없음,알 수 없음,알 수 없음,알 수 없음
2021-07,평범한빵집 ㅠ ㅠ,부정적,부정적,알 수 없음,부정적,알 수 없음
2021-06,"재고 먼저 팔려고..거짓말을..여러번 경험..사장,알바 다 불친절.",부정적,부정적,알 수 없음,부정적,알 수 없음
2021-07,9,긍정적,긍정적,알 수 없음,알 수 없음,알 수 없음
2021-10,조아요,긍정적,긍정적,알 수 없음,알 수 없음,알 수 없음
2021-04,언제나 프레쉬한 뚜레쥬르❤️,긍정적,긍정적,긍정적,알 수 없음,알 수 없음
2021-06,친절하지 않음,부정적,부정적,알 수 없음,부정적,알 수 없음
2021-05,빵 맛 괜찮은 제과점,긍정적,긍정적,긍정적,알 수 없음,알 수 없음
2021-05,종류도 많고 넓어서 좋아요,긍정적,긍정적,알 수 없음,긍정적,긍정적
2021-07,맛있어요,긍정적,긍정적,긍정적,알 수 없음,알 수 없음
2021-08,좋아요,긍정적,긍정적,알 수 없음,알 수 없음,알 수 없음
2021-05,뚜레쥬르 뱅뱅사거리,긍정적,긍정적,알 수 없음,알 수 없음,알 수 없음
2021-03,좋아요 분위기도 맛도 ~~,긍정적,긍정적,긍정적,알 수 없음,알 수 없음
2021-06,좋아요,긍정적,긍정적,알 수 없음,알 수 없음,알 수 없음
2021-03,"오늘 t멤버쉬 매직바코드 행사해서 갑자기 방문!
여기 캐릭터케익 특히 아이들이 좋아해요~^^",긍정적,긍정적,긍정적,긍정적,알 수 없음
2021-06,좋아요,긍정적,긍정적,알 수 없음,알 수 없음,알 수 없음
2021-07,맛있어용,긍정적,긍정적,긍정적,알 수 없음,알 수 없음
2021-02,"좋은데 빵종류가 다양하지,",긍정적,긍정적,긍정적,알 수 없음,부정적
2021-04,괜찮음 의외로 커피 맛있음,긍정적,긍정적,긍정적,알 수 없음,알 수 없음
2021-04,좋아요 음료는 그다지~~,부정적,부정적,알 수 없음,긍정적,부정적
2021-09,조아요,긍정적,긍정적,알 수 없음,알 수 없음,알 수 없음
2021-04,커피 맛있어요,긍정적,긍정적,긍정적,알 수 없음,알 수 없음
2021-05,좋아요,긍정적,긍정적,알 수 없음,알 수 없음,알 수 없음
2021-04,기본은 하는 빵집,부정적,부정적,알 수 없음,긍정적,부정적
2021-06,좋아요,긍정적,긍정적,알 수 없음,알 수 없음,알 수 없음
2021-06,맛있어요,긍정적,긍정적,긍정적,알 수 없음,알 수 없음
2021-06,괜찮아요,긍정적,긍정적,알 수 없음,알 수 없음,알 수 없음
2021-06,굿,긍정적,긍정적,긍정적,알 수 없음,알 수 없음
2021-01,연유브레드 먹고 싶었는데 없어서 아쉬웠음,부정적,긍정적,긍정적,부정적,알 수 없음
2021-04,😀😀😀😀😀,긍정적,긍정적,긍정적,알 수 없음,알 수 없음
2021-03,친절하시면 별 하나 더^^,긍정적,긍정적,알 수 없음,긍정적,알 수 없음
2021-01,깔끔하고 친절해서 좋아요,긍정적,긍정적,알 수 없음,긍정적,알 수 없음
2021-01,"도로변에 있어서 찾기 편해요. 매장 넓고, 상품이 많아요. 친절하십니다",긍정적,긍정적,알 수 없음,긍정적,알 수 없음
2021-11,맛남,긍정적,긍정적,알 수 없음,알 수 없음,알 수 없음
2021-02,케익 종류 많아요,긍정적,긍정적,알 수 없음,알 수 없음,긍정적
2021-04,맛있어요,긍정적,긍정적,긍정적,알 수 없음,알 수 없음
2021-03,케이크는 뚜레쥬르!,긍정적,긍정적,긍정적,알 수 없음,알 수 없음
2021-04,맛있어요,긍정적,긍정적,긍정적,알 수 없음,알 수 없음
2021-04,커피맛집ㅋㅋㅋ,긍정적,긍정적,긍정적,알 수 없음,알 수 없음
2021-04,조아요,긍정적,긍정적,알 수 없음,알 수 없음,알 수 없음
2021-03,친절해요,긍정적,긍정적,알 수 없음,긍정적,알 수 없음
2021-04,굿,긍정적,긍정적,긍정적,알 수 없음,알 수 없음
2021-03,빵 맛있고 매장 넓어요<<,긍정적,긍정적,긍정적,알 수 없음,알 수 없음
2021-07,좋아요,긍정적,긍정적,알 수 없음,알 수 없음,알 수 없음
2021-04,맛있어요,긍정적,긍정적,긍정적,알 수 없음,알 수 없음
2021-04,좋아요,긍정적,긍정적,알 수 없음,알 수 없음,알 수 없음
2021-04,맛있어요,긍정적,긍정적,긍정적,알 수 없음,알 수 없음
2021-03,빵 맛있어요,긍정적,긍정적,긍정적,알 수 없음,알 수 없음
2021-05,좋아요,긍정적,긍정적,알 수 없음,알 수 없음,알 수 없음
2020-12,매장이 넓고 쾌적해요,긍정적,긍정적,알 수 없음,긍정적,알 수 없음
2021-04,좋아요,긍정적,긍정적,알 수 없음,알 수 없음,알 수 없음
2020-12,글케 친절한느낌은 아닌데 빵은 맛있음,부정적,부정적,긍정적,부정적,알 수 없음
2021-02,좋아요,긍정적,긍정적,알 수 없음,알 수 없음,알 수 없음
2021-03,Good,긍정적,긍정적,알 수 없음,알 수 없음,알 수 없음
2021-03,맛있어요,긍정적,긍정적,긍정적,알 수 없음,알 수 없음
2021-03,맛있어요,긍정적,긍정적,긍정적,알 수 없음,알 수 없음
2021-03,좋습니당 ㅎㅎㅎ,긍정적,긍정적,알 수 없음,긍정적,알 수 없음
2021-01,굿굿,긍정적,긍정적,긍정적,알 수 없음,알 수 없음
2021-03,좋아요,긍정적,긍정적,알 수 없음,알 수 없음,알 수 없음
2021-03,굿,긍정적,긍정적,긍정적,알 수 없음,알 수 없음
2021-02,굿,긍정적,긍정적,긍정적,알 수 없음,알 수 없음
2021-03,맛있어요,긍정적,긍정적,긍정적,알 수 없음,알 수 없음
2021-02,좋아요,긍정적,긍정적,알 수 없음,알 수 없음,알 수 없음
2021-03,맛있어요,긍정적,긍정적,긍정적,알 수 없음,알 수 없음
2021-02,친절해요,긍정적,긍정적,알 수 없음,긍정적,알 수 없음
2021-03,굿,긍정적,긍정적,긍정적,알 수 없음,알 수 없음
2021-01,보통이에요,부정적,부정적,알 수 없음,알 수 없음,알 수 없음
2020-12,파리바게트보다 훨 좋음,긍정적,긍정적,긍정적,알 수 없음,알 수 없음
2021-02,친절해요,긍정적,긍정적,알 수 없음,긍정적,알 수 없음
2021-03,굿,긍정적,긍정적,긍정적,알 수 없음,알 수 없음
2021-01,친절해요,긍정적,긍정적,알 수 없음,긍정적,알 수 없음
2020-12,맛있어요~ 빵은 여기서!,긍정적,긍정적,긍정적,알 수 없음,알 수 없음
2021-04,맛잇어용,긍정적,긍정적,긍정적,알 수 없음,알 수 없음
2020-11,"바쁜 아침 분주히 움직이는 알바생분들
친절하구 빵도 맛있었어요 !! ^_^
커피도 맛있구 재방문 의사 있습니다 !!",긍정적,긍정적,긍정적,긍정적,알 수 없음
2020-12,자주이용하는곳입니다,긍정적,긍정적,알 수 없음,긍정적,알 수 없음
2021-01,좋아요,긍정적,긍정적,알 수 없음,알 수 없음,알 수 없음
2020-10,빵종류가 엄총 다양하진않은데 ㅎㅎ 신선하고 맛 괜찮아요,긍정적,긍정적,긍정적,알 수 없음,알 수 없음
2021-02,굿,긍정적,긍정적,긍정적,알 수 없음,알 수 없음
2021-01,좋아요,긍정적,긍정적,알 수 없음,알 수 없음,알 수 없음
2020-12,T day 30% 할인~^^,긍정적,긍정적,알 수 없음,알 수 없음,긍정적
2020-10,여덟시 반경에는 빵이 거의 없어서 아쉽 ㅠㅠ,부정적,긍정적,알 수 없음,부정적,부정적
2020-11,모바일쿠폰구매후 구매,부정적,긍정적,알 수 없음,알 수 없음,알 수 없음
2021-02,굿,긍정적,긍정적,긍정적,알 수 없음,알 수 없음
2021-02,맛있,긍정적,긍정적,알 수 없음,알 수 없음,알 수 없음
2021-01,빵샀어요,긍정적,긍정적,알 수 없음,알 수 없음,알 수 없음
2021-01,좋아요,긍정적,긍정적,알 수 없음,알 수 없음,알 수 없음
2021-03,좋아요,긍정적,긍정적,알 수 없음,알 수 없음,알 수 없음
2020-09,부드럽고 달아요. 맛있습니다.,긍정적,긍정적,긍정적,알 수 없음,알 수 없음
2020-10,매장이 크고 깔끔해요. 빵 종류가 많아서 좋아요.,긍정적,긍정적,알 수 없음,알 수 없음,긍정적
2020-10,"친절하시고, 커피도 늘 맛있습니당",긍정적,긍정적,긍정적,긍정적,알 수 없음
2020-12,.,알 수 없음,알 수 없음,알 수 없음,알 수 없음,알 수 없음
2020-10,쿠폰으로 잘 구매했어요~,긍정적,긍정적,알 수 없음,긍정적,알 수 없음
2021-01,친절합니다,긍정적,긍정적,알 수 없음,긍정적,알 수 없음
2021-02,맛있고 친절해요,긍정적,긍정적,긍정적,긍정적,알 수 없음
2021-01,괜찮아요,긍정적,긍정적,알 수 없음,알 수 없음,알 수 없음
2020-11,커피와 빵 맛나요~,긍정적,긍정적,긍정적,알 수 없음,알 수 없음
2020-08,"원래 밤 9시 이후 샐러드 30%할인 있었는데 사회적 거리두기 2.5 시행하니...
야채에 물 생기기 시작한 샐러드를 제값을 다 받네 ㅠㅠㅠ",부정적,긍정적,부정적,부정적,알 수 없음
2020-09,매장 깔끔하고 친절하세요,긍정적,긍정적,알 수 없음,긍정적,알 수 없음
2020-12,맛있어요,긍정적,긍정적,긍정적,알 수 없음,알 수 없음
2020-12,맛있어요,긍정적,긍정적,긍정적,알 수 없음,알 수 없음
2020-09,알바분이 친절하세요,긍정적,긍정적,알 수 없음,긍정적,알 수 없음
2020-12,좋아요.,긍정적,긍정적,알 수 없음,알 수 없음,알 수 없음
2020-08,빵종류가 많지않아요. 맛도 그럭저럭입니다.,부정적,부정적,부정적,알 수 없음,부정적
2020-11,좋아요,긍정적,긍정적,알 수 없음,알 수 없음,알 수 없음
2020-11,좋아요!!,긍정적,긍정적,알 수 없음,긍정적,알 수 없음
2020-09,샌드위치에서 시큼한 맛이나서 버렸어요,부정적,부정적,부정적,알 수 없음,알 수 없음
2020-07,"가끔 갑니다
오늘은 원하는빵이 안 구워졌더라고요 ㅜㅜ",부정적,긍정적,알 수 없음,부정적,알 수 없음
2020-08,빵맛잇어요 다양해요,긍정적,긍정적,긍정적,알 수 없음,알 수 없음
2020-08,샐러드가 좀 더 신선했으면 좋겠네요,부정적,부정적,부정적,알 수 없음,알 수 없음
2020-07,매장에 콘센트가 있었으면..,부정적,긍정적,알 수 없음,부정적,알 수 없음
2020-10,야식 냠냠,긍정적,긍정적,알 수 없음,알 수 없음,알 수 없음
2020-07,이른 시간에 문을 열어 좋아요.,긍정적,긍정적,알 수 없음,긍정적,알 수 없음
2020-10,좋아영,긍정적,긍정적,알 수 없음,알 수 없음,알 수 없음
2020-07,완두앙금빵 맛있어요!,긍정적,긍정적,긍정적,알 수 없음,알 수 없음
2020-09,불친절해요,부정적,부정적,알 수 없음,부정적,알 수 없음
2021-02,넓고 위치도 좋고 맛있어요,긍정적,긍정적,긍정적,알 수 없음,알 수 없음
2020-07,연유라떼 맛있어요,긍정적,긍정적,긍정적,알 수 없음,알 수 없음
2020-12,좋아요,긍정적,긍정적,알 수 없음,알 수 없음,알 수 없음
2020-07,바게트맛나요,긍정적,긍정적,긍정적,알 수 없음,알 수 없음
2020-06,다른 뜌레쥬르에 비해 가격이 싼편인거같아요 넘나 좋아용,긍정적,긍정적,알 수 없음,긍정적,알 수 없음
2020-08,종류가 다양합니다~!,긍정적,긍정적,알 수 없음,긍정적,알 수 없음
2020-05,"직원 불친절하네요.
동네라서가끔오는데..매번느낌ㅜ",부정적,부정적,알 수 없음,부정적,알 수 없음
2020-09,친절해요,긍정적,긍정적,알 수 없음,긍정적,알 수 없음
2021-04,자주갑니다다음에또올게요,긍정적,긍정적,알 수 없음,긍정적,알 수 없음
2020-09,맛있어요^^,긍정적,긍정적,긍정적,알 수 없음,알 수 없음
2020-08,식빵맛나요,긍정적,긍정적,긍정적,알 수 없음,알 수 없음
2020-07,생각보다 넓고 많아요,긍정적,긍정적,알 수 없음,알 수 없음,긍정적
2020-08,친절해요,긍정적,긍정적,알 수 없음,긍정적,알 수 없음
2020-04,친절하심. 치즈브라우니 맛있음,긍정적,긍정적,긍정적,긍정적,알 수 없음
2020-08,맛있어요,긍정적,긍정적,긍정적,알 수 없음,알 수 없음
2020-08,ㅇㅇㄹ,부정적,긍정적,알 수 없음,알 수 없음,알 수 없음
2020-06,아이스크림 맛있어요.,긍정적,긍정적,긍정적,알 수 없음,알 수 없음
2020-09,굿,긍정적,긍정적,긍정적,알 수 없음,알 수 없음
2020-05,분실물 문의하니 cctv도 봐주시고 친절하셨어요!,긍정적,긍정적,알 수 없음,긍정적,알 수 없음
2020-07,맛있어요♡,긍정적,긍정적,긍정적,알 수 없음,알 수 없음
2020-05,믿고먹는 뚜레,긍정적,긍정적,알 수 없음,알 수 없음,알 수 없음
2020-08,조아요,긍정적,긍정적,알 수 없음,알 수 없음,알 수 없음
2020-04,"그냥 가까운곳에 있어서 가는곳 맛도 다른 매장비해 평범, 서비스도 평범..",부정적,부정적,부정적,부정적,알 수 없음
2020-12,편리하고 깨끗한 곳이예요,긍정적,긍정적,알 수 없음,긍정적,알 수 없음
2020-04,"치즈방앗간 맛있네요.
달달겉 속엔 크림치즈가 쏙",긍정적,긍정적,긍정적,알 수 없음,알 수 없음
2020-07,좋아요 ㅎㅎ,긍정적,긍정적,알 수 없음,긍정적,알 수 없음
2020-04,케익 샀는데 엄청 오래된 걸 파는지 위에 과일 시럽이 되게 끈적하고 크림이 메말라있음,부정적,부정적,부정적,부정적,알 수 없음
2020-09,.,알 수 없음,알 수 없음,알 수 없음,알 수 없음,알 수 없음
2021-02,맛있는데 빵종류가 많지 않은듯해요,긍정적,긍정적,긍정적,알 수 없음,부정적
2020-09,맛나요,긍정적,긍정적,긍정적,알 수 없음,알 수 없음
2020-09,맛있어유,긍정적,긍정적,긍정적,알 수 없음,알 수 없음
2020-03,맛있고 다양하다,긍정적,긍정적,긍정적,알 수 없음,알 수 없음
2020-06,좋아요^^,긍정적,긍정적,긍정적,알 수 없음,알 수 없음
2020-06,존맛쿠,긍정적,긍정적,긍정적,알 수 없음,알 수 없음
2020-02,"홈매이드스타일 샌드위치는 종류별로 모두
맛있어요~",긍정적,긍정적,긍정적,알 수 없음,알 수 없음
2020-06,존맛,긍정적,긍정적,긍정적,알 수 없음,알 수 없음
2020-03,알바생이 친절한 곳,긍정적,긍정적,알 수 없음,긍정적,알 수 없음
2020-04,뚜리,부정적,긍정적,알 수 없음,알 수 없음,알 수 없음
2020-02,할인+할인 넘 좋아요,긍정적,긍정적,긍정적,알 수 없음,알 수 없음
2020-02,"뚜레주르 빵은 항상 맛나요
특히 양재는 직접 빵 구워서 좋으",긍정적,긍정적,긍정적,긍정적,알 수 없음
2020-03,배달 엄청 빠르네요,긍정적,긍정적,알 수 없음,긍정적,알 수 없음
2020-04,짱조아요,긍정적,긍정적,긍정적,알 수 없음,알 수 없음
2020-01,기프티콘 생기면 종종 가요,긍정적,긍정적,알 수 없음,긍정적,알 수 없음
2020-01,가까운 매장이 여기 뿐이라 종종 방문합니다,긍정적,긍정적,알 수 없음,긍정적,알 수 없음
2020-01,매장이 넓고 빵도 다양해요,긍정적,긍정적,긍정적,알 수 없음,알 수 없음
2020-02,친절해요,긍정적,긍정적,알 수 없음,긍정적,알 수 없음
2020-03,조아요,긍정적,긍정적,알 수 없음,알 수 없음,알 수 없음
2019-11,빵은 빠바👍,긍정적,긍정적,긍정적,알 수 없음,알 수 없음
2019-12,굿,긍정적,긍정적,긍정적,알 수 없음,알 수 없음
2019-10,굿,긍정적,긍정적,긍정적,알 수 없음,알 수 없음
2019-10,굿,긍정적,긍정적,긍정적,알 수 없음,알 수 없음
2019-07,굿,긍정적,긍정적,긍정적,알 수 없음,알 수 없음
2019-07,굿,긍정적,긍정적,긍정적,알 수 없음,알 수 없음
2019-07,굿,긍정적,긍정적,긍정적,알 수 없음,알 수 없음
2019-05,좋아요,긍정적,긍정적,알 수 없음,알 수 없음,알 수 없음
2019-04,ㄱㆍㅅ,부정적,긍정적,알 수 없음,알 수 없음,알 수 없음
