Date,Review,sentiment,Sentiment2,맛,서비스,양
2024-11,"여유로운 오전 크로플과 커피 한 잔이면 하루 에너지 충전 완료 입니다!
사장님 크로플 잘 구우세요~
꼭 드셔보세요^^",긍정적,긍정적,긍정적,긍정적,알 수 없음
2024-09,직원분들이 매우 친절하세요~ ㅎ,긍정적,긍정적,알 수 없음,긍정적,알 수 없음
2024-03,근처에 볼 일이 있어서 들렸어요. 음료 시키면 크로플 500원 할인됩니다. 설탕을 녹여서 코팅이 살짝 되있어서 그런지 시간이 지나도 바삭하고 커피랑 궁합도 너무 좋네요. 매장은 작지만 자리마다 콘센트가 있어서 충전하기 편했어요. 응대해주신 여자 사장님이 엄청 친절하세요! 덕분에 혼자왔지만 잘 이용하고 갑니당~♡,긍정적,긍정적,긍정적,긍정적,알 수 없음
2024-06,"더운 날씨엔 오미자 뱅쇼가 최고👍
올때마다 기분이 좋아지는 나만의 동네 맛집~♡
사장님 예쁘고 친절하신곳~",긍정적,긍정적,긍정적,긍정적,알 수 없음
2024-04,이 동네에서 가장 많이 이용하는 까페에요~ 친절하게 빠르게 음료를 준비해줍니다~ ㅎㅎ,긍정적,긍정적,알 수 없음,긍정적,알 수 없음
2024-03,회사앞에 있어서 자주 이용하는 커피집이에요~~~,긍정적,긍정적,알 수 없음,긍정적,알 수 없음
2024-04,항상 친절하게 음료준비해주십니다~ 도곡동 뱅뱅사거리의 까페3대장!!!!!!,긍정적,긍정적,알 수 없음,긍정적,알 수 없음
2024-02,"가성비 가심비 둘 다 좋은곳^^
오늘도 감사합니다🙇",긍정적,긍정적,알 수 없음,긍정적,알 수 없음
2024-05,친절합니다,긍정적,긍정적,알 수 없음,긍정적,알 수 없음
2023-12,"사장님도 예쁘시고 음료도 맛있는곳.
음악소리가 너무 크지않아 대화에 집중 하기도 좋아요~",긍정적,긍정적,긍정적,긍정적,알 수 없음
2023-10,"메뉴 종류 엄청 많은데도 척척 주문 소화 잘 해 내어 주시는거 신기~
베리에이션 커피 잘 안 사 먹는데 고품격커피공장에선 자꾸 사 먹게 돼요^^",긍정적,긍정적,알 수 없음,긍정적,긍정적
2024-06,좋아요,긍정적,긍정적,알 수 없음,알 수 없음,알 수 없음
2024-01,굳,긍정적,긍정적,알 수 없음,알 수 없음,알 수 없음
2023-05,"이집 커피 너무 좋아해서..
메뉴판을 사진찍어와서, 출력해서
제 사무실 자리에 붙어놓고..
가기전에 골라서 갑니당ㅋㅋㅋ
오늘의 메뉴는 콜드브루 라떼입니당~ㅎ",긍정적,긍정적,긍정적,긍정적,알 수 없음
2023-04,"음료 하나당 도장 쿠폰 한개 찍어줍니다~
10개 모으면 음료하나 꽁짜구요!
여기 사장님 짱 친절하고, 짱 이뻐용~",긍정적,긍정적,알 수 없음,긍정적,긍정적
2023-04,여름엔 콜드브루!! 키오스크로 메뉴 주문도 간편하고 사장님이 친절하세요,긍정적,긍정적,알 수 없음,긍정적,알 수 없음
2023-05,콜드브루 맛있어요ㅎㅎ,긍정적,긍정적,긍정적,알 수 없음,알 수 없음
2023-03,"아인슈페너, 석류에이드 맛있어용",긍정적,긍정적,긍정적,알 수 없음,알 수 없음
2023-02,"점심시간에 줄서긴하지만~ 금방 나와요!
플랫화이트 추천이요!",긍정적,긍정적,긍정적,긍정적,알 수 없음
2022-11,공장장커피👍 오후 업무를 위해 필요하죠!!,긍정적,긍정적,긍정적,알 수 없음,알 수 없음
2023-01,이제까지 먹은 콜드브루중 갠적으로 최고였어요!! 매우 고소하고 부드러운 콜드브루였어요ㅎㅎ,긍정적,긍정적,긍정적,알 수 없음,알 수 없음
2023-02,가격이 저렴하고 커피가 맛있어서 좋습니다,긍정적,긍정적,긍정적,알 수 없음,알 수 없음
2022-11,"메뉴도 다양하고, 사장님 친절하셔서 단골이에요! 시그니처 메뉴인 공장장커피뿐만 아니라~ 라떼 종류도 다 맛있어요!",긍정적,긍정적,긍정적,긍정적,알 수 없음
2022-11,"사무실 근처에 있는 카페라서 자주 가는데요..
요렇게 아날로그 도장 쿠폰도 있습니다!
한판 다 모은 기념으로 찍었어용~
담에 가면 꽁짜 커피 마셔야지~~",긍정적,긍정적,알 수 없음,긍정적,알 수 없음
2022-12,오늘의 커피를 젤 좋아흐는데 요즘엔 카페인 줄이느라 한라봉캐모마일 같은 음료 마시는중! 짱맛;,긍정적,긍정적,긍정적,알 수 없음,알 수 없음
2022-12,커피가 맛있어요~~~~,긍정적,긍정적,긍정적,알 수 없음,알 수 없음
2022-11,오늘의 커피 평범,부정적,부정적,알 수 없음,알 수 없음,부정적
2022-12,직원분들도 친절하고 음료 종류가 많아서 좋아요~,긍정적,긍정적,알 수 없음,긍정적,알 수 없음
2022-11,커피알못인데 동료들이 여기 애용하셔서 저도 따라서..ㅎㅎ,긍정적,긍정적,알 수 없음,긍정적,알 수 없음
2022-11,가성비도 좋고 커피도 맛있습니다 ㅎㅎ,긍정적,긍정적,긍정적,알 수 없음,알 수 없음
2022-12,커피가 맛있고 직원분들이 친절해요,긍정적,긍정적,긍정적,긍정적,알 수 없음
2022-12,맛있어요~,긍정적,긍정적,긍정적,알 수 없음,알 수 없음
2023-01,굳,긍정적,긍정적,알 수 없음,알 수 없음,알 수 없음
2022-11,라떼 맛잇어요,긍정적,긍정적,긍정적,알 수 없음,알 수 없음
2022-08,사람들이 많아서 주문했는데 커피가 너무 맛있었어요! 동윤영 밀크티 좋아하신다면 추천입니다!,긍정적,긍정적,긍정적,알 수 없음,알 수 없음
2023-01,아인슈페너랑 말차샷라떼 맛있어요!!,긍정적,긍정적,긍정적,알 수 없음,알 수 없음
2022-11,굿,긍정적,긍정적,긍정적,알 수 없음,알 수 없음
2023-02,그린티프레소 진하고 넘 맛있어요❤️❤️,긍정적,긍정적,긍정적,알 수 없음,알 수 없음
2022-06,"특이한 커피들이 많이 있고, 커피 아닌 음료도 짱 다양해요!! 도장쿠폰 10개 모으면 음료 한잔 꽁짜입니다~~",긍정적,긍정적,긍정적,긍정적,긍정적
2022-06,음료가 고급지게 마싯네여,긍정적,긍정적,긍정적,알 수 없음,알 수 없음
2022-11,커피가 맛있어요,긍정적,긍정적,긍정적,알 수 없음,알 수 없음
2022-10,좋아요,긍정적,긍정적,알 수 없음,알 수 없음,알 수 없음
2022-10,친절,긍정적,긍정적,알 수 없음,긍정적,알 수 없음
2022-08,아이스아메리 두잔 마셨어요,긍정적,긍정적,긍정적,알 수 없음,알 수 없음
2022-07,가게가 너무 예쁘고 커피가 맛있어용,긍정적,긍정적,긍정적,알 수 없음,알 수 없음
2022-08,굿,긍정적,긍정적,긍정적,알 수 없음,알 수 없음
2022-08,좋아요,긍정적,긍정적,알 수 없음,알 수 없음,알 수 없음
2022-08,맛있음,긍정적,긍정적,긍정적,알 수 없음,알 수 없음
2022-07,맛있어요,긍정적,긍정적,긍정적,알 수 없음,알 수 없음
2022-08,커피 크로플 짱맛,긍정적,긍정적,긍정적,알 수 없음,알 수 없음
2022-05,친절하시고 맛있습니다,긍정적,긍정적,긍정적,긍정적,알 수 없음
2022-11,좋아요,긍정적,긍정적,알 수 없음,알 수 없음,알 수 없음
2022-06,가격 좋고 커피 맛나요,긍정적,긍정적,긍정적,알 수 없음,알 수 없음
2022-10,굿,긍정적,긍정적,긍정적,알 수 없음,알 수 없음
2022-07,굿,긍정적,긍정적,긍정적,알 수 없음,알 수 없음
2022-06,마시쓤,긍정적,긍정적,알 수 없음,알 수 없음,알 수 없음
2022-06,좋아요,긍정적,긍정적,알 수 없음,알 수 없음,알 수 없음
2022-06,아바라 맛집!,긍정적,긍정적,긍정적,알 수 없음,알 수 없음
2022-06,굿,긍정적,긍정적,긍정적,알 수 없음,알 수 없음
2022-07,커피맛있어용,긍정적,긍정적,긍정적,알 수 없음,알 수 없음
2022-04,굿굿,긍정적,긍정적,긍정적,알 수 없음,알 수 없음
2022-05,굿,긍정적,긍정적,긍정적,알 수 없음,알 수 없음
2022-04,굿굿,긍정적,긍정적,긍정적,알 수 없음,알 수 없음
2022-04,커피존맛탱,긍정적,긍정적,긍정적,알 수 없음,알 수 없음
2022-02,최애 커피♡♡,긍정적,긍정적,긍정적,알 수 없음,알 수 없음
2022-03,맛있습니다,긍정적,긍정적,긍정적,알 수 없음,알 수 없음
2022-05,전말탱,긍정적,긍정적,알 수 없음,알 수 없음,알 수 없음
2021-09,흑당슈패너랑 동윤영 그리고 아이스 아메리카노까지~ 가격도 괜찮구 퀄리티도 좋아요! 다만 토요일 5시까지라서ㅠㅡㅠ,긍정적,긍정적,긍정적,알 수 없음,알 수 없음
2022-07,좋아요,긍정적,긍정적,알 수 없음,알 수 없음,알 수 없음
2022-02,맛있어요,긍정적,긍정적,긍정적,알 수 없음,알 수 없음
2022-02,좋아요,긍정적,긍정적,알 수 없음,알 수 없음,알 수 없음
2021-08,음료들이 맛나고 직원들이 너무 친철합니다.,긍정적,긍정적,긍정적,긍정적,알 수 없음
2021-06,지나가다 들렸는데 아이스라떼 너무 꼬숩고 맛있어요💖☕️,긍정적,긍정적,긍정적,알 수 없음,알 수 없음
2021-08,"아침 산책길에 발견한 라떼 맛집이에요!
여자 사장님으로 보이시는 분 친절하세요 :)",긍정적,긍정적,긍정적,긍정적,알 수 없음
2021-05,"Coffee break😋❤️
라떼 아쥬 맛있습니다👏🏻",긍정적,긍정적,긍정적,알 수 없음,알 수 없음
2021-02,"가격도 착하고 음료종류도 많아서 좋아요
아인슈페너랑 크로플 꼭 드세요!!진짜 추천입니다!! 아인슈페너 크림이 가득가득해요 ㅎㅎ아 디저트 종류도 다양하게 있고 자리도 있어서 간단하게 먹고 가기도 좋을 것 같아요!! 사장님과 직원분이 친절하시고 생기가 가득해서 저까지 밝아지는 기분이에요 🤗",긍정적,긍정적,긍정적,긍정적,알 수 없음
2021-04,딸기라떼 🍓먹으니 기부니가 업업 올라갑니다 ㅎㅎ 뱅뱅사거리점 크로플 🥐🧇맛집이라는건 진작 알고 있었지만 역시 너무너무 맛있어요🍴,긍정적,긍정적,긍정적,알 수 없음,알 수 없음
2021-05,"메뉴도 많고 맛있어요. 그런데 하루, 시럽 넣어주지 말라고 주문했는데 실수였는지 시럽을 너무 많이 넣어주셔서 마시지 못했어요. ㅠㅠ 다음엔 꼭 빼주세요~",긍정적,긍정적,긍정적,부정적,알 수 없음
2021-05,"청포도쥬스 맛나여
친절하심",긍정적,긍정적,긍정적,긍정적,알 수 없음
2021-03,"뱅뱅사거리 커피맛집✨
크로플도 맛있어용~^^",긍정적,긍정적,긍정적,알 수 없음,알 수 없음
2021-07,친절해요,긍정적,긍정적,알 수 없음,긍정적,알 수 없음
2021-03,커피 진하고 너무 맛있네요. 매일 먹어도 질리지 않을거 같아요. 사장님도 넘 친절하시네요~초콜렛도 받았어요 ㅎㅎㅎㅎㅎ,긍정적,긍정적,긍정적,긍정적,알 수 없음
2021-01,"길가다가 새로 생겼길래 들렀는데 아메리카노 가격도 괜찮고 너무 맛있어요!
사장님도 친절하셔서 앞으로 출근길에 자주 갈꺼같아요!ㅎㅎ",긍정적,긍정적,긍정적,긍정적,알 수 없음
2021-03,사장님이 너무 싹싹하시고 친절하셔서 기분이 너무 좋았어요! 커피랑 쿠키도 진짜 맛있네용 특히 초코쿠키 적당히 달고 넘 맛있어서 또 오려구여 재방문 의사 있습니다~,긍정적,긍정적,긍정적,긍정적,알 수 없음
2021-01,여기 사장님 목소리 크고 친절하심ㅋㅋㅋㅋ 간만에 느껴보는 활기찬 기분^^ 커피도 찐으로 맛있네영! 단골 찜💛,긍정적,긍정적,긍정적,긍정적,알 수 없음
2021-03,아인슈패너 맛있어요,긍정적,긍정적,긍정적,알 수 없음,알 수 없음
2021-05,친절해요,긍정적,긍정적,알 수 없음,긍정적,알 수 없음
2021-01,친절하고 예뻐요 깔끔해요!,긍정적,긍정적,알 수 없음,긍정적,알 수 없음
2021-01,완전 맛있어요!ㅠㅠ 가격도 저렴하고 종류도 많고 커피 위에 올라간 크림도 달달하니 최고였어요~!! 단골 될거 같아여ㅠㅠㅠ 종류별로 다 먹어보려구여ㅠㅠ 굳굳ㅎㅎ,긍정적,긍정적,긍정적,긍정적,알 수 없음
2021-01,왠만한 아인슈패너 맛집보다 괜찮아요 또올게요,긍정적,긍정적,긍정적,알 수 없음,알 수 없음
2021-04,쿠키맛집!,긍정적,긍정적,긍정적,알 수 없음,알 수 없음
2021-01,"초코라떼 진짜 존맛탱ㅠㅠ👍🏻👍🏻👍🏻
가격도 착한데 맛있기까지.. 최고에요
앞으로 자주 이용할게요! 번창하세요!",긍정적,긍정적,긍정적,긍정적,알 수 없음
2021-01,친절하고 예뻐요,긍정적,긍정적,알 수 없음,긍정적,알 수 없음
2021-01,공장장커피 🧋,긍정적,긍정적,긍정적,알 수 없음,알 수 없음
2021-01,아메리카노 맛있어요,긍정적,긍정적,긍정적,알 수 없음,알 수 없음
2021-05,👍🏻,긍정적,긍정적,긍정적,알 수 없음,알 수 없음
2021-02,커피맛나요,긍정적,긍정적,긍정적,알 수 없음,알 수 없음
2021-05,카페라떼 진하고 맛있어요,긍정적,긍정적,긍정적,알 수 없음,알 수 없음
