﻿Date,Review
1년 전,"근처 고급 중식당을 제외하면 제일 합리적인 가격으로 먹을 만한 곳입니다.
점심때는 특히 사람이 몰리기 때문에 시간을 잘 맞추지 않으면 웨이팅이 길어집니다.
탕수육 고기 실하고 튀김옷 많이 두껍지 않아서 좋습니다.
볶음밥은 양념을 했는지 하얀색은 아닙니다."
1년 전,가성비가 좋은 집이다.  친절하고  연태고량주가 1+1
2년 전,"일반 짬뽕에는 오징어가 거의 없는 대신 홍합과 국물용 게가 있고, 삼선짬뽕에는 냉동 오징어가 들어가서 흐물흐물하네요. 가격 대비 훌륭하다고는 못하지만 국물은 맛있습니다."
1년 전,"자장면, 잡채밥 먹을만함. 짬뽕이 맛이 없음. 공간, 친절도 보통 수준. 그저 그런 중국 음식점."
1년 전,사무실 근처라 자주갑니다 아무 맛진 집(?)은 아니지만 평균은 합니다
1년 전,점심시간에 가기 괜찮음
2년 전,이 동네 중식 맛집
1년 전,동네 중국집수준
1년 전,그냥 괜찮아
