﻿작성 날짜,리뷰 내용,업종 정보
2024.08.01.,푸짐하고 맛있어요~~,"해물,생선"
2023.01.10.,"""낙지돌솥비빔밥""에 ""낙지""가 한토막도 안들어 있다. 주인장은 낙지가 들어있다고 우기는데 아무리 찾아도 없다. 이런식으로 장사 하지 마라 ""욕""나온다.
낙지주기 싫으면 ""돌솥비빔밥"" 으로 메뉴명을 바꾸고 가격도 내려라. 식당 청소도 쫌 해라.
더보기","해물,생선"
2022.05.18.,"반찬도 맛있고,연포탕도 1인당 한마리 뚝배기 줘서 싸우지?않고 좋은 단골집화 되갑니다.","해물,생선"
