﻿작성 날짜,리뷰 내용,업종 정보
2024.09.10.,"저녁 피크시간에 어르신한분이 다하고 있는데 이거 머지 ㅋ 어디 시골에 온거 같은 이느낌 ㅋ
양재역점이 왜 사람이 많은지 이해가됨",패스트푸드
2024.05.25.,페퍼앤페퍼 버거. 진짜 통후추 맛과 향은 잘 느껴짐. 특색있는듯. 패티는 좀 캐릭터가 약함. 맥날보다 별론듯. 그래도 계란후라이도 들어가고 전반적인 밸런스는 괜찮. 야채는 좀 없음. 아쉽. 6900원세트... 하긴 강남인거 고려하면 맛 치고 저렴한듯.,패스트푸드
2024.03.08.,"새우버거 이벤트를 해서 먹었는데
미묘한 크기에 이벤트가 아니면 애매한 가격
음료수 자유선택 및 리필은 좋았지만
일반 감튀라 애매했다
더보기",패스트푸드
2023.10.20.,맛있어요,패스트푸드
2023.10.06.,햄버거 더럽게 늦게 나오네 ㅉㅉㅉㅉ 손님 적은 시간에 갔는데 ㅉㅉㅉㅉ,패스트푸드
2023.08.18.,"맛도 있고 가성비 괜찮은 좋아하는 브랜드 입니다
근데 이 지점은 실수가 잦아서 남겨요 
양파빼기, 할라피뇨빼기 잘 잊으시는지 몇 번 알아서 빼먹기도하고 메뉴랑 다른 소스를 주셔도 그러려니하고 먹는 편인데 오늘은 치킨시저샐러드에 치킨없이 양배추만 있었습니다 
그러려니 하고 먹을 수 있는 정도가 아니라서 다시 가서 받아왔지만 회사가 근처여서 다행이지 아니었다면 오며가며 고생만하고 밥도 못먹을 수 있었겠네요 
바쁘셔도 주문서 확인 제대로 해주시고 음식 나갈 때 더블체크 부탁드립니다 제발요
더보기",패스트푸드
2023.06.18.,"음식점에서 중요한 것 중 하나가 위생인데
컵에 기름기가 그대로 묻어있고 그 컵 교체해달라고 했더니 이번에는 찌꺼기 묻은 컵이 나옴...",패스트푸드
2023.06.13.,"세번정도 가봤는데
먹을때마다 햄버거 패티가.. 차가워요",패스트푸드
2023.05.05.,,패스트푸드
2023.03.02.,"빠른배송
가성비와 맛을 잡은 버거~~
Goooooood",패스트푸드
2023.01.23.,,패스트푸드
2022.10.13.,22.10.13 기준 내부 수리중으로 영업 안하고 있었어요,패스트푸드
2022.03.25.,,패스트푸드
2022.02.17.,,패스트푸드
2022.02.09.,12시 10분에 주문한 버거가 45분까지 안나와서 환불받고 점심도 못먹고 사무실로 돌아왔습니다. 점심에 가면 최악이에요.,패스트푸드
