﻿작성 날짜,리뷰 내용,업종 정보
2022.11.18.,"이 근처 살면서 8개월만에 이런 곳을 알았다니..! 집밥의 정석, 누구나 편안하게 혼밥하러 오는 곳. 매일 바뀌는 정갈한 반찬, 요일 메뉴, 산지에서 보내오는 싱싱한 식재료",분식
2023.10.16.,"나쁘진않지만 가격대비 음식의 퀄리티가 
별로 좋은것같지는 않습니다",분식
2022.05.23.,집밥 같은 음식들과 직접 만드신 반찬들이 맛있어요 사장님도 친절하십니다!,분식
