﻿작성 날짜,리뷰 내용,업종 정보
2024.07.20.,Lost한 자들을 위한 Roast,카페
2024.07.16.,카페라떼가 정말 맛있어요. 신 맛 베이스에 우유의 달콤함을 잘 살렸습니다. 장소의 넓지 않지만 개방감이 있어서 좋았습니다,카페
2024.07.14.,"일요일에도 하는듯
널널하고 시원하고 가격도 낫밷",카페
2024.06.03.,무난함,카페
2024.03.08.,아메리카노는 연하고 맛있어요! 근데 다른분들 시키는거보니까 라떼맛집인가봐요 ㅋㅋ 8시에 오픈하셔서 좋네요~! 근데 아메리카노 가격은 4천원이에요 (카맵에는 이전가격들이 적혀있는듯),카페
2024.02.27.,,카페
2024.02.09.,사장님께서 원두 로스팅 직접 하십니다. 커피 맛도 좋지만 여긴 구움과자류도 맛있어요,카페
2023.08.09.,,카페
2023.06.03.,"너무 맛있습니다앙😍
그리고 짱짱 친절하세요!!
커피 가져다주셨오요 ㅠㅠ감서합니다",카페
2023.05.23.,맛있고 분위기 좋아요 로스팅전문,카페
2023.05.13.,여기서 판매하는 더치크림라떼에 빠져서 점심끝나고 항상 방앗간처럼 들리고있어요 ㅋㅋㅋㅋ 🤣😍,카페
2022.06.07.,커피 맛있고 친절,카페
2021.07.28.,커피도 맛있고 빵도 맛있다. 인테리어 깔끔하고 친절하다.,카페
2021.06.27.,Best,카페
2020.11.21.,강남 카페같지 않게 아늑하고 편안해요.,카페
