﻿작성 날짜,리뷰 내용,업종 정보
2024.09.27.,"전체적으로 양이 적어서
가성비가 조금 떨어지지만 친절하고 깔끔한 백반집",한식
2024.06.18.,"요즘 이런 모범적인 백반집 찾기 어려워요.
일단 집밥처럼 다 맛있고 반찬 정갈함
가장 맘에 드는 건 청결입니다. 제가 평소에 다른 테이블 남은 음식들 어떻게 치우나 보는 편인데, 여기는 많이 남아도 항상 사정없이 버려버리십니다. 저녁 마감때 가면 오늘 반찬은 내일 안쓴다고 버려야한다고 다 퍼주세요ㅎㅎ 추천합니다
더보기",한식
2024.01.28.,정말 무난~~~~~~,한식
