﻿작성 날짜,리뷰 내용,업종 정보
2024.11.09.,"사장님이 진짜 너어어무 친절하셔서 후기까지 작성합니다. 일단 다 커텐쳐져있고 분위기도 좋은데 사장님께서 정말 친절하시고 어떤 위기상황에도 재빠르게 달려오셔서 처리합니다. 사실 아르바이트직원분들은 조금 매너리즘에 빠져서 대응이 기분 나쁠때도있었어요. 물론 친절이 필수는 아니지만 제가 예의있게 여쭤봤는데 뚱하게 대답하는건 기분이 좋지않더라고요. 그런데 사장님이 정말 친절하게 일일히 다 설명해주시고 서비스도 주시니까 기분이 다 풀려서 너무 기분좋게 가게에 나올 수 있었어요. 그리고 메뉴 하나하나 너무 맛있었습니다^^ 맛없던게 없어서 저희가 먹으면서도 “여긴 다 맛있다~”했어요. 무엇보다 무알콜종류가 많아서 좋았습니다
더보기","호프,요리주점"
2024.06.23.,"조금 가격대가 있는 걸 제외하고는 서비스, 분위기, 맛 모두 만족입니다
친절하신 사장님 번창하세요","호프,요리주점"
2024.04.19.,"분위기 좋은 프라이빗 룸술집
안주가 가격대들이 있지만 그만큼 양이 많아서
단체나 모임으로도 좋아요. 
엄청 친절해서 편안한 시간 보냈어요.
더보기","호프,요리주점"
