﻿작성 날짜,리뷰 내용,업종 정보
2024.09.21.,"가성비 갑이네요!! 진짜 맛있어요❤️
강남에서 이 가격에 이 맛이라니!!
추천합니다! 
사장님이 친절하지는 않지만 그래도 불친절한거는
아니라서 괜찮았어요
더보기",중국요리
2024.09.14.,배달로 자주 먹는데 이만한 곳이 없어요,중국요리
2024.06.26.,탕짬면 시켰는데 양에 감동하고 맛에 감동하고 사장님 친절에 감동해서 앞으로 충성을 다짐하고 나옴,중국요리
2024.05.16.,탕수육 짱이에요,중국요리
2024.05.15.,"안은 좁은 편이다.
탕볶밥 시켰는데
탕수육-양이 개많고, 고기질이 좋은 편
볶음밥-흔힌 ㅍㅌㅊ 볶음밥
짬뽕국물은 국물을 잘 우려낸듯 하다
가격이 좀 비싸긴 하나
배부르게 혼밥하기에 좋은 곳이 아닐까?
더보기",중국요리
2023.12.16.,ㅜㅜ 혼밥하러 갔었는데 일하시는 분들(가족인듯)이 싸우셔서 먹는데 불편했어요 ㅜㅜㅜ,중국요리
2023.08.16.,"강남에서 제일 편하고 맛있는 맛집.
혼밥러에게 가장좋음.",중국요리
2023.07.13.,"이 지역 일대에서 가히
최고라고 할 수 있는 맛.",중국요리
2023.06.23.,,중국요리
2023.05.15.,저렴하고 양이 많은 중국집,중국요리
2022.12.31.,혼밥 점심식사 쟁반짜장 새우볶음밥,중국요리
2022.11.08.,맛있고 진짜 친절에 감동했어요. 근데 진짜 맛있어요. 추억의 동네 짜장면집맛,중국요리
2022.07.01.,,중국요리
2022.01.12.,재료를 아끼지않습니다. X맛있음;;,중국요리
2021.08.26.,기가 막힙니다,중국요리
2020.11.03.,"최고에요...! 저번에 우연히 산책하다가 발견해서 오늘 처음 가봤는데 강남에서 이 가격에 이 맛, 친절이라니....ㅜㅜ 넘 맛있고 학생이 아빠 일 도와드리는 거 같던데 엄청 싹싹하네요...!! 넘 보기 좋아요♡ 자주갈게요!! (중화요리집은 혼밥하기 좀 그래서 매번 먹고 싶어도 못먹었는데 여기는 1인 탕수육도 있어요ㅜㅜㅜㅠ양도 엄청 많음,,,,)
더보기",중국요리
2019.08.14.,"가격은 저렴한데 맛도 양도 뛰어나고, 특히 탕수육하고 짜장밥이 맛있어요. 여자 사장님도 시크한것 같은데 친절하십니다ㅋㅋㅋ",중국요리
