﻿작성 날짜,리뷰 내용,업종 정보
2024.10.18.,"진짜 돈까스가 살면서 먹은거중에 가장 맛이 안좋았어요.... 돈까스 자체는 촉촉+바삭이고 괜찮은데 세개 소스가 너무 달기만해서 절반도 못먹었습니다.. 국으로 단 맛을 가시게 하고 싶었는데 국도 너무 차갑구요.. 비주얼적으로 후킹하게 만드신거같긴 한데... 소스가 진짜 너무 별롭니다
더보기",중식
2024.09.06.,"Chinese style Tonkatsu.

🩷평범해요!
🩶A Water drop from the ceiling landed on my plate.. my food....😖
더보기",중식
2024.06.19.,맛있어요♡.♡,중식
2024.03.25.,모두를 위해 정보공유하는 차원에서 말해드립니다.다른 곳들 웨이팅이 너무 길어서 우연히 들어갔는데 기억에 깊이 남을 정도로 맛이 없었어요...돈까스가 맛없기 쉽지 않은데...ㅠㅠ,중식
2024.03.24.,"일식 경양식 돈까스에 질렸을때 먹기 좋아요 
유린기 돈까스 강추 간장소스도 깔끔하고양배추랑 고추가 느끼한 걸 잡아줍니다! 사천까스랑 해산물 야끼짬뽕도 적당히 매콤해서 좋았습니다",중식
2024.02.28.,맛있어욤,중식
2024.01.13.,,중식
2023.12.31.,"저와 일행 모두 만족했어요!!
레몬크링카츠는 살짝 느끼한 감이 있었지만 기본으로 주시는 짬뽕국물이 느끼함을 잡아줘 좋았습니다.
밥과 국물 리필이 가능하지만 하지 않아도 푸짐해 배불리 먹었습니다
d=(^o^)=b
더보기",중식
2023.12.08.,"색다른 돈까스의 맛
두툼한 고기
소스가 굿
인테리어도 이뻐서 좋은 스팟이 될듯
더보기",중식
2023.11.24.,항상 갈 때마다 맛있는 돈까스👍👍,중식
2023.10.18.,돈까스와 제윢볶음 입니다,중식
2023.09.30.,유린기돈까스 맛있어용,중식
2023.09.17.,"맛이 대체로 담백하며
고기도 퍽퍽하지 않아서 좋았음 웨이팅도 없구!
삼색콤보 추천함",중식
2023.08.18.,저를 믿으셔야합니다.,중식
2023.08.04.,일단 양이 엄청 많아요 ㅠㅜ 한덩이 겨우 먹음 ㅠㅠ 여러가지 맛도 있어서 골라먹기 좋아요!,중식
2023.08.03.,3살 애기도 한그릇을 비웠어요,중식
2023.07.29.,"준수한 맛에 다양한 중식옷을 입은 돈까스들
유린기랑 레몬크림 먹었는데 맛있습니다
레몬크림은 알만한 맛이라 살짝 아쉽
다른 돈까스 먹으러 재방문 하려 합니다
아이용 세트도 따로 있어서 좋네요
더보기",중식
2023.07.25.,"맛있고 합리적이다.

중화볶음밥이 먹고 싶어 대구를 가는 것이 현실적으로 불가능할 때 찾기  좋다.
더보기",중식
2023.07.22.,,중식
2023.06.19.,"깐풍카츠 잊을만하면 생각나요!
제작년인가 작년인가 거의 처음오픈했을때 바삭하고 너무 맛있었는데 요즘은 좀 기름쩐내가 사알짝 날때가 있어서 좀 왔다갔다 하지만 그래도 기본적으로 유린카츠, 깐풍카츠, 중화카츠 다 맛있어요!
더보기",중식
2023.06.11.,"장점 : 튀김 바삭하고 소스가 이색적입니다
단점 : 직원들 두고 태블릿으로만 주문을 받던데 익숙하지 않은 노인 등은 그냥 배제하겠다는 심보 같아 보기 안 좋습니다",중식
2023.04.21.,,중식
2023.03.28.,,중식
2023.02.22.,레몬크림마요카츠 아는맛인데 맛있었어요~ 중화 제육덮밥도 불맛나고 괜찮아요,중식
2023.02.15.,덮밥류 먹었는데 소스 뭉탱이로 나옴..고기인줄 알고 먹었다가 당황함. 신라면 스프 맛 났음.,중식
2022.10.03.,맛있습니다,중식
2022.04.20.,"성수동에서 이 정도 가격과 이 정도 양이면
아주 만족스럽네요!
특히 같이 나오는 짬뽕국물 너무 맛있었어요",중식
2022.03.21.,"맛은 있는데 알바생이 좀 댕청하네요
지 실수로 원래 가격의 2배 결제해놓고 사과도 제대로 안하고 웃고 앉아있음
방문하신 분들 영수증 꼭 두번 확인하세요!",중식
2022.03.16.,중화카츠 맛있네용!! 돈까스도 바삭. 위에 소스도 맛있어서 잘먹었습니다:-),중식
2021.11.25.,"중화덮밥이랑 멘보샤가 특히 너무맛났어요
매장이 깔끔하고 분위기도 좋고 메뉴도 다양해서
또 갈거에요ㅎㅎ",중식
2021.11.15.,여기는 중화덮밥이 제일 맛나요!!,중식
2021.09.18.,"그냥 일식, 중식 섞은 느낌, 조화라기보단 2가지 맛을 동시에 느낀다고 할까.. 새로운 맛이 궁금할 때보단 일식 중식이 동시에 땡길 때. 점원은 친절해서 좋았음",중식
2021.09.08.,여기는 돈까스보다 제육덮밥 맛집임. 돈까스는 근처 카츠성수 가거나 유가츠 가세요. 돈까스에 토핑을 올려서인지 돈까스 자체의 퀄리티는 별로 신경 안 쓰는 느낌이다. 분식집 돈까스보다 좀 더 나음.,중식
2021.06.23.,"중화풍 돈까스라니..!
국물이 조금 짰습나다!",중식
2021.06.14.,음식은 대체로 맛있는데 짭니다,중식
2021.05.29.,생각보다 짜고 평범..,중식
2021.05.16.,맛있는데요? 돈까스도 잘튀기고 퓨전카츠 생소한데 맛있어요 짬뽕국물이 끝나네요 ㅎㅎ,중식
2021.05.01.,"리뷰보고 갔는데 영~
돈 아까움",중식
2021.04.08.,"덮밥 4점, 돈까스 3점

덮밥은 좋은 재료에 나름 불맛도 나고 맛있게 먹음.
돈까스는 딱히 특출난 점이 없는듯
더보기",중식
2021.03.22.,맛도 좋고 친절해서 좋았어요,중식
2021.02.14.,"돈카츠는 막 맛있는 편은 아니었음 중화덮밥은 맛있었음
짬뽕도 맛있었는데 일행들은 싫어했음 취향많이타는듯..",중식
2021.02.02.,"돈카츠는 맛있는 편
멘보샤는 돈아까웠음",중식
2020.11.11.,,중식
2020.10.21.,"특이한 중화풍(....)돈까스를 먹어볼 수 있다.  경험해볼 만한 집.
다만 가격대가 좀 있고, 조리에 시간이 많이 걸리고, 개업한 지 얼마 안되어서 부산스러우며, 안에서 폰이 잘 안터진다;;;",중식
