﻿작성 날짜,리뷰 내용,업종 정보
2024.04.08.,,"찌개,전골"
2024.03.29.,"미나리삼겹살이 먹고싶을때 찾게되는곳
삼겹살에 김치와 야채를 많이 먹을수있어 좋던데

김치찌개는 돼지 잡내를 잡기위해
후추가 많이들어가있음-여기서 호불호 갈릴듯

두루치기를 언제 시도해봐야겠다생각하나
미나리삼겹살로 바빠서 시도도 못해보고있음
더보기","찌개,전골"
2024.01.31.,한숟갈 먹자마자 조미료맛...,"찌개,전골"
2024.01.04.,두루치기 돼지냄새 심하고 사장님 불친절,"찌개,전골"
2023.12.08.,"김치찌개 1인분 
고기에 잡내 살짝","찌개,전골"
2023.11.01.,별로 그냥 그럼 먹을만한정도임 별4개이상은 진짜 과분한 수준,"찌개,전골"
2023.06.06.,집밥,"찌개,전골"
2022.12.14.,,"찌개,전골"
2022.02.08.,사장님이 정말 너무 친절하세요 ㅎㅎ 김치찌개도 정말 맛있습니다!,"찌개,전골"
2020.09.23.,맛은 없는편은 아니었으나 그렇게 진짜 맛있지도 않음 그리고 인원수대로 주문 진짜 맘에 안듬 애들은 인원수에서 빼줘야지,"찌개,전골"
2020.09.06.,깔끔힌 국물 맛있어요 생각날때 자주감,"찌개,전골"
2019.11.24.,"맛있습니다 
김치도 직접 담그시고 쌀밥에선 윤기가 좌르르..
전반적으로 식재료를 좋은 걸 쓰시는 것 같습니다 추천해요 
사장님도 너무 친절하십니다
더보기","찌개,전골"
2018.12.06.,괜찮네요,"찌개,전골"
