﻿작성 날짜,리뷰 내용,업종 정보
2024.05.12.,"바삭하니 맛있다.
한끼 식사로 충분한 양. 

근무자 친절.
무인 주문.
포장 위주.
주차 불가.
02-516-1253.
월~금. 10:30~20:30.
일요일. 11:00~20:00.
더보기","돈까스,우동"
2024.01.16.,식전 스프와 빵이 나와서 좋았어요. 치즈돈가스 먹었는데 치즈도 많고 맛도 나쁘지 않았지만 개인적으로 치즈 돈가스와 소스가 어울리지 않는 것 같다고 느꼈습니다. 다음에 간다면 기본 등심 돈가스로 먹어보고 싶네요,"돈까스,우동"
2023.09.21.,경양식 돈까스 느낌 나름 괜찮아요,"돈까스,우동"
2023.08.13.,식전빵에 스프까지 코스로 나오네요. 돈까스도 맛있고 밥에 샐러드에 푸짐하네요^^,"돈까스,우동"
2023.07.27.,"가격이 조금 비싸고 맛은 나쁘지 않지만 
위생이 약간 아쉬움","돈까스,우동"
2023.02.21.,,"돈까스,우동"
