﻿작성 날짜,리뷰 내용,업종 정보
2024.05.13.,,중국요리
2023.05.15.,"짜장, 밥류를 잘하는 중국집",중국요리
2023.05.02.,삼선짬뽕 너무 맛있어요!! 국물이 깔끔해요!!!,중국요리
2023.02.22.,,중국요리
2023.01.28.,"1.1짜리 탕볶밥 볶음밥 양이 너무 적어요 ㅠ
그래도 막 불친절한 것 같지는 않아요",중국요리
2022.03.14.,사무실 근처에 있어서 자주 가는곳인데여 사장님은 친절 하시고 불짬뽕은 역시~~~. 오늘은 어향동고. 깐풍육으로 식사중. 폭풍흡입중~~,중국요리
2022.02.18.,"오늘의 특선(1인 메뉴) 절대시키지마세요. 최악
새우볶음밥인데 냉동 칵테일 새우5마리가 끝!!
새우도 같이넣고 볶은게 아니라서 
그냥 냉동 해동한 맛입니다..
근데 일반볶음밥보다 1천원 더 비싸요
요리사님 아무리 장사라서 힘드시겠지만...
너무 하신거아닌가요
더보기",중국요리
2021.11.06.,맛있기만 하구만. 서비스도 팡팡.,중국요리
