﻿작성 날짜,리뷰 내용,업종 정보
2024.07.27.,,"육류,고기"
2024.07.23.,완전 맛집이에요.,"육류,고기"
2024.07.21.,인생최대의꽃목살입니다ㅠ,"육류,고기"
2024.04.16.,"회식으로갔는데 맛잇었서옹!!
구워주셔서 더조아용","육류,고기"
2023.11.07.,,"육류,고기"
2023.05.31.,,"육류,고기"
2023.05.19.,장소가 깔금해서 먹기 좋아요 직접 구워주셔서 편해요,"육류,고기"
2023.03.08.,고기에 밑간이 안되어 있어서 그런지 막 맛있다는 느낌은 못받음,"육류,고기"
2022.12.10.,,"육류,고기"
2022.11.13.,무례..,"육류,고기"
2022.09.24.,존맛.. 구워줘서 더 존맛,"육류,고기"
2022.07.27.,,"육류,고기"
2022.07.13.,고기가 정말 맛있네요. 고사리(?) 도 끝내주고 계속 먹게되는게 단점입니다.,"육류,고기"
2022.04.13.,고기 완전 쫄깃 쫄깃 !! 맛있어요 !!:D,"육류,고기"
