﻿작성 날짜,리뷰 내용,업종 정보
2024.09.21.,불친절합니다,중국요리
2024.09.07.,"100만원 넘게 회식했는데 군만두 하나 안나옴.
음식은 대체로 너무 짰음. 두번 다시 가고싶지 않음.",중국요리
2024.06.30.,"근처 사시는분들은 직접 매장에 전화해서 배달주문하세요.
일요일 저녁에 짜장,탕수육 시켰는데 전화끊고 10분만에 받았습니다.
따끈따끈해서 매장에서 먹는것같이 맛있습니다.",중국요리
2024.06.11.,"ㅇ 불쟁반짜장 레알 美친za임 👍👍👍
ㅇ 짜장면파 무조꽁 요기 해물누룽지 밥도 맛남
ㅇ 이 동네 사람 아닌데 여기에 정착함
ㅇ 짜장면 한 접시도 친절하게 배달해 주셔서 감사합니다
더보기",중국요리
2024.01.04.,양도 푸짐하고 따끈하게 정말 맛있었습니다 사장님 비롯한 직원분들도 친절하셔서 기분 좋게 식사했습니다:),중국요리
2023.07.13.,"맨날 여기서 시켜먹어요
저는 개인적으로 짬뽕은 별로.. 
대신에 다른 음식들은 다 맛있어요 한식도 팔고요
특히 불쟁반짜짱 진짜 맛있어요
양도 많고요 배달도 항상 20분 이내 컷..
더보기",중국요리
2023.07.03.,배달시켜먹었는데 너무 맛있어요. 가족모두 만족했습니다,중국요리
2023.06.28.,그냥 저냥 평타치는 집인데 탕수육이 너무 충격적으로 맛없었어요ㅠㅠㅠㅠ,중국요리
2023.05.24.,,중국요리
2022.11.29.,맛있어요,중국요리
2022.06.20.,"최애 중국집입니다 
맛있어요",중국요리
2022.03.18.,생각보다 괜찮음 무난한게 그게 장점인듯 ㅋㅋ걍맛나,중국요리
2021.11.29.,배달로만 먹어봤는데 맛집임. 양도 푸짐. 직원이 직접 배달옴. 총알배달임(네다섯번 시켜 묵었는데 체감상 15분컷),중국요리
2021.10.13.,맛있어요.,중국요리
2020.11.24.,"음식점에 여러 이유로 인력충원이 외국인위주로 해야하는건 이해하는데 그중에서도 조선족은 친절한걸 본적이 거의 없다 이집도 일하는 선족 직원이 불친절해서 맛이고 뭐고 느끼고 싶지도 않음 탕수육 부먹찍먹 안가리는 나인데 부먹이 꼴보기 싫을 정도임 맛도 그닥 짬뽕도 걍 그저그럼
더보기",중국요리
2020.04.09.,"금방만들어 뜨겁고 맛있어요~~.
언제나 여기서만 시켜먹어요. 최고!!",중국요리
