﻿작성 날짜,리뷰 내용,업종 정보
2024.10.21.,"좋은 모임 자리를 갖게 되어서 기분 좋은 자리 가지고 싶어서 서버분 팁도 먼저 드리면서 신경좀 써달라고 했습니다.
음.. 이집 좀 문제가 있네요. 가격 자체는 괜찮고 고기도 괜찮은데, 은근슬쩍 끼워팔기에… 나중에 계산하는데 추가된 고기들 조고 깜짝 놀랬네요.
갈비 2인분 시켰는데 갈비 두 대를 은근슬쩍 넣어두고 8인분이 ㅎㅎㅎ 말씀은 하셨어요. 갈비 두 대라고. 근데 그게 8인분인지는 미리 설명을 하셔야죠? 
이건 서버분이 영업을 잘 하시는건가요? 사기를 잘 치시는건가요?
주변에 단골이신 분들도 많아서 소개받아서 여기저기 소개도 많이 해드렸는데 이 집은 좀 다르다고 앞으로 이야기 해야겠습니다.
더보기","육류,고기"
2024.09.11.,,"육류,고기"
2024.02.23.,"가성비가 좋은 건 인정하고 맛도 그럭저럭 좋다. 다만, 룸에서는 일부 메뉴 (등급낮은 등심 또는 모듬) 주문이 안된다는 말도안되는 이유를 대서 일단 불쾌했다.
모듬이 안된다는건 알겠으니 일반등심 달라는 요청에는 그것도 안되요란 말에 어이가 없었으나 메뉴판에 있으니 볼멘소리를 하며 가져다 주셨고 고기의 질은 형편없었다. 
가성비가 좋다는 말은 자연스레 취소되겠다
더보기","육류,고기"
2024.01.07.,"주로 따로국밥, 우거지탕과 같은 식사류를 먹어봤는데 가격대비 퀄리티가 너무 좋다. 대부분 만원도 안하는데 밑반찬까지 다양하고 든든하게 나옴!! 소고기 집이라 그런지 반찬으로 떡볶이가 나온적 있었는데 여기에도 두툼한 소고기가 들어가져 있었음ㅋㅋㅋ
더보기","육류,고기"
2023.10.06.,,"육류,고기"
2023.09.20.,,"육류,고기"
2023.09.04.,,"육류,고기"
2023.05.21.,,"육류,고기"
2023.05.14.,"진짜 직원들 매너 무엇,,, 기분나빠서 나옴","육류,고기"
2023.01.03.,"강남에서 높은 질의 한우를 이 가격에 먹을 수 있다는 점에 한 번 놀라고 전라도 김치를 직접 담궈서 맛있는 김치를 내어주신다는거에 두 번 놀랐습니다
진짜 짱이에요 계속 올거예요 오랫동안 해주세요","육류,고기"
2021.12.23.,고기 맛없음,"육류,고기"
2021.11.29.,가성비 미쳤음... 여기 주변 살면서 이 집을 너무 늦게 안게 슬플 뿐이다,"육류,고기"
2021.02.24.,"양념갈비 적당한 두께와 카라멜을 쓰지 않아 타지 않고 잘 익어서 좋음.
맛도 좋고 직원들도 친절합니다.
다만 실내가 많이 어두운 편 조도를 높였으면 좋겠습니다.","육류,고기"
2020.10.07.,,"육류,고기"
