﻿작성 날짜,리뷰 내용,업종 정보
2024.10.09.,보쌈정식 낙지정식 더덕 불고기등 먹어 봤는데 넘 맛있네요. 나물 반찬도 좋습니다. 엄마밥 생각날 때 와요. 오래 하세요!,한식
2023.10.10.,,한식
2023.08.24.,주차는 앞에 2대 가능. 곤드레나물밥이 기본이라 덜 짜면 좋을텐데 국부터 반찬까지 짜서 아쉬움. 가격대 고려하면 so so. 서비스는 츤데데와 불친절 중간쯤,한식
2023.01.26.,맛있지만 양 적음,한식
2023.01.25.,"점심에 정식 먹으러 가는 자주 가는 곳인데 낙지볶음이나 보쌈 둘 다 맛있긴 함
맛은 있는데 점점 가격이 올라서 이제는 12,000원인데 만원 주고 먹었을 때보다 양은 확연히 줄어들어서 아쉬움
테이블이 찐득거릴 때가 종종 있고 계산 실수하실 때가 있어서 가격 잘 봐야 함
더보기",한식
2022.10.13.,,한식
2022.08.24.,곤드레밥은 8000 보쌈정식11000 반찬도 많고 맛도 있어요!,한식
2022.08.02.,"친구가 회사 근처에 맛집있다고 해서 방문하게 됐습니다 비도 추적추적오고 해서 낙지볶음을 픽했는데 옳은 픽이었습니다 ㅎ 낙지볶음 정식 주문하니까 곤드레밥까지 나오네요 밑반찬도 잘나오고 모든 음식 맛있게 잘 먹었습니다 점심시간에는 사람이 바글바글하다고 하니 상대적으로 한가한 저녁에 방문하셔도 좋을 것 같습니다
더보기",한식
2021.09.04.,진짜개환상,한식
2020.03.18.,"가야는이유 : 밥맛이 다함
안가는이유 : 혼자서는 정식을 못 먹어

윤기있는 밥과 7천원의 가격으로 한끼를 해결할 수 있다는 것에 만족
더보기",한식
2019.08.20.,넘 맛나요.^^♡,한식
2019.07.24.,반찬 맛있음!!!! 곤드레밥 양 많아서 좋다,한식
2019.05.06.,,한식
2018.12.06.,"굿굿
건강한 맛",한식
2016.05.06.,서울에서 단돈 만원에 이정도 퀄리티 곤드레밥을 먹을 수 있는건 행운,한식
