﻿작성 날짜,리뷰 내용,업종 정보
2024.07.28.,"생각날때마다 가는 단골집.
서빙하는 할아버지와 새 주방아줌마?가 친절하다.",쌈밥
2023.05.15.,숭늉으로 마무리하고 싶을 때,쌈밥
2023.01.30.,,쌈밥
2023.01.12.,삼삼하니 맛있습니다,쌈밥
2022.12.16.,,쌈밥
2020.11.08.,맛나요 근데 본점은 순복음교회옆이에요 주말엔 안열어요,쌈밥
2020.10.18.,가격에 비해 보통,쌈밥
2020.09.30.,"다음지도에 나온 위치는 별관이었네요. 휴일이라 영업안하고, 네이버에 나온 본점위치 찾아가 먹었습니다. 겨우 찾아갔기 때문에 들어설 때는 화가 났었는데, 밥먹으니까 다 풀려버렸어요~~^^. 밥맛 좋았습니다. 어머니가 너무 좋아하셨어요.",쌈밥
2020.05.12.,"저는 우렁쌈밥 때문에 여기 오는데, 짜지않고 건강한 맛이예요. 반찬들도 모두 맛있고, 윤기좔좔 흐르는 가마솥밥까지.. 역에서 살짝 걸어야 하고 2층이라 눈이 안띄어서 아는 사람들만 찾아옵니다.",쌈밥
2020.02.02.,"말이 안나와요ㅠㅠ 너어어어어무 맛있어요.. 쌈밥이 쌈밥이지~하고 기대도 안하거 깄는데, 밑반찬이 정말 다양하고 하나하나 짜지 않고 정말 맛있고 고기도 평소에 먹던 msg 향 가득한 제육볶음이 아니에요.. 음식솜씨 정말 좋으신 것 같아요. 간만에 너무 맛있게 식사했어요 좋은 음식 만들어주셔서 감사합니다 사장님
더보기",쌈밥
2019.02.01.,고불초쌈밥 먹었는데 메인메뉴 뿐만아니라 반찬이 이렇게나 다 정갈하고 맛있다니...! 재방문 의사 있어요^^,쌈밥
2019.02.01.,"최고임...배채우는게아니고건강채우고오는기분입니다
고불초쌈밥 든든하게 먹고 누룽지로 뙇!",쌈밥
