﻿작성 날짜,리뷰 내용,업종 정보
2024.07.19.,,한식
2023.10.17.,점심메뉴가 다 8천원이라 싸고 맛있어서 좋아요~,한식
2023.07.27.,미친 개대존맛 맛집,한식
2023.01.17.,ㅜㅜㅜㅜㅜ여기진짜 인생맛집이에여....여러번와도 질리지않는 곳....❣️,한식
2021.09.03.,정말 예술입니다. 이동네오심 필수 방문해봐요. 더이상 망설이지말고~ 뒷고기 덜미살 못먹고 저세상 가시면 정말 불쌍한사람입니다~,한식
