Date,Review,sentiment,Sentiment2,맛,서비스,양
2024-10,"안주 가격이 합리적인데 맛있어요
간단한 메뉴만 먹었긴 한데 전반적으로 맛있어요 
자주 올 것 같아요^^",긍정적,긍정적,긍정적,알 수 없음,알 수 없음
2024-06,"음식이 대체적으로 짜요
분위기는 좋네요",부정적,부정적,부정적,알 수 없음,알 수 없음
2024-04,타 지점 갔다가 뱅뱅사거리점은 첫 방문이였는데 분위기도 너무 좋고 맛있었어요! 매번 있는지 모르지만 귀여운 강아지도 있었어요 ლ(  ’ ‘  ლ),긍정적,긍정적,긍정적,긍정적,알 수 없음
2023-11,2차로 추천. 음식 양 적고 그에 맞게 가격도 저렴. 술이 좀 비쌈. 파스타 맛있었고 떡볶이는 많이 짜다… 돈가스는 쏘쏘 부드럽진않음,긍정적,긍정적,긍정적,알 수 없음,부정적
2023-11,음식 받고 양이 너무 적어 매우 놀랐습니다.,부정적,부정적,알 수 없음,알 수 없음,부정적
2023-11,"경양식 돈까스만 먹어봤습니다.
다른 메뉴는 잘 모르겠으나 일단 이 집의 베스트 메뉴라는 경양식 돈까스는 진짜 별로였습니다.

11,900원이면 주변 일식 돈까스 집에서 돈까스 든든히 먹을 수 있는 가격인데 여기 경돈은 진짜 돈까스 크기가 너무 작았습니다.

일반적인, 남산돈까스나 홍익돈까스 같은 경양식 돈까스를 원하시는 분들께는 절대 비추입니다.

카린지만의 경양식인 것 같은데 
돈까스 작음, 맛 평범, 비쌈
다른 메뉴들도 그 가격 내고 먹을 정도는 아닌 것 같습니다.

소스는 토마토? 카레? 비슷한 느낌에 부드럽고 맛은 괜찮았으나

그 가격에 먹을 돈까스는 아닌 것 같습니다.

참고하세요!",부정적,부정적,부정적,알 수 없음,부정적
2023-10,간단히 하이볼 그리고 기린생맥,긍정적,긍정적,긍정적,알 수 없음,알 수 없음
2023-10,"분위기는 좋다. 메뉴도 좋아요. 
카레는 좋았어요

근데 주변 식당에 비해 맛은 🤔 
가성비도 좋은건 아니고
노래도 없네 점심이라 그런가.
리뷰 대다수가 똑같은 내용인거 보고 별점 하나뺌",긍정적,긍정적,부정적,부정적,알 수 없음
2023-09,"삿포로  코텐야에서 먹어보던 맛을
이젠 뱅뱅사거리에서도 먹을수 있다.
 야끼소바ㆍ육즙가득 카츠샌드 그리고 하이볼과  아기자기하게 꾸민 실내 인테리어와 음악.
모든것들이 일본 현지에 있는 가게를 그대로 옮겨온듯.
먹고 마시고 수다떠는 내내 일본여행 온것같아 설레임.",긍정적,긍정적,긍정적,긍정적,알 수 없음
