Date,Review,sentiment,Sentiment2,맛,서비스,양
2024-07,Lost한 자들을 위한 Roast,긍정적,긍정적,긍정적,알 수 없음,부정적
2024-07,카페라떼가 정말 맛있어요. 신 맛 베이스에 우유의 달콤함을 잘 살렸습니다. 장소의 넓지 않지만 개방감이 있어서 좋았습니다,긍정적,긍정적,긍정적,알 수 없음,알 수 없음
2024-07,"일요일에도 하는듯
널널하고 시원하고 가격도 낫밷",긍정적,긍정적,알 수 없음,긍정적,긍정적
2024-06,무난함,부정적,부정적,알 수 없음,알 수 없음,알 수 없음
2024-03,아메리카노는 연하고 맛있어요! 근데 다른분들 시키는거보니까 라떼맛집인가봐요 ㅋㅋ 8시에 오픈하셔서 좋네요~! 근데 아메리카노 가격은 4천원이에요 (카맵에는 이전가격들이 적혀있는듯),긍정적,긍정적,긍정적,긍정적,알 수 없음
2024-02,사장님께서 원두 로스팅 직접 하십니다. 커피 맛도 좋지만 여긴 구움과자류도 맛있어요,긍정적,긍정적,긍정적,긍정적,알 수 없음
2023-06,"너무 맛있습니다앙😍
그리고 짱짱 친절하세요!!
커피 가져다주셨오요 ㅠㅠ감서합니다",긍정적,긍정적,긍정적,긍정적,알 수 없음
2023-05,맛있고 분위기 좋아요 로스팅전문,긍정적,긍정적,긍정적,알 수 없음,알 수 없음
2023-05,여기서 판매하는 더치크림라떼에 빠져서 점심끝나고 항상 방앗간처럼 들리고있어요 ㅋㅋㅋㅋ 🤣😍,긍정적,긍정적,긍정적,알 수 없음,알 수 없음
2022-06,커피 맛있고 친절,긍정적,긍정적,긍정적,긍정적,알 수 없음
2021-07,커피도 맛있고 빵도 맛있다. 인테리어 깔끔하고 친절하다.,긍정적,긍정적,긍정적,긍정적,알 수 없음
2021-06,Best,긍정적,긍정적,알 수 없음,알 수 없음,알 수 없음
2020-11,강남 카페같지 않게 아늑하고 편안해요.,긍정적,긍정적,알 수 없음,긍정적,알 수 없음
