Date,Review,sentiment,Sentiment2,맛,서비스,양
2024-07,민물장어구이,긍정적,긍정적,알 수 없음,알 수 없음,알 수 없음
2023-12,회식장소로 많이 쓰이는듯,긍정적,긍정적,알 수 없음,긍정적,알 수 없음
2023-08,맛과 가성비 적당~,긍정적,긍정적,긍정적,알 수 없음,알 수 없음
2023-05,가성비 엄청 좋은 맛집입니다. 사람들이 잘 몰라서 그런지 가성비 대비 붐비지도 않아요.,긍정적,긍정적,긍정적,긍정적,알 수 없음
