Date,Review,sentiment,Sentiment2,맛,서비스,양
2024-10,"예약안했는데 오픈시간 맞춰서 가니 겨우 먹어봄
족발 맛있음 양 많음
비싼 값은 하는 듯요",긍정적,긍정적,긍정적,부정적,긍정적
2024-09,방송에도 많이 나오고 상장도 사인도 많은 양재역족발맛집 인정합니다. 밀크씨슬 약도 주는 센스만점 족발집이네요. 재방문하고싶어요,긍정적,긍정적,긍정적,긍정적,알 수 없음
2024-08,"평일에도 사람이 많을 정도로 맛집인 곳이고 기본으로 나오는 탕부터 너무 맛있는 곳입니다. 족발도 너무 느끼하지 않고 담백하지만 부드러워서 식사를 마칠때까지 만족해하며 먹었던 기억이 있습니다. 회식이나 저녁식사 장소로 너무 좋고, 직원분들도 친절하셔서 자주 방문하고 싶어요!",긍정적,긍정적,긍정적,긍정적,알 수 없음
