Date,Review,sentiment,Sentiment2,맛,서비스,양
2024-06,"막국수가 맛없을수있구나 난생 처음 깨닫게된 집... 진짜 막국수 맛없기 힘든데 여러모로 대단함. 대체 다들 왜 맛있다 하는지 이해1도 안감. 평 좋길래 먹어봤는데 된통 속았음.
첨 시켰는데 당한거라 그전에 어땠는진 모르겠는데 대체 왜 리뷰들이 칭찬일색인가... 내 입맛이 문제인가? 근데 이래뵈도 전직 요리사였고 파인다이닝에 오마카세도 자주 가는 사람인데 내 입맛이 문제일 확률은 낮다고 봄.
 사장이 바뀐게 아닐까? 아니.. 사장 없는사이 직원이 깽판친건가 좋게 생각해보려했는데ㅋㅋㅋ 육수맛 보면ㅋㅋㅋ개콘 망한게 이해감. 이게 개그지ㅋㅋㅋ

물막국수는 양념장도 안주고. 육수맛은 살면서 첨 먹어본.. 짜지도싱겁지도 물탄듯한 이게뭔맛이야 싶은 머리에 물음표만 뜨는 육수맛. 면은 엄청 많이 삶아서 물먹은듯한 다 불어터진 면. 그래 면은...하..그래 그렇다치고. 양념장 빼먹은건가 그래서 맛이 이상하게 느껴진건가 그런건가 좋게 생각해보려했는데 글쎄 이런 육수맛이면 양념장이 아무리 맛있어봐야 커버가 가능할까 싶은데. 그리고 맛있는 막국수집은 육수만 마셔도 맛있는게 정상임. 근데 여기는?ㅋㅋㅋ개콘이 따로 없음ㅋㅋ
얼큰수제비는 해물탕과 짬뽕 그 어딘가에 존재하는 듯한 맛... 근데 그게 맛있는거도 아님. 세상에 도대체 누가 얼큰수제비에 고추장을 넣지 고추기름 내서 짬뽕하듯이 파나요ㅋㅋㅋ
 
진짜 왠간하면 귀찮아서 리뷰 안쓰는데 너무 어이없고 사람들왜호평인지 이해안가서 리뷰썼음. 돈을 창의적으로 바람에 날리고싶은 분은 이곳 적극추천함ㅇㅇ 아근데 식사는 따로 또 하셔야할듯",부정적,부정적,부정적,부정적,부정적
2024-04,"어제도 왔고 오늘도 왔어요 너무 맛있어서
국수 하나 시켰는데 에피타이저로 밥이랑 찌개 반찬을 푸짐하게 주시는 게 너무 좋아요(다 맛있어서)
이 가격에 배부르게 (근데 너무 맛있게) 먹을 수 있는 곳이 잘 없는데 너무 행복하네요..",긍정적,긍정적,긍정적,긍정적,긍정적
2023-09,"식전에 나오는 우거지된장국과 보리밥이 맛남
모든 그릇을 도자기로 써서 환경호르몬 안심.
환경호르몬 나오는 플라스틱 안써서 좋습니다",긍정적,긍정적,긍정적,긍정적,알 수 없음
2023-06,"일찍 안 가면 자리가 없음 주의!!
이렇게 두껍고 실한 파전은 처음 봄 ㅠㅜ 돈 내고 사먹은 파전 중에 가장 맛있었습니다!!!! 
비빔밥이랑 메밀면도 맛나요~~",긍정적,긍정적,긍정적,긍정적,알 수 없음
2023-05,점심시간 선택하기 좋은 유니크한 메뉴구성,긍정적,긍정적,알 수 없음,알 수 없음,알 수 없음
2023-05,"여기 들깨수제비도 일품이지만, 남사장님(주방장님?!)의 친절함이 고객을 다시 이끌 집 입니다👍",긍정적,긍정적,긍정적,긍정적,알 수 없음
2023-04,점심에 혼자갔더니 자리없다며 엄청 짜증내고 안받네요 안착한메밀이에요,부정적,부정적,긍정적,부정적,알 수 없음
2023-03,혼자먹기에 진짜 양이많고 넘맛있어요 양을 좀줄이고 가격이 좀싸지면좋겠어요 친절해요,긍정적,긍정적,긍정적,긍정적,부정적
2022-02,주차가 좀 불편하지만 음식은 아주 맛있습니다. 양도 많으며 식전 밥도 맛있었습니다. 같이 나오는 반찬들도 너무 좋았고 쿨타임 돌때마다 가고있습니다. 적다보니 다시 또 방문하고싶습니다.,긍정적,긍정적,긍정적,긍정적,긍정적
2022-01,"보리밥이랑 시래기 된장국... 굿!

근데 바쁘셔서 넘 정신들 없습니다... 아주머니들 다 나이 드셔서... 손님 앉아있어도 반찬도 안 주고... 테이블 도 안 치우고... 손님들이 치우고 있으니... 갈수록 넘 못하셔요 운영을... 맞있어서 오긴 하는데 점점 오기 싫어져요.. 젋은 알바 한분 시키세요.",긍정적,긍정적,긍정적,부정적,알 수 없음
2021-06,막국수보다 보리밥이랑 시래기된장 그게 진짜 맛있어요. 이것만 따로 팔아주셨으면 좋겠네요,긍정적,긍정적,긍정적,알 수 없음,알 수 없음
2020-12,음식맛도 좋구 가겨도 너무 괜찮구 서비스도 짱이예여,긍정적,긍정적,긍정적,긍정적,알 수 없음
2020-11,지존.,긍정적,긍정적,긍정적,알 수 없음,알 수 없음
2020-08,대박..,긍정적,긍정적,긍정적,알 수 없음,알 수 없음
2020-06,"일단 기본적으로 음식을 잘하는 집입니다 주말에 갔는데도 이 주변은 주말에 사람없는데 이집은 사람 있더라구요 막국수 맛있고 전병도 먹을만함 
그리고 보리밥에 주는 된장찌개 그거 예술이니까 꼭 드세요",긍정적,긍정적,긍정적,긍정적,알 수 없음
2020-06,"여기 메밀막국수 역대급으로 맛있어요.
다만 홀서빙 아주머니 분들 서비스 개념 탑재가 안되어 있어요.
사장님 제발 홀서빙 아주머니 교육 좀 제대로 시켜주세요!
지하층에 내려 가심 그 존재감이 완전 잊혀져서 주문이 주방 및 계산대에 전달이 안되고..
맛있어서 또 가고 싶은데 서비스 홀대받은 생각하니 망설여집니다.

여기서 드실 분들은 꼭 1층 홀에서 드시기 바랍니다.",긍정적,긍정적,긍정적,부정적,알 수 없음
2020-04,메밀막국수 시키고 나니 써비스로 주시는 보리밥과 된장찌개가 환상이네요 백김치도 맛있구 만족합니다,긍정적,긍정적,긍정적,긍정적,알 수 없음
2020-01,"굿굿
깔끔",긍정적,긍정적,긍정적,알 수 없음,알 수 없음
2018-11,"(3.4점)
근처에 있어 가본 곳인데 나름 나쁘진 않았다.
메밀막국수란 음식을 처음 접한 곳이라 비교 대상은 없어 평가하기 애매하긴 하지만 나름 상당히 만족.
막국수라곤 족발집에서 주는 고무줄처럼 늘어나는 이상한 쟁반 막국수가 전부라...
그런데 된장찌개와 보리밥이 아주 맘에 들었다.
주문하고 시간은 좀 걸린다

- 명태메밀막국수(비빔)
맛배기로 된장찌개와 보리밥을 조금 준다.
된장찌개가 상당히 맛있다.
막국수는 투박한 느낌이 드는데 이거 상당히 괜찮다.
족발집에서 주는 막국수와는 차원이 다르다.
양도 엄청 많다.
1/3 먹어갈때 쯤 매워지기 시작.(매워서 메밀 맛를 잘 못느낀 건가?)
명태도 국수와 잘 어울린다.

- 명태메밀막국수(물)
먹지마라!
말리고 싶다!
실망 그 자체!

- 메밀 보리밥
명태메밀막국수 시켰을때 나오는 된장찌개와 보리밥의 큰 사이즈.
된장이 구수하다는 말이 절로 나온다.
최근 먹은 된장 중 가장 맛있다.

- 메밀 들깨 칼국수
같이간 사람은 괜찮다고 하는데 개인적으론 별로~
들깨가 메밀을 덮어버림.

- 메밀전
메밀향이 은근히 올라오는데 ^^",긍정적,긍정적,긍정적,알 수 없음,알 수 없음
