Date,Review,sentiment,Sentiment2,맛,서비스,양
2024-08,"가격좋고, 양 푸짐하고, 맛도 좋고, 친절하심.
단, 면 굵기가 우리가 먹던 짬뽕면과는 차이가 있어서 
호불호 갈릴듯.
국물은 찐한 편은 아니고, 마일드함.
고기도 넉넉히 들어감.

분위기는 집앞에서 편히 먹는 중국집.

참고로 사진은 짬뽕 곱빼기",긍정적,긍정적,긍정적,긍정적,긍정적
2024-08,"볶음밥 밥알이 잘 코팅된 느낌의 옛날 중국집 볶음밥 스타일이에요
짬뽕이랑 짜장은 면발이 호불호가 갈릴듯하네요
개인적으로는 만족했습니다",긍정적,긍정적,긍정적,알 수 없음,알 수 없음
2023-04,"존존맛이에요!!!!
우리 동네에서 쩰루 맛있는 중국집이에요 ㅋㅋ
주인 아주머니 짱 친절하시고 ♥♥
강추강추입니다",긍정적,긍정적,긍정적,긍정적,알 수 없음
2023-04,속편한 중국음식입니다.!,긍정적,긍정적,긍정적,알 수 없음,알 수 없음
2023-02,"짬뽕이 혜자롭네요!
다음엔 탕수육을 먹어봐야겠습니다
골목에 위치해서 주차장은 없고
작은 동네 중식집인데 매장이 깨끗하게 정리되어 있어서 좋았어요.",긍정적,긍정적,긍정적,긍정적,알 수 없음
2023-02,"한 수저 뜨고 감동받아 올림돠!! 왜 일찍이 이집을 오지 않았나!! 후회가... 맵고 칼칼한 짬뽕이 아니라. 감칠맛 나는 짬뽕입니다. 하나 시켰는데도 그자리에서 볶아서 만드셔서 더 맛납니다!!
참고로 전 보통 아주 맛있거나 공유해야할 사항이 있을때만 글남겨요. 나중에 다시갈라고..ㅋㅋ",긍정적,긍정적,긍정적,긍정적,알 수 없음
2022-07,"소고기짬뽕 9,000￦
국물이 진해서 국물 한숟가락 먹자마자 공기밥 생각남ㅎㅎ",긍정적,긍정적,긍정적,알 수 없음,긍정적
2022-02,짬뽕밥 먹었는데 미첬어요 든든합니다!,부정적,긍정적,부정적,알 수 없음,긍정적
2019-01,탕수육 짬뽕 맛나요,긍정적,긍정적,긍정적,알 수 없음,알 수 없음
