Date,Review,sentiment,Sentiment2,맛,서비스,양
2024-08,"너무너무너무너무 맛있는 치킨과 맥쥬🥰
이모님들도 너무 친절하신데 왜 불친절하다 하시는지..? ㅎㅎ맛이 넘 충격적이에용⚡️⚡️ 짱 좋아융🫶",긍정적,긍정적,긍정적,알 수 없음,알 수 없음
2024-06,"악평도 많아서 반신반의했는데, 그럭저럭 괜찮았던곳. 좌석갯수에 비해 단골?등 인기가 많아보임. 오래장사하신듯. **간장치킨**이 상당히 맛있었음",긍정적,긍정적,긍정적,알 수 없음,알 수 없음
2023-10,요즘 세상이 너무 환하고 행복해서 극강의 불쾌함이 필요하시다면 필히 방문해주세요! ^^,긍정적,긍정적,알 수 없음,긍정적,부정적
2023-08,보통 포장많이하는데 친절하시고 맛있어요!,긍정적,긍정적,긍정적,긍정적,알 수 없음
2023-08,"정말 밥먹는데 이렇게 기분나쁜적 처음이에요;; 
먹으몀서 얘기하고 있는데 갑자기 남은 치킨 싸줄테니 나가라면서ㅋㅋ ㅋ 두명때문에 다른 손님들 못받으니까 나가라뇨. 뒷자리에 4 인 테이블도 남아있는데 다음 6명 못받는다고 먹고 있는 음식싸줄테니 나가라니 정말 황당하고 기분 나빠서 나왔습니다. 치킨 한마리에 콜라 한병, 맥주한잔 시킨 테이블은 손님도 아닌가요? 손님 그렇게 많이 받고 싶으시면 서비스 마인드 부터 바꾸시죠",부정적,부정적,알 수 없음,부정적,알 수 없음
2023-06,"순살을 시켰는데 반반이 나와서 얘기했더니 아니다 우리집은 순살 주문이 별로없다 그걸 주문했을리 없다는 황당한 얘기를 ...
일행중에 순살파가 있어서 주문한건데..
더불어 말투도 귀찮다는 식이어서 살면서 가본 식당중 가장 기분 더럽게 나온 집으로 기억될듯",부정적,부정적,알 수 없음,부정적,부정적
2023-03,졸라 맛도 없는데 졸라게 불친절합니다. 장사를 왜 하시는지 모르겠습니다.... 네이버 후기는 좋은데 솔직히 왜 좋은진 모르겠습니다.... 그냥 이 식당을 아무 이유없이 욕할려는 의도가 있는건 아닙니다만... 도대체 여기가 왜 맛집으로 꼽히는지를 잘 모르겠습니다. ㅠㅠ..아무튼 저는 그랬습니다!,부정적,부정적,부정적,부정적,알 수 없음
2022-11,불친절 하다는 후기 있는데 상상 이상이네요. 포장 되는지 물어봤는데 화내는 식당 처음 봐요.,부정적,부정적,알 수 없음,부정적,알 수 없음
2021-12,치킨맛집,긍정적,긍정적,알 수 없음,알 수 없음,알 수 없음
2021-11,맛나요~,긍정적,긍정적,긍정적,알 수 없음,알 수 없음
2021-10,"정말 오랜만에 방문함
맛있는 집이었음
주인아줌마가 세상 싸가지 없어짐
반말 찍찍하고 서있다고 밀치고
주문한걸로 시비걸고
자리 많은데 왜 여기 앉냐고 시비걸고
최악의 아줌마가 되어버림
다시는 안갈듯
맥켄치킨 안녕
바이짜이찌엔",부정적,부정적,긍정적,부정적,알 수 없음
2021-10,"엄청 불친절함
집에 가려고 일어서서 외투 입는데 주인이 지나가면서 에이씨 하면서 밀치고 감

무 더 달라고 하니까 미리 말하지 왜 사람 왔다갔다 하게 만드냐고 화내고 (사람이 많아 시끄러워서 무 더 달라고 하려면 소리질러야 했는데 이게 맞는 건지)

맥주와 소주 달라고 하니까 무슨 소주 무슨 맥주!! 라면서 화냄

특정 선호하는 술이 없어서 그냥 술 시키면 보통 음식점에서는 이익이 있는 술을 가져다 주거나  물어보니까 그렇게 말한건데 반말로 화낼 일인지 모르겠음

3년 넘게 단골이었는데 다시는 안 갈듯",부정적,부정적,알 수 없음,부정적,알 수 없음
2021-07,"엄청 불친절함
쥐포 땅콩 골아서 쭈굴거려 돈이 아까움
치킨만 먹을만함 
 
양재역서 다른 선택이 있다면 이 치킨집을 비추함",부정적,부정적,긍정적,부정적,부정적
2021-05,고딩때부터 가던 집인데 아직도 변함없이 있네요 :) 가끔 생각나는 곳입니다,긍정적,긍정적,긍정적,긍정적,알 수 없음
2019-08,개맛잇음,긍정적,긍정적,긍정적,알 수 없음,알 수 없음
