Date,Review,sentiment,Sentiment2,맛,서비스,양
2024-07,완전 맛집이에요.,긍정적,긍정적,긍정적,알 수 없음,알 수 없음
2024-07,인생최대의꽃목살입니다ㅠ,긍정적,긍정적,긍정적,알 수 없음,알 수 없음
2024-04,"회식으로갔는데 맛잇었서옹!!
구워주셔서 더조아용",긍정적,긍정적,긍정적,긍정적,알 수 없음
2023-05,장소가 깔금해서 먹기 좋아요 직접 구워주셔서 편해요,긍정적,긍정적,알 수 없음,긍정적,알 수 없음
2023-03,고기에 밑간이 안되어 있어서 그런지 막 맛있다는 느낌은 못받음,부정적,부정적,부정적,알 수 없음,알 수 없음
2022-11,무례..,부정적,부정적,알 수 없음,부정적,알 수 없음
2022-09,존맛.. 구워줘서 더 존맛,긍정적,긍정적,긍정적,알 수 없음,알 수 없음
2022-07,고기가 정말 맛있네요. 고사리(?) 도 끝내주고 계속 먹게되는게 단점입니다.,긍정적,긍정적,긍정적,알 수 없음,부정적
2022-04,고기 완전 쫄깃 쫄깃 !! 맛있어요 !!:D,긍정적,긍정적,긍정적,알 수 없음,알 수 없음
