Date,Review,sentiment,Sentiment2,맛,서비스,양
2024-08,"메인 대구탕 등은 적당히 시원하니 맛있음. 

근데 강남구석탱이어도 너무 비쌈. 

반찬이 중국산 김치에 
공장식(?) 무말랭이랑 
이상한 나물. (시래기 된장무침?? 얘도 공장제품 인듯..? 맛 무!!)
마른김. 
콩나물무침. 

하나같이 맛이 너무너무 없음!!!!! 
”마른 생김“만 평타침. ㅋㅋㅋ

냉동 대구뽈탕 1.4만원인데 
너무 비쌈 ....

점심 피크에 강남인데 사람도 별 없음..
이때 딴데를 갔어야....

오뎅탕 메인이 있으니, 
오뎅반찬도 좀 만들오 내놓고 하면 되는데
밑반찬들이 너무 성의가 없고. 맛이 너무 없음. 
얘만 좀 신경써도 해장하러 또 오는 사람들 훨씬 늘듯.",부정적,부정적,부정적,부정적,부정적
2024-03,"뽈대구탕이 맛있었다
그렇지만 가격이 꽤 나간다
하지만 자주 접하기 어러운 음식이라
그만한 가치는 있는것 같다",긍정적,긍정적,긍정적,부정적,알 수 없음
2023-09,"넘 맛있고 시원해요~~~
일단 한번 잡숴봐~~~",긍정적,긍정적,긍정적,알 수 없음,알 수 없음
2023-04,"우연히 들어가서 먹어봤는데.....너무 좋았습니다.
회사 근처에 이런 곳이 있다니 자주 올거 같습니다.",긍정적,긍정적,긍정적,알 수 없음,알 수 없음
2022-09,먹어본 대구탕 중에 최고. 대구 많음 주의. 살짝 매움.,긍정적,긍정적,긍정적,알 수 없음,긍정적
2022-07,"냉동대구 인줄은  알았지만 
대구뽈찜은 진짜 아닌것 같아요
리뷰보고 방문했는데 ㅠㅠ",부정적,부정적,부정적,긍정적,알 수 없음
2022-05,국물을 뜨는 순간 눈이 뜨이는 대구탕. 농담 아니고 대구탕 먹고 맛있다고 생각한 건 처음입니다. 재방문의사 있습니다.,긍정적,긍정적,긍정적,알 수 없음,알 수 없음
2021-07,고민하지말고 어서가세오,긍정적,긍정적,알 수 없음,긍정적,알 수 없음
