Date,Review,sentiment,Sentiment2,맛,서비스,양
2023-07,"맛은 나쁘지 않은데
여기 사장님과 아줌마가 너무 스트레스임

이래라 저래라 잔소리와 싫은 소리를 많이함

레전드는
밑반찬 좀 더 달랬더니 부대찌개를 먹지 왜 자꾸 반찬을 먹냐는 소리와

더우니까 빨리 부대찌개 가스 좀 끄라는 잔소리였음.",부정적,부정적,긍정적,부정적,알 수 없음
2023-01,"강남역에서 부대찌개 13000원에 먹고 이게 맞나 싶었는데 블로그에 8000원짜리 부찌가 있길래 와봄. 그래도 몇십년 장사하셨다길래 짬바가 있겠지 하고 기대했는데 먹어보니 맛없음 ! ㅜㅜ
맛있게 매운게 아니라 그냥 고춧가루로 매운맛만 냄. 내용물도 부실하고 그냥 가격값 함.. ㅠ 8000원에 많은 걸 기대하기도 웃기고 밥에 라면사리까지 그냥 주시는 인심은 정말 좋은데 결정적으론 맛이 없어서 다시 오진 않을듯. 계란말이도 평범.",부정적,부정적,부정적,긍정적,부정적
2022-09,근처에서 부찌 생각나면 또올듯,긍정적,긍정적,긍정적,알 수 없음,알 수 없음
2021-05,"맛이 좋습니다.
가격 흘륭합니다.
주인어른 마음씨도 훌륭하십니다.",긍정적,긍정적,긍정적,긍정적,알 수 없음
2019-12,정말 별로...그나마 계란말이 때문이 1점줌,부정적,부정적,긍정적,부정적,알 수 없음
2018-07,"부대찌개 하면 생각나는 집
햄의 탱글함이 특히나 좋다
라면사리.치즈한장은 서비스",긍정적,긍정적,긍정적,긍정적,알 수 없음
