Date,Review,sentiment,Sentiment2,맛,서비스,양
2024-08,"얇은 불백 좋아해서 추천!! 
셀프바 있어서 귀찮지만 부담없어서 좋음. 

꼬기는 미쿡산임! 
젊은 남사장. 영혼은 없지만
친절하심 ㅎㅎ",긍정적,긍정적,긍정적,긍정적,알 수 없음
2023-06,양재주변 돼지불백 원탑입니다.,긍정적,긍정적,긍정적,알 수 없음,알 수 없음
2023-02,12시에 혼자 가니 1인은  나가라고함  아마 2시경  손님없으면 되나요?,부정적,부정적,알 수 없음,부정적,알 수 없음
2021-12,데려가는 사람들마다 맛있다고 좋아함,긍정적,긍정적,긍정적,알 수 없음,알 수 없음
2020-10,"등갈비김치찜, 더덕돼지불백 가격도 괜찮고 맛잇어요! 무엇보다 사장님께서 너무 친절하시고 인간미? 가 느껴져서 좋았습니다 ㅎㅎ",긍정적,긍정적,긍정적,긍정적,알 수 없음
2019-03,"가야는이유 : 젊은층 대상 돼지불백집
안가는이유 : 일단 파스타집 아님, 인테리어 외 매력적이지 않음, 맛은 기사식당에 한참 못미침",부정적,부정적,부정적,알 수 없음,부정적
2018-11,괜찮네요~ 지금은 돼지불백집~,긍정적,긍정적,긍정적,알 수 없음,알 수 없음
