Date,Review,sentiment,Sentiment2,맛,서비스,양
2024-04,"오늘의커피, 밀크티커피 마셨는데 맛있어요!!
근처에 올 일 있으면 또 방문할 거 같아욤
왕추천!!!!",긍정적,긍정적,긍정적,긍정적,알 수 없음
2024-01,메뉴도 다양하고 맛있고 사장님도 친절하셔서 좋아요!! 빼빼로 데이라고 직접 만드신 수제 빼빼로도 하나씩 선물해주셔서 감동~~^^ 자리가 협소해서 테이크아웃 추천!!!,긍정적,긍정적,긍정적,긍정적,알 수 없음
2022-11,메뉴 다양하고 맛있어요!ㅎㅎ,긍정적,긍정적,긍정적,알 수 없음,알 수 없음
2021-03,"사장님 너무 친절하시구 커피 진짜,,너무 맛있더라구요 원두 좋은거 쓰시는것같아요! 여유롭게 시간보내기 좋아요~~",긍정적,긍정적,긍정적,긍정적,알 수 없음
2021-01,치즈쿠키 대존맛,긍정적,긍정적,긍정적,알 수 없음,알 수 없음
