Date,Review,sentiment
2024-03,삼겹살 집인데 점심 일식 돈까스집으로 더 유명한 집이네요. 대체로 음식들이 다 맛있습니다!,긍정적
2024-01,돈가스가 정말 두툼하고 양도 많고 맛있습니다. 돈가스랑 같이 나오는 기본 구성도 괜찮고 음식도 빨리빨리 나오는 편! 다만 점심 시간에 너무 바쁘다보니 돈가스 메뉴를 잘 못 가져다 주셨어요ㅜㅜ 너무 바빠 보이셔서 그냥 먹었습니닷...,긍정적
2024-01,맛있게 잘먹었습니다 흥하세요~~,긍정적
2023-10,,알 수 없음
2023-07,무난무난 마싯서요 점심메뉴로 굳,긍정적
2023-04,숙성 잘 된 육즙 가득한 고기의 정석입니다. 고기 질도 좋고 부드럽고 고소해요. 돈까스의 튀김옷은 바삭하고 고기는 촉촉하고 두툼하니 너무 맛있습니다.,긍정적
2022-05,매장앞 주차 가능한데 만석이면 주차 불가) / 단체 식사 가능 / 직원들 친절ㅎㅎ 전 모듬가스 먹었는데 너무 맛있었어요! 글고 메뉴가 다양해서 선택지가 넓어요 다음에 또 방문할듯^^,긍정적
2022-02,맛있어요~~~,긍정적
2021-10,,알 수 없음
2021-07,직원분들 친절해요 . 웨이팅이 있지만 주문을 미리할수 있어서 자리에 앉으면 음식이 거의 바로 나왔고 양도 많았어요,긍정적
2021-07,돈까스 정식 최고 ㅠㅠㅠ,긍정적
2020-12,뱅뱅사거리에 맛있는 돈까스집 등장! 고기 아주 두껍고  맛있었어요. 다음에 또 들를 생각이에요~,긍정적
