Date,Review,sentiment
2024-10,"사장님에게 정말 안좋은 일이 있으신가 묻고 싶을 정도로 의문이였습니다. 반찬은 툭툭 던지시고 주문도 퉁명스럽게 받으시며, 서빙을 해주실 때에도 성의가 없으시네요. 
원래 그렇다면 어쩔 수 없지만요.
기분 좋게 갔지만 이렇게 아주 나쁘게 돌아간 건 처음이네요^^.",부정적
2024-09,"1시 마감이라고 적어놓고 술마시고 있는데 열두시반 마감이라고 내쫓습니다^^,,",부정적
2024-03,떡볶이 자극적이지 않으면서도 참 맛있네요 흔치 않은 맛집입니다 점심에도 포차같아서 분위기도 좋아요,긍정적
2024-02,"먹어본 떡볶이 중 제일 맛있어요.. 숙취 있었는데, 떡볶이에 콩나물 들어가서 딱 좋았습니다~ 재방문하고싶어요!",긍정적
2023-10,포차지만 떡볶이가 맛있는 맛술집,긍정적
2023-06,즉석떡볶이 맛집,긍정적
2023-04,배부른데 2차를 가고 싶다면 지우네 가서 새우깡 꼭 드세요 진짜루 후회 안함,긍정적
2023-03,가성비 좋은듯,긍정적
2022-12,"집 앞이라 지인들 놀러오면 무조건 데려가는 집
해산물모듬 메뉴가 히든찐메뉴
열 번도 더 방문했음! 분위기도 뭔가 학교 느낌나고
창가 앉으면 시원시원하게 바깥 풍경 볼 수 있어서 좋음
너무 소중한 내 최애 술집 중 한 곳ㅠㅠ번창하세요",긍정적
2022-01,"즉떡 맛있어요
볶음밥 대존맛
맛있는 한끼 하기 충분합니다",긍정적
2020-08,"별점 한개도 아까움
즉떡안되고 통닭도 안된다함 내돈내고먹으러가서 얻어먹는듯한 기분 느끼게하는 서비스
돈많으신분들 참소라시켜보세요
소라 좁쌀만한거 세개에 25,000원입니다
진짜 당황스러울만큼의 양임",부정적
2020-07,딱히 떡볶이가 맛있는지 모르겠고 서비스는 더 모르겠음,부정적
2020-06,"즉떡 주문했는데 순한맛, 반반, 매운맛에서 고를 수 있어 좋아요.
첨엔 양이 적어보였는데 밥까지 볶아드시면 배불러요.
담엔 다른 메뉴 도전해보고 싶네요.",긍정적
2020-06,맛있어여~즉떡은 제가 먹어 본 곳중에 세손가락안에 드는곳이에여~번창하시길~,긍정적
2019-11,1시좀넘어서 갓는데문닫혀있어요..,부정적
2019-11,,알 수 없음
2019-10,양 많고 잘 먹고 옴,긍정적
2019-03,맛있어요 콩나물 때문인지 시원 하네요,긍정적
2018-08,어메이징한 맛은 아니지만 혜자로운 즉석떡볶이 전체적으로 가격도 싸고 맛도 괜춘,긍정적
2017-10,,알 수 없음
