Date,Review,sentiment
2024-11,"오- 메뉴 정말 다양하고, 가성비 좋아요.
회사와 더 가까웠으면 자주 방문했을듯!!
라떼 괜찮아요.!",긍정적
2024-10,솔티드 밀크티 특색있고 맛있어요,긍정적
2024-08,"솔티드 밀크티 맛있어용

가게 완전 넓고 쾌적해요. 완전 밝은 화이트톤 인테리어예요.

벽쪽 테이블에 대부분 콘센트 있어서 노트북 하기 좋아요.",긍정적
2024-06,집 근처라 우연히 들어갔다 요즘은 자주 갑니다. 보통 개인이 하는 카페는 퀄리티가 별로라 기피 하는데 여기는 대충 만들지 않네요. 가격 대비 맛이 아주 좋아요.,긍정적
2024-05,방문한지 좀 오래되긴했는데 인테리어가 마음에 들었던게 기억이 난다. 엄청 밝은 분위기고 깔끔한 느낌. 커피맛은 대단히 맛있거나 그런건 모르겠는데 그래도 나쁘지않았고 매장에서 파는 굿즈들 사고싶었음 ㅋㅋ,긍정적
2024-03,"가게 내부 모던하고 깔끔해요 
조용한 편
보통 이런곳은 가격 비싸게 받던데
가격도 저렴한 편입니다 (차류 4천원대)
추천합니다",긍정적
2024-02,맛 분위기 직원 친절 최고임 강추,긍정적
2024-01,,알 수 없음
2024-01,평일오후 여자 알바생 너무 불친절해요 갈때마다..,부정적
2023-10,,알 수 없음
2023-09,아이스크림.존마탱...!,긍정적
2023-01,신메뉴도 그래도 시즌마다 런칭하는 것 같아서 좋아요👍🏻,긍정적
2023-01,에그타르트 넘 맛있어욧,긍정적
2022-10,"아침에 바쁘신건 알겠는데 타 저렴이 카페 이용안하고 나름 제돈 주고 사먹는 커피인데 아침에 정신없으시면 인원을 늘리시던지 스팀을 제대로 배우시던지...
급하게 메뉴만 내놓는 느낌이네요
라떼가 스팀을 한게 아니라 그냥 데운우유느낌이네요",부정적
2022-08,,알 수 없음
2022-05,,알 수 없음
2021-11,분위기  좋고  커피  맛 좋고  디저트도  짱...,긍정적
2021-09,"공간이 넓고 깨끗해서 좋았습니다. 인테리어도 편하고 예뻤어요.
커피맛도 나쁘지 않았습니다
크로플도 괜찮았는데 잘 못 구워진건지 좀 질기고 딱딱했도 식어있었습니다. 맛 자체는 괜찮았어요! 담에가면 휘낭시에나 스콘 시킬것 같네요
공간이 예뻐서 재방문할것같습니다",긍정적
2021-09,"가야는이유 : 기대이상의 시그니처 메뉴
안가는이유 : 가격은 브랜드에 준하는

파라노이드라떼,그레인쿠키 : 달기만한 할 것 같았지만 오틀리를 써서 고소함을 더한, 베이커리류는 평범하긴 하지만 사용된 초코칩은 상당히 진한, 오전시간대 미니빵 제공

구로점도 운영",긍정적
