Date,Review,sentiment
2024-11,맛을 표현하는 법도 응대하는 방법도 모두 오마카세라는 이름에 걸맞지않게 미숙하고 부족합니다.,부정적
2024-10,2023년 여름 방문. 복숭아가 들어간 디저트는 정말 혀가 즐거웠음. 그런데 나머지는… 너무나 평범하거나 섬세하지 못한 맛이었음. 특히 구움과자로 나온 마들렌.. 오래된 푸석함이 느껴져서 놀랐음. 맨 마지막 찻잔을 보면 알겠지만 이가 나간 식기를 손님한테 내어줌. 의도적으로 멋이라고 생각한건가? 정말 이해가 안됨. 가격이 저렴한 것도 아닌데… 공간도 협소하고 고급스런 분위기도 아니고 비슷한 가격대의 좋은 디저트 코스와 비교하면 많이 부족한 곳이었음.,부정적
2024-08,"디저트 먹으러 들어갔으나 들어가는 과정에서 입맛 잃게됨(건물 외관 및 문 열린채로 있어서 상태 빤히 보이는 남녀공용화장실…떠올리니까 또 입맛잃음) 예약안하고 들어갔는데 철저히 예약손님 위주로 운영되어 예약안한 손님은 불청객 취급받는 느낌이었음. 앞선 이유로 입맛잃어서 더우니 차가운거나 마시려고 일행과 8천원 상당 음료 두잔 주문함. 하지만 디저트 오마카세나 일품디저트 만드시느라 바쁘셔서…착석시간 50분밖에 없다고 미리 안내는 받았었지만 음료는 25분만에 나옴. 간단한 사과 한마디도 없었음. 와중에 구운과자만 사러 온 손님을 멀뚱히 쳐다보기만 하시던…그 손님 만족하셨는지 모르겠음. 20분만에 허겁지겁 드링킹하고 나오면서 서비스 측면에서는 아직 자리는 많이 못잡은 업장이라는게 느껴짐. 예약해야하는 오마카세가 괜찮다하니 흥미는 있지만 여러 정황을 다시 되짚어보면 재방문의사는 없음. 그래도 가시려는 분들은 반드시 예약하고 가는걸 추천.

원래 후기 별로 안남기는데 취급하는 품목들의 가격 대비 업장 환경 및 서비스가 너무 아쉬웠던 관계로 생각난 김에 주저리 써봤습니다. 나무의자에 니트 올이 다 뜯겨서 더 인상이 안좋았는지도 모르겠어요. 열심히 하시는거 같아서 안좋게 쓰는건 죄송하지만 손님에 대한 배려는 좀 깊게 가져가셨으면 좋겠습니다.",부정적
